gene,tissue,trait,zscore,pvalue,n_snps_model,n_snps_matched
AAMP,Nerve_Tibial,DR,-0.6511,0.5149561534432755,1,1
ABCD2,Nerve_Tibial,DR,2.6602,0.0078089409586642195,2,1
ABHD17C,Nerve_Tibial,DR,2.1189,0.03409911316140641,1,1
ABLIM2,Nerve_Tibial,DR,-0.2234,0.8231871770374789,2,1
AC025335.1,Nerve_Tibial,DR,-2.1251,0.033578143112146956,2,1
AC138969.4,Nerve_Tibial,DR,0.7627,0.44564462757921625,1,1
ACAT1,Nerve_Tibial,DR,0.8397,0.4010966451161421,2,1
ACD,Nerve_Tibial,DR,-1.193,0.2328835708128464,2,2
ACP2,Nerve_Tibial,DR,2.1561,0.03107619171346401,2,2
ACSL5,Nerve_Tibial,DR,-2.4911,0.012734352239050794,1,1
ADAM17,Nerve_Tibial,DR,-0.2552,0.7985576824172962,1,1
ADAM9,Nerve_Tibial,DR,-1.4255,0.15402578270565967,2,2
ADAP1,Nerve_Tibial,DR,1.1758,0.23966450672034476,4,4
ADGRE2,Nerve_Tibial,DR,1.1771,0.2391411940884956,4,4
AHCYL1,Nerve_Tibial,DR,-0.8794,0.3791706588315326,1,1
AIM1L,Nerve_Tibial,DR,2.8579,0.004264422435670484,1,1
AIMP1,Nerve_Tibial,DR,18.9422,5.122968915173396e-80,3,3
AKAP10,Nerve_Tibial,DR,-5.3846,7.260496743344932e-08,3,3
AL022344.7,Nerve_Tibial,DR,0.4857,0.6271709307382712,2,2
ALDH4A1,Nerve_Tibial,DR,1.1438,0.25269638148295764,2,1
ALKBH3,Nerve_Tibial,DR,0.596,0.5511843313222884,1,1
ALMS1,Nerve_Tibial,DR,27.4605,5.200176104918077e-166,3,2
ANKRD23,Nerve_Tibial,DR,-5.831,5.509796999609364e-09,1,1
ANKRD49,Nerve_Tibial,DR,-16.3423,4.9370923626840586e-60,1,1
AOC1,Nerve_Tibial,DR,-1.2307,0.2184483429381613,1,1
AP2A2,Nerve_Tibial,DR,3.6649,0.0002474053863171933,4,3
AP2M1,Nerve_Tibial,DR,1.4372,0.1506698173616032,1,1
APEH,Nerve_Tibial,DR,-3.5663,0.000362106775098029,2,1
ARHGAP31,Nerve_Tibial,DR,-0.8275,0.4079353368889764,1,1
ARHGEF10,Nerve_Tibial,DR,-14.0798,5.0563141759933146e-45,5,3
ARL4D,Nerve_Tibial,DR,1.2313,0.21820395664606052,2,2
ARMC1,Nerve_Tibial,DR,-1.0327,0.3017620357701851,2,2
ARPIN,Nerve_Tibial,DR,-1.8682,0.06173144392327535,3,3
ARSK,Nerve_Tibial,DR,-1.6983,0.0894526776032989,2,2
ASAH2B,Nerve_Tibial,DR,-5.1158,3.1247478746356466e-07,3,3
ASB1,Nerve_Tibial,DR,1.3536,0.17587196654642356,2,2
AZI2,Nerve_Tibial,DR,-0.1058,0.9157416925067056,2,2
BAG5,Nerve_Tibial,DR,4.7552,1.982096095661722e-06,1,1
BAIAP2L2,Nerve_Tibial,DR,-0.6047,0.5453928536885333,3,1
BANF1,Nerve_Tibial,DR,-1.918,0.05510489653874417,3,3
BBS2,Nerve_Tibial,DR,-3.163,0.001561275681418888,3,3
BCAP29,Nerve_Tibial,DR,1.5401,0.12353262995122535,3,2
BCAS2,Nerve_Tibial,DR,6.9412,3.886573573481516e-12,1,1
BDP1,Nerve_Tibial,DR,3.0676,0.0021579019525082427,3,3
BEND5,Nerve_Tibial,DR,5.9484,2.707363220990778e-09,1,1
BPI,Nerve_Tibial,DR,-0.0635,0.9493704865840287,3,2
BRIP1,Nerve_Tibial,DR,3.0633,0.0021892043798804792,3,3
BTBD19,Nerve_Tibial,DR,3.1539,0.0016108959315706173,1,1
C12ORF49,Nerve_Tibial,DR,-3.7257,0.00019480740442945558,2,1
C19ORF18,Nerve_Tibial,DR,-3.8962,9.772851095651848e-05,3,2
C1ORF123,Nerve_Tibial,DR,-1.6163,0.10603966451488132,2,1
C2CD2,Nerve_Tibial,DR,-1.2,0.23012248552283765,3,2
C2ORF69,Nerve_Tibial,DR,0.0422,0.9663685381975877,1,1
C3ORF20,Nerve_Tibial,DR,-3.4475,0.0005657039246675906,1,1
C3ORF38,Nerve_Tibial,DR,5.0635,4.1171502712007454e-07,1,1
C4ORF32,Nerve_Tibial,DR,-3.159,0.0015829068822508544,1,1
C5ORF15,Nerve_Tibial,DR,-3.5402,0.000399810116431451,2,1
CA11,Nerve_Tibial,DR,-0.0517,0.95876693679367,2,2
CA8,Nerve_Tibial,DR,-1.9103,0.05609237550222428,2,2
CACUL1,Nerve_Tibial,DR,-0.7377,0.46072456775956666,3,2
CAPZA2,Nerve_Tibial,DR,-1.4366,0.15084586521711688,2,2
CARM1,Nerve_Tibial,DR,-3.0034,0.0026699165214267473,2,2
CASC4,Nerve_Tibial,DR,3.8901,0.00010019722950916459,1,1
CBX1,Nerve_Tibial,DR,9.1582,5.27755904491214e-20,2,2
CBX6,Nerve_Tibial,DR,2.1974,0.027995213945445543,2,2
CCDC6,Nerve_Tibial,DR,5.3665,8.027965780625838e-08,1,1
CCDC80,Nerve_Tibial,DR,-6.0793,1.2071176162640212e-09,2,2
CCL4,Nerve_Tibial,DR,2.9359,0.0033258251542017444,1,1
CD5,Nerve_Tibial,DR,2.527,0.01150292583045706,1,1
CD72,Nerve_Tibial,DR,-0.4331,0.6649567019272442,1,1
CDC37L1-AS1,Nerve_Tibial,DR,5.5701,2.5452890355924192e-08,2,2
CDC42,Nerve_Tibial,DR,5.8788,4.13373629087347e-09,2,1
CDC7,Nerve_Tibial,DR,-1.4629,0.1434828589242558,2,2
CDH13,Nerve_Tibial,DR,2.6693,0.007600543866902278,1,1
CDHR1,Nerve_Tibial,DR,-0.9952,0.31965008540365547,2,2
CDK11B,Nerve_Tibial,DR,-9.2739,1.7938494177706788e-20,2,1
CDS1,Nerve_Tibial,DR,-6.766,1.3235113089462788e-11,2,1
CES3,Nerve_Tibial,DR,1.9405,0.052315662827211146,1,1
CFDP1,Nerve_Tibial,DR,-1.4248,0.15421422540733637,3,2
CHML,Nerve_Tibial,DR,-0.4418,0.6586666069148748,3,2
CHMP2A,Nerve_Tibial,DR,-4.3985,1.0897790200080807e-05,2,2
CHRNE,Nerve_Tibial,DR,0.5931,0.5531074065459782,2,2
CISD3,Nerve_Tibial,DR,-0.4202,0.6743648639152257,2,2
CITED2,Nerve_Tibial,DR,6.4187,1.3746302853038772e-10,1,1
CLEC10A,Nerve_Tibial,DR,2.4558,0.014057936636003587,1,1
CLEC2D,Nerve_Tibial,DR,7.0602,1.6624404401432657e-12,5,5
CLECL1,Nerve_Tibial,DR,-13.6675,1.5872750409500332e-42,2,1
CLIP4,Nerve_Tibial,DR,-3.4209,0.0006241648685510481,1,1
CLN3,Nerve_Tibial,DR,-1.0809,0.2797322002662111,1,1
COL6A2,Nerve_Tibial,DR,-27.2603,1.2545241623815473e-163,4,4
COL7A1,Nerve_Tibial,DR,-0.4058,0.6849234320174805,1,1
CPNE3,Nerve_Tibial,DR,-1.1208,0.2623814601182713,3,2
CPSF2,Nerve_Tibial,DR,1.603,0.10893699342748639,3,2
CRACR2B,Nerve_Tibial,DR,1.1613,0.24550956892155892,3,2
CRYGS,Nerve_Tibial,DR,-30.064,1.4346573957498418e-198,3,3
CTBS,Nerve_Tibial,DR,-7.9578,1.7519469123212263e-15,3,3
CTD-2081C10.7,Nerve_Tibial,DR,0.8297,0.4066950550049864,1,1
CTD-3116E22.8,Nerve_Tibial,DR,3.0021,0.0026816553805481796,2,2
CYB5R3,Nerve_Tibial,DR,-2.8049,0.005032687527591012,4,3
DAPP1,Nerve_Tibial,DR,0.3963,0.6919177085341832,2,2
DBF4B,Nerve_Tibial,DR,2.6561,0.007904946879569412,3,3
DCTD,Nerve_Tibial,DR,-3.2337,0.0012217866832617463,4,3
DCTN5,Nerve_Tibial,DR,2.9102,0.0036114639826857822,3,2
DDHD1,Nerve_Tibial,DR,4.5686,4.9103429581657665e-06,2,2
DDIAS,Nerve_Tibial,DR,-3.1759,0.0014938669041755267,2,2
DEGS2,Nerve_Tibial,DR,0.647,0.5176417008194698,2,1
DENND5A,Nerve_Tibial,DR,0.0737,0.9412458047245941,1,1
DMXL1,Nerve_Tibial,DR,8.0265,1.0028659075419992e-15,2,1
DNAJC15,Nerve_Tibial,DR,1.2217,0.2218261157558769,1,1
DNAJC9,Nerve_Tibial,DR,-8.7129,2.960802023760669e-18,1,1
DNAL4,Nerve_Tibial,DR,-8.9047,5.350778887321539e-19,3,2
DZIP1L,Nerve_Tibial,DR,-0.8961,0.37020778170009694,4,3
EBLN2,Nerve_Tibial,DR,0.1112,0.9114376353221727,1,1
ECHDC3,Nerve_Tibial,DR,0.9218,0.3566156866068911,5,5
EEPD1,Nerve_Tibial,DR,-2.4229,0.01539883338985561,2,1
EHMT1,Nerve_Tibial,DR,4.8055,1.5434359931467873e-06,1,1
EMC2,Nerve_Tibial,DR,1.5868,0.11256568164751704,2,2
EMG1,Nerve_Tibial,DR,27.5525,4.127699642202186e-167,2,2
EPB41L4A-AS1,Nerve_Tibial,DR,-0.4873,0.6260281646247468,1,1
EPG5,Nerve_Tibial,DR,3.0232,0.002501221515171615,1,1
EPOP,Nerve_Tibial,DR,-0.8421,0.3997232931125685,2,2
EPS8,Nerve_Tibial,DR,2.532,0.011341603821402067,1,1
EXOSC8,Nerve_Tibial,DR,-11.1797,5.125545204721798e-29,1,1
FADS3,Nerve_Tibial,DR,1.0952,0.27340948623293426,5,5
FAM117B,Nerve_Tibial,DR,-1.5756,0.11511048815726999,1,1
FAM122A,Nerve_Tibial,DR,7.5246,5.2869621528286805e-14,1,1
FAM124A,Nerve_Tibial,DR,1.4356,0.15112369000524808,2,2
FAM167A,Nerve_Tibial,DR,4.0087,6.104991165214663e-05,5,3
FAM20B,Nerve_Tibial,DR,-1.5913,0.1115458981978626,3,3
FAM210A,Nerve_Tibial,DR,-1.752,0.07978055400592293,3,3
FAM213A,Nerve_Tibial,DR,-4.741,2.1266867492481116e-06,2,2
FAM24B,Nerve_Tibial,DR,2.6097,0.009063167033088437,1,1
FAXDC2,Nerve_Tibial,DR,-9.1674,4.845633731177724e-20,2,1
FCF1,Nerve_Tibial,DR,4.0674,4.7548544576736285e-05,2,1
FCHO2,Nerve_Tibial,DR,2.1617,0.030644772026037857,3,3
FGD3,Nerve_Tibial,DR,4.8882,1.0176549400982931e-06,2,2
FGF11,Nerve_Tibial,DR,5.8273,5.631705253147345e-09,2,2
FGFR4,Nerve_Tibial,DR,-1.072,0.2837141588048458,2,2
FIG4,Nerve_Tibial,DR,1.7792,0.07520463621641287,2,2
FKBP9,Nerve_Tibial,DR,-0.0966,0.9230384345593321,2,1
FRA10AC1,Nerve_Tibial,DR,5.097,3.4502774304509734e-07,8,7
FUT11,Nerve_Tibial,DR,0.2107,0.8331560899439949,2,2
GGACT,Nerve_Tibial,DR,-2.8871,0.003887641355768272,2,1
GID8,Nerve_Tibial,DR,0.1709,0.8643023516763152,3,3
GK5,Nerve_Tibial,DR,1.6759,0.09376126886450593,3,3
GMCL1,Nerve_Tibial,DR,1.732,0.08327801214671626,1,1
GNPDA1,Nerve_Tibial,DR,-2.9127,0.0035828228134930085,3,3
GOLGA5,Nerve_Tibial,DR,-0.4282,0.6685216461558952,1,1
GOLGA7B,Nerve_Tibial,DR,1.9545,0.05063681155319679,1,1
GPR137,Nerve_Tibial,DR,-5.3246,1.0116068807633422e-07,1,1
GPR20,Nerve_Tibial,DR,-1.0833,0.2786789615467279,2,1
GPR4,Nerve_Tibial,DR,-0.5249,0.5996215944683245,1,1
GRAMD1C,Nerve_Tibial,DR,1.239,0.21534344492936228,2,2
GRAMD3,Nerve_Tibial,DR,1.8594,0.0629684861510927,2,1
GSTA1,Nerve_Tibial,DR,1.6227,0.1046606335298264,2,2
GSTM3,Nerve_Tibial,DR,-11.5542,7.03387186566205e-31,6,5
GTF2E1,Nerve_Tibial,DR,-0.7722,0.44001394033048885,1,1
GTPBP1,Nerve_Tibial,DR,-42.7391,0.0,2,2
GYPC,Nerve_Tibial,DR,-0.7212,0.4707681995071517,3,2
HACD2,Nerve_Tibial,DR,-11.9689,5.1738606140613296e-33,2,2
HEMK1,Nerve_Tibial,DR,-33.19,1.4998765942105453e-241,2,2
HERPUD2,Nerve_Tibial,DR,-1.1925,0.23306888402497605,1,1
HIF3A,Nerve_Tibial,DR,1.1518,0.24939383721768438,3,3
HINT2,Nerve_Tibial,DR,-4.4003,1.080787515068345e-05,1,1
HIP1R,Nerve_Tibial,DR,-0.2247,0.8221886564908699,2,2
HIST1H2BN,Nerve_Tibial,DR,-149.7975,0.0,2,2
HK2,Nerve_Tibial,DR,-0.9645,0.33479414783207156,3,2
HMGCL,Nerve_Tibial,DR,-1.298,0.19427172606011348,1,1
HOXB4,Nerve_Tibial,DR,-0.4985,0.6181666302898292,2,1
HPCAL1,Nerve_Tibial,DR,-1.6525,0.09843425045482314,4,4
HS1BP3,Nerve_Tibial,DR,1.9576,0.05027445412023377,2,2
HS3ST3A1,Nerve_Tibial,DR,-2.6049,0.00918910917009806,2,2
HSD17B6,Nerve_Tibial,DR,4.3153,1.5938591617180232e-05,1,1
IDH2,Nerve_Tibial,DR,2.0867,0.03691656302090033,3,3
IFT122,Nerve_Tibial,DR,-0.4053,0.6852672488888913,2,1
IL11RA,Nerve_Tibial,DR,-7.8269,4.998767332085004e-15,1,1
IL15,Nerve_Tibial,DR,-0.4804,0.6309656621920264,2,2
IL18R1,Nerve_Tibial,DR,-0.4075,0.6836360884107642,2,2
ILK,Nerve_Tibial,DR,0.9879,0.32320370715036334,2,1
IQGAP2,Nerve_Tibial,DR,2.6484,0.008088265672593544,2,2
IQSEC3,Nerve_Tibial,DR,0.9595,0.3372999849583953,2,2
IRAK1BP1,Nerve_Tibial,DR,0.1184,0.9057162267433356,2,2
ITGAD,Nerve_Tibial,DR,1.8302,0.06722732799943983,3,3
ITPRIPL1,Nerve_Tibial,DR,2.5824,0.009811803234539968,2,2
JMJD4,Nerve_Tibial,DR,2.0855,0.03702677061133398,2,2
KATNBL1,Nerve_Tibial,DR,-2.1366,0.03263339012819771,2,2
KBTBD11,Nerve_Tibial,DR,0.4669,0.6405530355973112,4,3
KCNK17,Nerve_Tibial,DR,4.8402,1.2969428608398258e-06,2,2
KCNQ5,Nerve_Tibial,DR,-1.1818,0.23726579779169243,2,1
KDM5B,Nerve_Tibial,DR,-2.0421,0.041138451482101566,2,1
KIF13A,Nerve_Tibial,DR,-1.3591,0.17410118655886006,2,2
KIF18A,Nerve_Tibial,DR,3.9096,9.246583802335277e-05,1,1
KIF23,Nerve_Tibial,DR,-1.0767,0.2816189593116754,2,1
KIFC1,Nerve_Tibial,DR,-3.2866,0.0010140744332469023,1,1
KLHL40,Nerve_Tibial,DR,3.3864,0.0007080569939174557,1,1
LANCL1,Nerve_Tibial,DR,-1.9817,0.04751545045674266,2,2
LAPTM4A,Nerve_Tibial,DR,-0.3516,0.7251119425587067,2,2
LCN8,Nerve_Tibial,DR,1.2226,0.22149738067502045,3,3
LEPROT,Nerve_Tibial,DR,-2.7685,0.005631423874584938,2,1
LIN37,Nerve_Tibial,DR,4.5302,5.893289976936303e-06,1,1
LIN7A,Nerve_Tibial,DR,-0.5568,0.5776806056819728,1,1
LINC00324,Nerve_Tibial,DR,-2.993,0.0027621826940023553,1,1
LINC00662,Nerve_Tibial,DR,3.9416,8.093117440398088e-05,3,3
LINC00865,Nerve_Tibial,DR,-1.8559,0.06346642395952971,1,1
LINC00937,Nerve_Tibial,DR,-348.0202,0.0,4,2
LINC00954,Nerve_Tibial,DR,-0.8195,0.4124892382447838,2,2
LINC01291,Nerve_Tibial,DR,1.0304,0.30283140760171073,1,1
LINC01597,Nerve_Tibial,DR,3.0593,0.0022188018054286047,2,2
LINC01644,Nerve_Tibial,DR,-4.1249,3.708679687540245e-05,1,1
LINC01970,Nerve_Tibial,DR,-2.2763,0.02282983912884688,1,1
LINC02062,Nerve_Tibial,DR,0.5236,0.6005534439163853,1,1
LPCAT3,Nerve_Tibial,DR,18.6308,1.808349399614003e-77,1,1
LPCAT4,Nerve_Tibial,DR,-0.609,0.5425321804873431,2,2
LRIG2,Nerve_Tibial,DR,2.011,0.04432345911771846,1,1
LRRC23,Nerve_Tibial,DR,2.3517,0.018686169842402227,2,2
MAP3K10,Nerve_Tibial,DR,-0.4265,0.6697247688056535,1,1
MAP3K14,Nerve_Tibial,DR,-0.5121,0.6085795549953377,1,1
MAP4,Nerve_Tibial,DR,5.3572,8.45154005712929e-08,1,1
MCM8,Nerve_Tibial,DR,4.3458,1.3877688956362646e-05,2,2
ME2,Nerve_Tibial,DR,0.8248,0.40948004732709076,4,4
MED17,Nerve_Tibial,DR,-5.8668,4.442886184481251e-09,3,3
MED22,Nerve_Tibial,DR,1.0313,0.30241380876360346,2,1
MFSD3,Nerve_Tibial,DR,-3.0967,0.0019571208504922145,2,2
MFSD5,Nerve_Tibial,DR,-1.541,0.12330485677189289,3,2
MIA3,Nerve_Tibial,DR,8.7593,1.964767298685118e-18,3,3
MICAL2,Nerve_Tibial,DR,-1.6891,0.09119896239409372,1,1
MIR3945HG,Nerve_Tibial,DR,0.6789,0.49722396579013045,2,2
MPHOSPH9,Nerve_Tibial,DR,-0.0033,0.9973956181044552,3,2
MRAS,Nerve_Tibial,DR,8.3313,7.999028309950935e-17,3,3
MSANTD2,Nerve_Tibial,DR,3.0281,0.0024608881023612684,2,2
MT1E,Nerve_Tibial,DR,-0.3436,0.7311244284502584,1,1
MTDH,Nerve_Tibial,DR,9.0563,1.3494038199798948e-19,1,1
MTG2,Nerve_Tibial,DR,-2.2332,0.025533559259217294,4,2
MTHFS,Nerve_Tibial,DR,-0.2075,0.8355817110441867,4,3
MTPAP,Nerve_Tibial,DR,-1.9173,0.05520316257744408,1,1
MTSS1,Nerve_Tibial,DR,-1.144,0.25261785481123655,2,2
MVB12A,Nerve_Tibial,DR,-0.1566,0.8755660922860247,3,3
MXD4,Nerve_Tibial,DR,-5.7621,8.30869182029056e-09,2,2
MYCT1,Nerve_Tibial,DR,-0.4,0.6891590746341067,2,2
MYL5,Nerve_Tibial,DR,-92.9856,0.0,3,3
NAALAD2,Nerve_Tibial,DR,-0.7484,0.4542262466113117,5,2
NAPEPLD,Nerve_Tibial,DR,0.9692,0.33245986623042567,2,2
NCOA7,Nerve_Tibial,DR,-4.3052,1.6685877296006718e-05,1,1
NEK1,Nerve_Tibial,DR,-0.0547,0.9563736163555839,2,2
NFIX,Nerve_Tibial,DR,24.59,1.6156046876366208e-133,1,1
NFYB,Nerve_Tibial,DR,0.3548,0.7227418326024377,1,1
NIPAL2,Nerve_Tibial,DR,2.3977,0.01649861193212792,2,2
NRBP2,Nerve_Tibial,DR,1.2602,0.20760470275709766,1,1
NSMCE1,Nerve_Tibial,DR,-3.0112,0.0026018731174897555,2,2
NSUN5,Nerve_Tibial,DR,0.8475,0.3967003795313782,2,1
NUBPL,Nerve_Tibial,DR,-0.9843,0.32494981846124193,1,1
NUDT14,Nerve_Tibial,DR,0.2267,0.8206887523343871,5,4
NUP107,Nerve_Tibial,DR,0.9254,0.3547358265704793,4,4
OAF,Nerve_Tibial,DR,-1.3016,0.19306980155759326,4,4
ODF2L,Nerve_Tibial,DR,1.6079,0.10786445921672197,3,3
OIP5,Nerve_Tibial,DR,2.3843,0.017111389923533785,1,1
OLA1,Nerve_Tibial,DR,-2.6701,0.007583313394270707,1,1
OLFM1,Nerve_Tibial,DR,0.6554,0.5122318419167231,2,1
OR2W3,Nerve_Tibial,DR,-0.0191,0.9847977455306004,3,2
OSBPL6,Nerve_Tibial,DR,39.3806,0.0,3,3
OTUB1,Nerve_Tibial,DR,3.4873,0.00048789352842939197,2,2
OXT,Nerve_Tibial,DR,-0.0353,0.9718699529856315,1,1
PCDH1,Nerve_Tibial,DR,-0.1425,0.8866679312053978,1,1
PCP4L1,Nerve_Tibial,DR,6.8202,9.08832070836541e-12,1,1
PDAP1,Nerve_Tibial,DR,-7.6895,1.477008965164993e-14,1,1
PDCD2,Nerve_Tibial,DR,-0.1043,0.9169567428676488,1,1
PEX11A,Nerve_Tibial,DR,-5.4892,4.0384251866144846e-08,2,1
PHC1,Nerve_Tibial,DR,-332.9531,0.0,3,3
PHYKPL,Nerve_Tibial,DR,2.319,0.02039650843249021,5,4
PIGP,Nerve_Tibial,DR,-2.4376,0.01478518808753516,4,4
PIGU,Nerve_Tibial,DR,-0.9185,0.3583503975262685,2,2
PIGW,Nerve_Tibial,DR,14.1913,1.0367402353278759e-45,3,2
PIK3R4,Nerve_Tibial,DR,-4.2595,2.0484968610732856e-05,2,2
PIKFYVE,Nerve_Tibial,DR,0.4074,0.683683467445946,2,1
PIP5K1A,Nerve_Tibial,DR,-5.2998,1.1592742418869998e-07,2,2
PKIG,Nerve_Tibial,DR,-0.4311,0.6663997831740451,1,1
PLCD1,Nerve_Tibial,DR,6.9062,4.97942495908561e-12,1,1
PLEKHD1,Nerve_Tibial,DR,0.9168,0.35922691910213306,1,1
PLLP,Nerve_Tibial,DR,3.6222,0.0002921043991077239,2,2
POU6F1,Nerve_Tibial,DR,4.3135,1.6072169366220895e-05,2,2
PP2D1,Nerve_Tibial,DR,1.6488,0.0991935786926391,1,1
PPAN,Nerve_Tibial,DR,4.0071,6.14759627954864e-05,2,1
PPTC7,Nerve_Tibial,DR,-9.789,1.2557304900567933e-22,1,1
PPWD1,Nerve_Tibial,DR,-1.5378,0.12410860704461969,2,2
PRKACA,Nerve_Tibial,DR,-10.9195,9.297050336116002e-28,1,1
PRKAR2B,Nerve_Tibial,DR,2.8117,0.004928127575747951,1,1
PRKCZ,Nerve_Tibial,DR,-3.0187,0.002538417022533851,1,1
PRSS53,Nerve_Tibial,DR,3.8477,0.00011921354469588525,2,2
PSEN1,Nerve_Tibial,DR,-5.3548,8.564473206148892e-08,1,1
PSMB7,Nerve_Tibial,DR,-0.028,0.9776995894375292,1,1
PSMD4,Nerve_Tibial,DR,-0.6274,0.5304154968064139,3,2
PTBP3,Nerve_Tibial,DR,-0.6116,0.5408056817926503,1,1
PTGDR,Nerve_Tibial,DR,-0.4275,0.6689953859508345,1,1
PTGR1,Nerve_Tibial,DR,0.0455,0.9637334049876,5,4
PVRIG,Nerve_Tibial,DR,-3.3737,0.000741695341699843,2,1
RAB17,Nerve_Tibial,DR,1.3899,0.16455779011975624,2,2
RAB5B,Nerve_Tibial,DR,-11.9103,1.0461337696772847e-32,1,1
RACK1,Nerve_Tibial,DR,-1.8496,0.06437468004406491,3,2
RANBP2,Nerve_Tibial,DR,3.0811,0.0020623295984967165,2,2
RARB,Nerve_Tibial,DR,5.4251,5.793763650639511e-08,1,1
RBFA,Nerve_Tibial,DR,2.1896,0.0285533389027564,2,2
RBM42,Nerve_Tibial,DR,-24.2896,2.5276754893208537e-130,1,1
REEP3,Nerve_Tibial,DR,-6.0156,1.7919047197465458e-09,2,1
RHBDF1,Nerve_Tibial,DR,-1.964,0.04953315359865492,3,3
RHNO1,Nerve_Tibial,DR,-0.5343,0.5931174936265641,1,1
RNASEK,Nerve_Tibial,DR,-3.2241,0.0012637521575445437,2,2
RNF115,Nerve_Tibial,DR,-3.429,0.0006058589771989891,3,3
RNF122,Nerve_Tibial,DR,-1.3698,0.17074798243226352,1,1
RNF146,Nerve_Tibial,DR,1.7426,0.08141073220040408,1,1
RNF25,Nerve_Tibial,DR,-18.2691,1.458401766506981e-74,1,1
RNF44,Nerve_Tibial,DR,-8.7356,2.424244338077724e-18,1,1
ROCK2,Nerve_Tibial,DR,3.6155,0.00029971237579793383,2,2
RP11-110I1.14,Nerve_Tibial,DR,7.0286,2.0856208378011384e-12,2,1
RP11-121M22.1,Nerve_Tibial,DR,-1.0272,0.3043382333634359,1,1
RP11-182L21.6,Nerve_Tibial,DR,1.8863,0.05925649457503335,2,1
RP11-286N22.8,Nerve_Tibial,DR,-6.4299,1.2771773170791765e-10,2,2
RP11-370I10.12,Nerve_Tibial,DR,2.3622,0.018168600721055746,2,1
RP11-441O15.3,Nerve_Tibial,DR,-0.1258,0.8998682182999961,3,3
RP11-455O6.9,Nerve_Tibial,DR,-4.5296,5.908365082870688e-06,1,1
RP11-506M13.3,Nerve_Tibial,DR,3.7417,0.00018277801573526683,3,3
RP11-517P14.2,Nerve_Tibial,DR,2.4905,0.012754940873293666,2,2
RP11-53O19.3,Nerve_Tibial,DR,0.9736,0.3302782623208531,2,2
RP11-676J12.4,Nerve_Tibial,DR,0.0739,0.9410550911876309,2,2
RP11-722E23.2,Nerve_Tibial,DR,1.0799,0.2801783672099417,1,1
RP11-791G15.2,Nerve_Tibial,DR,-0.6197,0.5354681538437085,2,1
RP11-849H4.2,Nerve_Tibial,DR,2.7789,0.005453937091734838,1,1
RP3-460G2.2,Nerve_Tibial,DR,-2.2836,0.02239704923023828,4,3
RP4-761J14.10,Nerve_Tibial,DR,-0.8462,0.39743596006086734,2,2
RPGRIP1,Nerve_Tibial,DR,30.2304,9.45691664599758e-201,2,1
RRP12,Nerve_Tibial,DR,5.8682,4.405177325266729e-09,1,1
RRP8,Nerve_Tibial,DR,-2.3215,0.020258823984658277,3,3
RSPH4A,Nerve_Tibial,DR,5.8339,5.4134431120934095e-09,1,1
RTP5,Nerve_Tibial,DR,3.9427,8.058326403662947e-05,2,1
RUVBL1,Nerve_Tibial,DR,-2.0495,0.04041284315887468,1,1
S100A4,Nerve_Tibial,DR,-9.4905,2.298587851491484e-21,2,2
SAFB2,Nerve_Tibial,DR,-23.8031,3.1049985343707005e-125,1,1
SAMD12,Nerve_Tibial,DR,-9.9711,2.0390701727215375e-23,2,2
SAMHD1,Nerve_Tibial,DR,4.2319,2.317574273439143e-05,1,1
SAP25,Nerve_Tibial,DR,-2.0329,0.04205970992628392,4,4
SCAF11,Nerve_Tibial,DR,1.6596,0.09700364648653122,1,1
SCIMP,Nerve_Tibial,DR,0.5689,0.5694246600554804,2,2
SCN4A,Nerve_Tibial,DR,0.1586,0.8739670933042522,1,1
SCN8A,Nerve_Tibial,DR,-1.0691,0.2850054094238157,1,1
SCUBE3,Nerve_Tibial,DR,-2.8804,0.003971415071278189,1,1
SCYL2,Nerve_Tibial,DR,-10.5304,6.254008297413458e-26,3,3
SDCCAG3,Nerve_Tibial,DR,-5.6098,2.025058990470674e-08,1,1
SEC14L4,Nerve_Tibial,DR,-1.0107,0.3121688154230557,2,2
SEC16A,Nerve_Tibial,DR,-5.6814,1.3362891227075243e-08,4,4
SEC24D,Nerve_Tibial,DR,-7.1577,8.201292585083566e-13,2,2
SELP,Nerve_Tibial,DR,-0.4894,0.6245903021243705,1,1
SEPT10,Nerve_Tibial,DR,3.5536,0.0003799882593563882,1,1
SERPINH1,Nerve_Tibial,DR,-14.5157,9.642305819362598e-48,2,2
SETMAR,Nerve_Tibial,DR,-3.0792,0.0020752288615775603,2,1
SF1,Nerve_Tibial,DR,-1.4494,0.14723217579430548,2,1
SFXN1,Nerve_Tibial,DR,-2.872,0.0040788209393573865,1,1
SGCA,Nerve_Tibial,DR,0.8594,0.3900982262699823,4,4
SGF29,Nerve_Tibial,DR,-7.0518,1.7662420657837626e-12,2,2
SH2D1B,Nerve_Tibial,DR,-2.4343,0.014919361383754557,1,1
SH3YL1,Nerve_Tibial,DR,-1.2171,0.2235526071458861,3,3
SHARPIN,Nerve_Tibial,DR,9.5885,8.941178134482926e-22,1,1
SIGLEC12,Nerve_Tibial,DR,-0.642,0.5208837619815896,2,1
SIGLEC5,Nerve_Tibial,DR,1.4538,0.14600598354320155,4,4
SIPA1L2,Nerve_Tibial,DR,1.2108,0.2259890842813174,1,1
SIT1,Nerve_Tibial,DR,2.7489,0.005980359267592123,1,1
SKAP1,Nerve_Tibial,DR,2.9227,0.003470426231368237,3,3
SLA,Nerve_Tibial,DR,12.5053,6.982415828156995e-36,3,3
SLN,Nerve_Tibial,DR,-5.6991,1.2042656441917153e-08,2,2
SMKR1,Nerve_Tibial,DR,-5.2896,1.2255945522831743e-07,2,2
SMNDC1,Nerve_Tibial,DR,0.7503,0.4530491108638455,1,1
SMO,Nerve_Tibial,DR,1.6563,0.09765882821632378,1,1
SMYD5,Nerve_Tibial,DR,2.8962,0.003777685030119819,2,2
SNAPC3,Nerve_Tibial,DR,-0.1395,0.8890437547790992,1,1
SQLE,Nerve_Tibial,DR,2.8956,0.0037838302732233664,2,2
SRSF3,Nerve_Tibial,DR,-1.043,0.2969291125461318,1,1
SSR2,Nerve_Tibial,DR,-12.1724,4.3618399733480845e-34,2,1
ST6GALNAC6,Nerve_Tibial,DR,-0.195,0.8454252167234665,1,1
ST7L,Nerve_Tibial,DR,0.0114,0.990919680881688,1,1
STARD4,Nerve_Tibial,DR,0.2659,0.790329092519595,1,1
STAT5B,Nerve_Tibial,DR,-32.4507,5.289581986441004e-231,2,2
STK25,Nerve_Tibial,DR,-0.6945,0.4873605176132949,1,1
STOML1,Nerve_Tibial,DR,0.6205,0.5349305566853487,1,1
STOX1,Nerve_Tibial,DR,4.9898,6.044303667442628e-07,1,1
SYNGR1,Nerve_Tibial,DR,1.5359,0.12455425355665846,2,2
SYPL2,Nerve_Tibial,DR,-5.5762,2.4582851055492276e-08,2,2
SYT1,Nerve_Tibial,DR,-2.8592,0.004246883171627421,1,1
SYTL2,Nerve_Tibial,DR,-2.4757,0.013297758280682245,3,2
TAGLN2,Nerve_Tibial,DR,3.8937,9.870886250811462e-05,3,2
TBC1D32,Nerve_Tibial,DR,-0.1201,0.9043862315012127,3,2
TBC1D9,Nerve_Tibial,DR,-1.1325,0.2574171100288986,2,2
TBCC,Nerve_Tibial,DR,10.0989,5.584823736771341e-24,1,1
TCOF1,Nerve_Tibial,DR,0.0203,0.9838417266440928,1,1
TDRD3,Nerve_Tibial,DR,-1.0087,0.3131309457013473,2,1
TFF3,Nerve_Tibial,DR,3.7085,0.00020849825322061583,1,1
TIGD1,Nerve_Tibial,DR,-2.3615,0.018202356342553006,2,2
TIRAP,Nerve_Tibial,DR,2.6644,0.007712906840297915,1,1
TJAP1,Nerve_Tibial,DR,2.7379,0.006183240619593166,1,1
TLE2,Nerve_Tibial,DR,-0.7678,0.4425848084974683,1,1
TM2D1,Nerve_Tibial,DR,-5.1374,2.786162127396452e-07,2,2
TM7SF2,Nerve_Tibial,DR,0.2245,0.8223549482112855,1,1
TMED6,Nerve_Tibial,DR,0.9238,0.3555822789450771,3,3
TMEM11,Nerve_Tibial,DR,-4.6022,4.18039529186939e-06,2,1
TMEM163,Nerve_Tibial,DR,-1.2983,0.19417185811659557,2,1
TMEM168,Nerve_Tibial,DR,3.5664,0.0003618877530118465,2,2
TMEM222,Nerve_Tibial,DR,-8.2959,1.0774468791707894e-16,3,3
TMEM41B,Nerve_Tibial,DR,0.5158,0.6060000671265469,2,1
TMEM59,Nerve_Tibial,DR,-3.3526,0.0008005187755098232,2,1
TNFSF12,Nerve_Tibial,DR,0.1226,0.9023863801940865,2,2
TOMM40L,Nerve_Tibial,DR,0.4346,0.6638251294607764,2,2
TPRKB,Nerve_Tibial,DR,2.7669,0.0056600155289088525,2,2
TRAPPC6A,Nerve_Tibial,DR,-5.9461,2.745638028810783e-09,2,2
TRNT1,Nerve_Tibial,DR,14.5671,4.546106351505101e-48,3,2
TRPM2,Nerve_Tibial,DR,-7.3244,2.3989920911427545e-13,1,1
TRUB2,Nerve_Tibial,DR,-3.8465,0.00011983047169602001,1,1
TSEN54,Nerve_Tibial,DR,-2.3541,0.01856613683292586,1,1
TSPO,Nerve_Tibial,DR,-3.4797,0.0005019834535037609,4,4
TSPYL4,Nerve_Tibial,DR,-4.6152,3.927642015525374e-06,2,2
TSSK4,Nerve_Tibial,DR,-0.136,0.891800161331776,2,1
TTLL12,Nerve_Tibial,DR,-0.2729,0.7849152842357243,4,3
TTN,Nerve_Tibial,DR,-0.9577,0.33821542316225073,1,1
UBN1,Nerve_Tibial,DR,1.1695,0.24218490544787227,2,2
UBOX5,Nerve_Tibial,DR,-0.2511,0.8017735420162913,2,1
UBR7,Nerve_Tibial,DR,5.2581,1.4555093526274145e-07,1,1
UCN,Nerve_Tibial,DR,-1.4576,0.14496276890036025,1,1
ULK3,Nerve_Tibial,DR,-4.813,1.4867796475306825e-06,3,3
UPP1,Nerve_Tibial,DR,0.1461,0.8838589704142696,2,2
USP47,Nerve_Tibial,DR,4.9693,6.721076547179212e-07,2,2
UTP3,Nerve_Tibial,DR,-2.5794,0.009898158489009906,2,1
VAMP5,Nerve_Tibial,DR,0.799,0.42427616374891597,1,1
VNN3,Nerve_Tibial,DR,-1.8505,0.0642375181755372,2,2
VPREB3,Nerve_Tibial,DR,2.157,0.03100277928337005,1,1
VPS37A,Nerve_Tibial,DR,6.1766,6.548785734023598e-10,2,2
VPS50,Nerve_Tibial,DR,-14.0749,5.4187796510399095e-45,2,2
VSIG10L,Nerve_Tibial,DR,-1.828,0.06754984439799401,2,2
WASHC2C,Nerve_Tibial,DR,2.7021,0.006889268668486677,5,4
WDPCP,Nerve_Tibial,DR,-2.6723,0.007534304474314749,2,2
WDR34,Nerve_Tibial,DR,5.9357,2.925609306146771e-09,2,1
WDR47,Nerve_Tibial,DR,-2.6498,0.008054128288549359,1,1
WLS,Nerve_Tibial,DR,-0.7285,0.46629214462698715,2,2
WWC1,Nerve_Tibial,DR,-1.7071,0.08780447393251871,2,2
XPNPEP3,Nerve_Tibial,DR,-2.2469,0.02464945071739954,1,1
XPO5,Nerve_Tibial,DR,-2.6195,0.008806736825963618,1,1
YARS,Nerve_Tibial,DR,1.0901,0.2756721715852881,2,2
ZAP70,Nerve_Tibial,DR,-2.7886,0.005294234085084747,2,1
ZBTB8OS,Nerve_Tibial,DR,-4.8943,9.863950228457206e-07,2,2
ZC3H12C,Nerve_Tibial,DR,-1.0824,0.2790894683213045,2,1
ZC3H7B,Nerve_Tibial,DR,-11.4934,1.4236931354027063e-30,1,1
ZCWPW1,Nerve_Tibial,DR,7.0112,2.3620657737684414e-12,3,3
ZFAT,Nerve_Tibial,DR,-9.77,1.514775363578143e-22,1,1
ZFP41,Nerve_Tibial,DR,-2.5533,0.010670155493012255,2,2
ZFP82,Nerve_Tibial,DR,-3.5117,0.00044526793112127243,1,1
ZFYVE27,Nerve_Tibial,DR,-4.0737,4.6280796350877396e-05,1,1
ZGPAT,Nerve_Tibial,DR,-10.2818,8.516254543578497e-25,1,1
ZKSCAN7,Nerve_Tibial,DR,-0.1055,0.916014274143773,2,2
ZNF317,Nerve_Tibial,DR,1.9067,0.056565891173273146,2,2
ZNF396,Nerve_Tibial,DR,2.7003,0.006927057811080994,2,1
ZNF433,Nerve_Tibial,DR,4.2227,2.4137575441216517e-05,2,1
ZNF45,Nerve_Tibial,DR,-1.9757,0.04819086601951991,2,1
ZNF529,Nerve_Tibial,DR,-0.8014,0.42289636135084074,2,2
ZNF554,Nerve_Tibial,DR,-0.2368,0.8128266996833282,2,2
ZNF584,Nerve_Tibial,DR,-3.9392,8.175186701176473e-05,2,2
ZNF607,Nerve_Tibial,DR,2.2023,0.027641152918808053,2,1
ZNF771,Nerve_Tibial,DR,1.4458,0.14822010713951964,1,1
ZNF778,Nerve_Tibial,DR,-2.3335,0.01962282211798751,1,1
ZNF792,Nerve_Tibial,DR,2.2772,0.022776576273648836,3,3
ZNHIT2,Nerve_Tibial,DR,-3.2558,0.001130797560883815,1,1
AAMP,Whole_Blood,DR,-0.6511,0.5149561534432754,1,1
ABCD2,Whole_Blood,DR,5.2141,1.8474169851904037e-07,2,2
ABHD17C,Whole_Blood,DR,-2.5,0.012420046077565314,1,1
AC093627.7,Whole_Blood,DR,2.0258,0.042788832934335726,3,3
AC138969.4,Whole_Blood,DR,0.1067,0.915007638397848,1,1
ACAT1,Whole_Blood,DR,-5.3772,7.567189575958858e-08,2,1
ACP2,Whole_Blood,DR,1.2727,0.20313194439966933,3,3
ACSL5,Whole_Blood,DR,0.2291,0.8188152578249823,2,2
ACTN4,Whole_Blood,DR,-2.7961,0.005172579829306181,2,1
ACTR3C,Whole_Blood,DR,-4.909,9.152065010295886e-07,1,1
ADAM17,Whole_Blood,DR,-0.2552,0.7985576824172962,1,1
ADAM9,Whole_Blood,DR,0.4069,0.6840525593226547,2,2
ADAMTSL4,Whole_Blood,DR,-12.8602,7.541253288315628e-38,1,1
ADAP1,Whole_Blood,DR,0.2237,0.8230265814167597,5,4
AHCYL1,Whole_Blood,DR,-0.8794,0.3791706588315326,1,1
AHSG,Whole_Blood,DR,0.2097,0.8338904494361731,1,1
AIM1L,Whole_Blood,DR,5.0516,4.381334800442671e-07,2,2
AIMP1,Whole_Blood,DR,-0.7833,0.4334470780151013,1,1
AKAP10,Whole_Blood,DR,-4.6889,2.747299409113826e-06,3,3
AL928768.3,Whole_Blood,DR,0.1667,0.867632705066913,2,1
ALDH4A1,Whole_Blood,DR,-2.6879,0.007190491611974207,1,1
ALKBH3,Whole_Blood,DR,1.292,0.19637033782124064,2,1
ALMS1,Whole_Blood,DR,0.632,0.5273731878729138,1,1
ANKRD23,Whole_Blood,DR,0.9795,0.327336429386912,1,1
ANKRD49,Whole_Blood,DR,-16.3423,4.9370923626840586e-60,1,1
AP2A2,Whole_Blood,DR,-0.2676,0.7889911315945451,2,2
AP2M1,Whole_Blood,DR,1.4372,0.1506698173616032,2,1
APEH,Whole_Blood,DR,-40.6539,0.0,1,1
ARHGAP31,Whole_Blood,DR,-6.7073,1.9827526025594258e-11,2,1
ARHGEF10,Whole_Blood,DR,0.0023,0.9981721233874543,2,2
ARL4D,Whole_Blood,DR,-1.8175,0.06914297389180973,2,1
ARPIN,Whole_Blood,DR,1.5038,0.1326382199753494,2,2
ARSK,Whole_Blood,DR,3.3697,0.0007525236659615541,2,1
ASAH2B,Whole_Blood,DR,-5.5533,2.8030244602348798e-08,2,1
ASB1,Whole_Blood,DR,0.3076,0.758423232057921,2,1
ASB7,Whole_Blood,DR,-2.2915,0.02193177736846709,1,1
ASTL,Whole_Blood,DR,1.5648,0.11763631411394027,2,2
AZI2,Whole_Blood,DR,-0.3069,0.7589215952687562,2,2
B4GALT6,Whole_Blood,DR,-0.0006,0.9995406984293657,1,1
BAG5,Whole_Blood,DR,4.5276,5.965797116634024e-06,1,1
BAIAP2L2,Whole_Blood,DR,-3.8823,0.00010347231475242268,1,1
BAMBI,Whole_Blood,DR,5.3458,9.004327353881618e-08,1,1
BANF1,Whole_Blood,DR,-1.858,0.06316753340569684,2,2
BBS2,Whole_Blood,DR,-1.8948,0.05812128383285041,3,3
BCAP29,Whole_Blood,DR,23.4947,4.6230105327520434e-122,3,2
BCAS2,Whole_Blood,DR,3.3094,0.0009349779076650218,3,3
BDP1,Whole_Blood,DR,0.2966,0.7667665762526136,2,2
BPI,Whole_Blood,DR,4.1802,2.912607191301049e-05,3,3
BRD1,Whole_Blood,DR,-5.1836,2.1763911598322155e-07,1,1
BTBD19,Whole_Blood,DR,2.4632,0.01376855741666833,1,1
C12ORF49,Whole_Blood,DR,-1.3648,0.1723185426932554,2,2
C19ORF18,Whole_Blood,DR,-5.8438,5.101178328321397e-09,3,2
C1ORF123,Whole_Blood,DR,-0.9231,0.35595490859855344,2,2
C1ORF226,Whole_Blood,DR,2.8359,0.004569492782340343,2,2
C2ORF69,Whole_Blood,DR,0.7866,0.43149982319443914,1,1
C3ORF20,Whole_Blood,DR,-3.4475,0.0005657039246675906,1,1
C3ORF38,Whole_Blood,DR,5.0635,4.1171502712007046e-07,1,1
C4ORF32,Whole_Blood,DR,-3.159,0.0015829068822508544,1,1
CA11,Whole_Blood,DR,0.6062,0.5443756838802576,2,2
CA8,Whole_Blood,DR,-1.8279,0.06756849111439549,2,2
CACUL1,Whole_Blood,DR,0.9483,0.34295909843859124,2,2
CAPRIN2,Whole_Blood,DR,3.0354,0.0024022701801595476,1,1
CAPZA2,Whole_Blood,DR,2.1194,0.03405413788331307,1,1
CARM1,Whole_Blood,DR,0.366,0.7143424997754044,1,1
CASC4,Whole_Blood,DR,3.8901,0.00010019722950916459,1,1
CBX1,Whole_Blood,DR,0.194,0.8461592198196631,3,2
CBX6,Whole_Blood,DR,4.579,4.672595138716425e-06,3,3
CCDC6,Whole_Blood,DR,1.453,0.14621883718991008,1,1
CCL4,Whole_Blood,DR,3.4628,0.0005346104285115204,2,2
CD5,Whole_Blood,DR,2.2368,0.025299632225882114,1,1
CD72,Whole_Blood,DR,-0.4948,0.6207395689681525,1,1
CDC37L1-AS1,Whole_Blood,DR,6.1183,9.45743506551715e-10,2,2
CDC42,Whole_Blood,DR,-0.1217,0.9031361263305174,2,2
CDC7,Whole_Blood,DR,-1.5719,0.11598179842497361,3,3
CDH13,Whole_Blood,DR,1.9969,0.04583525346209869,1,1
CDHR1,Whole_Blood,DR,-0.9119,0.36183727457148396,1,1
CDK11B,Whole_Blood,DR,1.3329,0.18256459627549546,3,1
CDK5,Whole_Blood,DR,3.1839,0.0014531811060581959,1,1
CDS1,Whole_Blood,DR,-6.766,1.3235113089462788e-11,1,1
CEBPA,Whole_Blood,DR,1.0878,0.2766901945726251,2,2
CES3,Whole_Blood,DR,-1.9405,0.05231566282721111,1,1
CFDP1,Whole_Blood,DR,-0.7623,0.4458714639051018,3,1
CHAC1,Whole_Blood,DR,-0.0341,0.972778964462937,1,1
CHMP2A,Whole_Blood,DR,0.3448,0.7302481277577664,2,2
CHRNE,Whole_Blood,DR,-0.6061,0.5444172653763839,2,2
CISD3,Whole_Blood,DR,1.4524,0.14638168896007822,1,1
CLEC10A,Whole_Blood,DR,3.547,0.0003896924828223428,2,2
CLEC2D,Whole_Blood,DR,3.2537,0.0011390275108892603,3,3
CLECL1,Whole_Blood,DR,-2.5433,0.010981593693976008,3,2
CLK1,Whole_Blood,DR,-4.6732,2.965832814873431e-06,1,1
CLN3,Whole_Blood,DR,-2.6735,0.007505437009855297,3,2
COL16A1,Whole_Blood,DR,-3.5511,0.0003836725624709557,2,1
COL6A2,Whole_Blood,DR,0.6965,0.48613538389684974,3,1
COL7A1,Whole_Blood,DR,-0.4058,0.6849234320174805,2,1
CPNE3,Whole_Blood,DR,-1.2201,0.22242179227729345,2,1
CPSF2,Whole_Blood,DR,-0.0351,0.972033882516037,3,3
CRACR2B,Whole_Blood,DR,-0.3009,0.7634812512958906,8,7
CRYGS,Whole_Blood,DR,-0.6289,0.5294110630981709,2,1
CTBS,Whole_Blood,DR,4.9807,6.33604649882133e-07,3,3
CTC-281F24.1,Whole_Blood,DR,-2.0536,0.04001125142419773,1,1
CTD-2547L24.4,Whole_Blood,DR,0.4305,0.6668274230401934,1,1
CUTC,Whole_Blood,DR,-2.0743,0.038054784901874694,1,1
CYB5D2,Whole_Blood,DR,0.8292,0.40697111223911153,2,2
CYB5R3,Whole_Blood,DR,2.4621,0.013813047989678497,3,1
CYSLTR2,Whole_Blood,DR,0.4438,0.6571946752466731,1,1
DAPP1,Whole_Blood,DR,-0.629,0.5293686991281076,3,3
DBF4B,Whole_Blood,DR,2.695,0.007038277422080641,4,4
DCTD,Whole_Blood,DR,-11.2089,3.686986662392158e-29,3,3
DCTN5,Whole_Blood,DR,2.7978,0.005145922729976711,3,3
DDHD1,Whole_Blood,DR,3.6905,0.0002237984696561764,2,1
DDIAS,Whole_Blood,DR,-5.3108,1.0916672985380211e-07,3,3
DEGS2,Whole_Blood,DR,1.6939,0.09028234390681439,1,1
DENND5A,Whole_Blood,DR,1.8018,0.07157582874542129,2,2
DGCR2,Whole_Blood,DR,4.396,1.1028604710441862e-05,2,2
DMXL1,Whole_Blood,DR,-0.2227,0.8237885334923623,1,1
DNAI2,Whole_Blood,DR,2.1391,0.03242743583268477,2,2
DNAJC15,Whole_Blood,DR,0.478,0.6326357491246261,2,2
DNAJC9,Whole_Blood,DR,-8.7129,2.960802023760669e-18,1,1
DNAL4,Whole_Blood,DR,-5.1334,2.846122200605349e-07,2,1
DPEP3,Whole_Blood,DR,-6.3553,2.0804481028675778e-10,2,2
DPPA4,Whole_Blood,DR,-0.3807,0.7033943506498416,2,1
DSC2,Whole_Blood,DR,4.1899,2.790976910049611e-05,2,1
DZIP1L,Whole_Blood,DR,1.8793,0.06020133552101921,1,1
E4F1,Whole_Blood,DR,0.0317,0.9747203178566575,1,1
ECHDC3,Whole_Blood,DR,-1.4232,0.1546646217787591,3,3
EEPD1,Whole_Blood,DR,3.5836,0.00033895085511732664,1,1
EHMT1,Whole_Blood,DR,5.0834,3.7082675308223067e-07,1,1
EMC2,Whole_Blood,DR,3.6962,0.00021888119237222268,1,1
EMG1,Whole_Blood,DR,28.5711,1.5357866979750773e-179,2,2
EPB41L4A-AS1,Whole_Blood,DR,-0.4873,0.6260281646247466,1,1
EPG5,Whole_Blood,DR,-4.4637,8.054559098371896e-06,2,2
EPOP,Whole_Blood,DR,-1.5883,0.11222057827834463,1,1
EPS8,Whole_Blood,DR,-2.7287,0.006359290657542312,2,2
EREG,Whole_Blood,DR,-6.1007,1.0562794654506513e-09,2,2
EXOSC8,Whole_Blood,DR,-0.6661,0.5053783251948367,1,1
FADS3,Whole_Blood,DR,-3.144,0.001666690407557792,1,1
FAM117B,Whole_Blood,DR,2.8595,0.0042433756639483206,1,1
FAM122A,Whole_Blood,DR,7.5246,5.2869621528286294e-14,1,1
FAM174B,Whole_Blood,DR,0.2851,0.7755979735523197,3,3
FAM177A1,Whole_Blood,DR,-0.9384,0.34801370668599385,3,3
FAM20B,Whole_Blood,DR,-0.705,0.4808150980411062,1,1
FAM210A,Whole_Blood,DR,2.7974,0.005151804826847567,3,3
FAM213A,Whole_Blood,DR,-0.9983,0.3181111962386925,3,2
FAM24B,Whole_Blood,DR,8.3119,9.420688658642385e-17,1,1
FAM87B,Whole_Blood,DR,0.5759,0.5646747130816818,2,1
FAXDC2,Whole_Blood,DR,-0.7901,0.42946350356193186,2,1
FCF1,Whole_Blood,DR,-0.5694,0.5690922960470302,1,1
FCHO2,Whole_Blood,DR,1.3235,0.18566945899894693,3,2
FCRL5,Whole_Blood,DR,0.1377,0.890503399618614,1,1
FGFR4,Whole_Blood,DR,2.4148,0.015745715117640086,3,3
FIG4,Whole_Blood,DR,0.2457,0.8058952016506364,1,1
FKBP9,Whole_Blood,DR,3.4124,0.0006438389186231316,2,2
FMNL1,Whole_Blood,DR,0.644,0.5195724530419481,2,2
FOXN2,Whole_Blood,DR,9.8601,6.195717559690335e-23,2,1
FRA10AC1,Whole_Blood,DR,0.578,0.5632662832824658,2,2
FUCA2,Whole_Blood,DR,-0.3675,0.7132113219436187,2,2
FUT11,Whole_Blood,DR,0.7577,0.4486523207034808,2,2
GCM1,Whole_Blood,DR,-5.0272,4.976073392036419e-07,1,1
GGACT,Whole_Blood,DR,3.4634,0.0005333687951933848,2,1
GID8,Whole_Blood,DR,3.5705,0.00035635358514569135,2,2
GIT1,Whole_Blood,DR,1.4249,0.15417329381998654,2,1
GK5,Whole_Blood,DR,0.2921,0.7701855079124981,1,1
GMCL1,Whole_Blood,DR,-1.732,0.08327801214671626,2,1
GNPDA1,Whole_Blood,DR,1.2991,0.19391830086600562,2,2
GOLGA5,Whole_Blood,DR,-1.009,0.3129890668197346,2,2
GOLGA7B,Whole_Blood,DR,3.0307,0.0024396861891971358,1,1
GPR20,Whole_Blood,DR,5.0877,3.624241328367771e-07,2,2
GPR4,Whole_Blood,DR,1.2973,0.19453898340778358,1,1
GRAMD1C,Whole_Blood,DR,2.1627,0.030564992565670128,2,2
GRAMD3,Whole_Blood,DR,-2.6061,0.009157863053004828,1,1
GSTA1,Whole_Blood,DR,-1.5287,0.1263452076144046,2,2
GSTM3,Whole_Blood,DR,-3.7442,0.0001809803933861746,3,1
GTF2E1,Whole_Blood,DR,-2.9135,0.003574128800097396,2,2
GTPBP1,Whole_Blood,DR,24.1877,2.995367456281251e-129,1,1
GYPC,Whole_Blood,DR,2.1682,0.030143975737790294,1,1
HACD2,Whole_Blood,DR,-2.4885,0.012829846689825172,2,2
HCG11,Whole_Blood,DR,11.0857,1.4713531146200817e-28,1,1
HECA,Whole_Blood,DR,-1.7476,0.08053234641982542,1,1
HEMK1,Whole_Blood,DR,-15.8958,6.771717348790085e-57,3,2
HERPUD2,Whole_Blood,DR,-0.4287,0.6681058343050577,2,2
HIF3A,Whole_Blood,DR,2.7309,0.006316741815364235,2,1
HINT2,Whole_Blood,DR,-4.4278,9.519435680405122e-06,1,1
HIP1R,Whole_Blood,DR,-0.9064,0.364725015329184,2,2
HIST1H2BN,Whole_Blood,DR,-105.2157,0.0,2,2
HK2,Whole_Blood,DR,2.081,0.037437506020466575,2,1
HMGCL,Whole_Blood,DR,1.3009,0.19329292495986697,1,1
HNRNPD,Whole_Blood,DR,0.0852,0.9321114277362166,1,1
HOXB4,Whole_Blood,DR,0.0342,0.9726862589836341,2,2
HPCAL1,Whole_Blood,DR,-0.762,0.4460690129869057,5,5
HRG,Whole_Blood,DR,-1.1842,0.23634257183422935,2,1
HS1BP3,Whole_Blood,DR,0.123,0.9021222376685308,2,1
HS3ST3A1,Whole_Blood,DR,1.5965,0.11038633935612296,2,2
HSD17B6,Whole_Blood,DR,-4.3153,1.5938591617180232e-05,1,1
ID3,Whole_Blood,DR,-0.4018,0.6878343868246476,1,1
IDH2,Whole_Blood,DR,2.4489,0.014330775844323212,1,1
IFIH1,Whole_Blood,DR,-2.9161,0.0035444650887746978,1,1
IFT122,Whole_Blood,DR,0.2161,0.8289148440253209,1,1
IGF2,Whole_Blood,DR,19.4521,2.796768371161758e-84,1,1
IL15,Whole_Blood,DR,1.1832,0.23671566960371812,1,1
IL18R1,Whole_Blood,DR,-1.2506,0.21109016314834944,2,2
ILK,Whole_Blood,DR,0.3968,0.6915485436432541,3,2
IMPDH1,Whole_Blood,DR,3.7399,0.00018409539717420266,2,2
INO80B,Whole_Blood,DR,4.712,2.4531573586271447e-06,1,1
IQGAP2,Whole_Blood,DR,1.3539,0.1757768177611572,2,2
IQSEC3,Whole_Blood,DR,1.3947,0.1631208430364515,1,1
IRAK1BP1,Whole_Blood,DR,4.6491,3.3341766125419262e-06,3,1
ISM1,Whole_Blood,DR,-0.2652,0.7908279812302891,1,1
ITGA2B,Whole_Blood,DR,-4.4252,9.634108468146326e-06,1,1
ITGAD,Whole_Blood,DR,4.9678,6.771334911196366e-07,1,1
ITPRIPL1,Whole_Blood,DR,2.159,0.030852179015419125,1,1
JAG1,Whole_Blood,DR,2.2553,0.024117021340961897,1,1
JMJD4,Whole_Blood,DR,1.9687,0.04898478271712907,2,2
KATNBL1,Whole_Blood,DR,1.5412,0.12326829205626189,2,1
KBTBD11,Whole_Blood,DR,-2.1931,0.02830372101827497,2,2
KBTBD4,Whole_Blood,DR,0.1001,0.9202500893742827,1,1
KCNK17,Whole_Blood,DR,-2.3149,0.020618046742876928,2,2
KCNMA1,Whole_Blood,DR,2.7753,0.005515074508483859,5,5
KIF13A,Whole_Blood,DR,12.3851,3.1479889268708965e-35,1,1
KIF18A,Whole_Blood,DR,-1.202,0.22937284503738314,2,2
KIF23,Whole_Blood,DR,0.8591,0.39027301372220236,2,1
KIFC1,Whole_Blood,DR,3.2866,0.0010140744332469023,1,1
KLHL40,Whole_Blood,DR,3.3864,0.000708056993917454,1,1
LAMB2,Whole_Blood,DR,0.9559,0.3391043291316456,2,1
LANCL1,Whole_Blood,DR,-1.9302,0.053584749096074746,2,2
LAPTM4A,Whole_Blood,DR,1.3014,0.19312258560911827,1,1
LARP1,Whole_Blood,DR,0.6573,0.5109853068634165,1,1
LCN8,Whole_Blood,DR,-6.5378,6.243211018387315e-11,1,1
LEAP2,Whole_Blood,DR,0.5838,0.5593342978238385,1,1
LEPROT,Whole_Blood,DR,1.8053,0.07103109753991982,2,1
LIN37,Whole_Blood,DR,4.5302,5.893289976936303e-06,1,1
LIN7A,Whole_Blood,DR,-5.5916,2.2502748917181455e-08,2,1
LINC00324,Whole_Blood,DR,-3.1542,0.001609521391662932,2,2
LINC00662,Whole_Blood,DR,4.3398,1.4261336148337994e-05,3,2
LINC00865,Whole_Blood,DR,-1.1196,0.2628889127857558,1,1
LINC00954,Whole_Blood,DR,3.8893,0.00010054715606951014,3,3
LINC01291,Whole_Blood,DR,1.0304,0.3028314076017108,1,1
LINC01597,Whole_Blood,DR,8.9083,5.183929661790357e-19,2,2
LINC01644,Whole_Blood,DR,0.3596,0.7191595443877457,1,1
LINC01934,Whole_Blood,DR,-0.067,0.9465611032133292,1,1
LINC01970,Whole_Blood,DR,2.2763,0.0228298391288469,1,1
LINC01993,Whole_Blood,DR,3.1256,0.001774424905548591,1,1
LINC02062,Whole_Blood,DR,-0.4218,0.6731994724269582,2,2
LOXL2,Whole_Blood,DR,2.2399,0.0250959823082612,3,2
LPCAT3,Whole_Blood,DR,-18.6308,1.808349399614003e-77,1,1
LPCAT4,Whole_Blood,DR,0.2252,0.821804085309891,3,2
LRIG2,Whole_Blood,DR,2.011,0.0443234591177185,1,1
LRRC23,Whole_Blood,DR,2.4434,0.0145504905407848,2,2
MAB21L3,Whole_Blood,DR,8.9021,5.481922499009574e-19,1,1
MAFG,Whole_Blood,DR,-2.6641,0.007718468515850136,1,1
MAP3K10,Whole_Blood,DR,-0.2194,0.8263647691173502,2,2
MAP4,Whole_Blood,DR,5.3797,7.460874490628059e-08,1,1
MARC1,Whole_Blood,DR,-129.1792,0.0,4,2
MARS,Whole_Blood,DR,-1.323,0.18585157310778952,1,1
MCM8,Whole_Blood,DR,3.5503,0.0003847253061589348,1,1
ME2,Whole_Blood,DR,2.6799,0.007365140538834967,4,4
MED17,Whole_Blood,DR,-1.8146,0.06959027160879801,2,2
MED18,Whole_Blood,DR,3.0981,0.0019475745632357932,1,1
MED22,Whole_Blood,DR,0.1566,0.875566607468267,2,1
MED28,Whole_Blood,DR,1.9054,0.05673187564093852,2,1
MFSD2B,Whole_Blood,DR,1.3506,0.17682413788600115,2,2
MFSD3,Whole_Blood,DR,-1.7799,0.07509872370062473,1,1
MFSD5,Whole_Blood,DR,-1.3452,0.17855747052394502,1,1
MIA3,Whole_Blood,DR,-10.7001,1.0165991709573581e-26,1,1
MIR3945HG,Whole_Blood,DR,0.4496,0.6529801291551514,3,3
MPHOSPH9,Whole_Blood,DR,-0.7689,0.4419749243300197,2,2
MRAS,Whole_Blood,DR,-15.5277,2.2536813461325858e-54,1,1
MSANTD2,Whole_Blood,DR,-0.6995,0.4842455058413801,1,1
MSTO1,Whole_Blood,DR,0.491,0.6234426686823937,1,1
MT1E,Whole_Blood,DR,0.6324,0.5271004042417526,3,3
MTDH,Whole_Blood,DR,9.0563,1.3494038199799258e-19,1,1
MTHFS,Whole_Blood,DR,-3.3488,0.0008117478007240602,3,1
MTSS1,Whole_Blood,DR,6.5001,8.025121045437389e-11,2,2
MVB12A,Whole_Blood,DR,-0.7951,0.4265439236289045,1,1
MXD4,Whole_Blood,DR,5.7727,7.802020519352791e-09,2,2
MYL5,Whole_Blood,DR,-0.7248,0.4686013073582172,3,2
MYO1C,Whole_Blood,DR,-0.8929,0.37189043083111567,2,1
NAALAD2,Whole_Blood,DR,1.2414,0.2144397228398105,1,1
NCOA7,Whole_Blood,DR,-2.0132,0.04408833745002226,1,1
NEDD1,Whole_Blood,DR,-1.143,0.25304230146392553,1,1
NEK1,Whole_Blood,DR,2.5935,0.009499588803297425,3,2
NFIX,Whole_Blood,DR,24.59,1.6156046876366208e-133,1,1
NFYB,Whole_Blood,DR,0.3548,0.7227418326024376,1,1
NIPAL2,Whole_Blood,DR,-5.3618,8.239988856965995e-08,1,1
NOTCH3,Whole_Blood,DR,5.2148,1.8404391285912106e-07,1,1
NOTCH4,Whole_Blood,DR,-19.926,2.4232684695287216e-88,2,1
NPAT,Whole_Blood,DR,1.5906,0.11169480349314548,1,1
NR1D2,Whole_Blood,DR,-1.1365,0.2557467805383496,1,1
NSMCE1,Whole_Blood,DR,-8.05,8.28179975436119e-16,2,2
NSUN5,Whole_Blood,DR,2.372,0.017691881152871545,2,2
NUDT14,Whole_Blood,DR,-0.998,0.318260903340172,1,1
NUP107,Whole_Blood,DR,4.3546,1.3330312207383503e-05,2,2
OAF,Whole_Blood,DR,-5.2397,1.6087188584051555e-07,1,1
ODF2L,Whole_Blood,DR,3.0191,0.0025351413346443746,2,2
OIP5,Whole_Blood,DR,2.5682,0.010222800419528472,2,2
OLA1,Whole_Blood,DR,-2.6701,0.007583313394270716,1,1
OLFM1,Whole_Blood,DR,-2.1774,0.02944956734327209,1,1
OR2W3,Whole_Blood,DR,-48.119,0.0,5,2
OSBPL6,Whole_Blood,DR,2.9101,0.00361317399966631,2,2
OTUB1,Whole_Blood,DR,1.9012,0.05728200935529086,1,1
OXT,Whole_Blood,DR,-1.219,0.22284271260024285,2,2
PAK2,Whole_Blood,DR,2.2142,0.026812500726429593,3,3
PCDH1,Whole_Blood,DR,-1.2465,0.21258415597655972,1,1
PCNT,Whole_Blood,DR,1.2656,0.2056523171940187,3,2
PCP4L1,Whole_Blood,DR,3.4857,0.0004908177581654633,1,1
PDAP1,Whole_Blood,DR,-10.1313,4.013997259829121e-24,2,2
PDCD2,Whole_Blood,DR,17.6694,7.211544270109691e-70,2,2
PEX11A,Whole_Blood,DR,-5.4892,4.0384251866144846e-08,1,1
PGM1,Whole_Blood,DR,1.1794,0.23822822677740751,1,1
PHC1,Whole_Blood,DR,-0.4434,0.6574784725665027,4,4
PHYKPL,Whole_Blood,DR,8.7279,2.5940610433695142e-18,3,3
PIGU,Whole_Blood,DR,0.4706,0.6379532851301963,1,1
PIK3R4,Whole_Blood,DR,-0.4326,0.6653133124393804,2,2
PIP5K1A,Whole_Blood,DR,-14.4439,2.7386001420353265e-47,2,2
PIP5K1C,Whole_Blood,DR,3.2453,0.001173429052074841,2,2
PKIG,Whole_Blood,DR,-0.4311,0.6663997831740451,1,1
PLCD1,Whole_Blood,DR,2.9484,0.003193832708676144,2,2
PLEKHD1,Whole_Blood,DR,0.9168,0.359226919102133,3,1
PLLP,Whole_Blood,DR,4.0063,6.168264365925304e-05,2,2
PLOD3,Whole_Blood,DR,-3.2386,0.001200993794509791,1,1
POU2F1,Whole_Blood,DR,-0.2532,0.8000842208259867,1,1
POU6F1,Whole_Blood,DR,2.6198,0.008797443168781527,2,2
PP2D1,Whole_Blood,DR,2.6467,0.008128673661917345,1,1
PPAN,Whole_Blood,DR,1.5168,0.12930901572081652,2,2
PPWD1,Whole_Blood,DR,-2.2217,0.026301108092053733,2,2
PRCP,Whole_Blood,DR,-0.1983,0.8428261819287545,1,1
PRKACA,Whole_Blood,DR,-0.6793,0.496975600260236,1,1
PRKAR2B,Whole_Blood,DR,1.4326,0.15195801794368982,2,2
PRKCZ,Whole_Blood,DR,-2.4451,0.014480272898243688,3,3
PROK2,Whole_Blood,DR,-0.3902,0.696388952515314,2,2
PRSS53,Whole_Blood,DR,3.6802,0.00023308534159171713,2,2
PSEN1,Whole_Blood,DR,-6.8774,6.0936196148533064e-12,3,3
PSMB7,Whole_Blood,DR,-4.7381,2.157347956319463e-06,2,2
PSMD4,Whole_Blood,DR,-1.1774,0.239039831439279,3,3
PTBP3,Whole_Blood,DR,-0.9064,0.36472440410441576,2,2
PTGDR,Whole_Blood,DR,-0.3776,0.7057536918787315,1,1
PTGR1,Whole_Blood,DR,1.0209,0.30730946724691016,2,2
PTH1R,Whole_Blood,DR,-9.303,1.3654477147890013e-20,2,2
PVRIG,Whole_Blood,DR,-3.114,0.0018456849427192499,1,1
RAB17,Whole_Blood,DR,-0.8935,0.37159785050110783,1,1
RAB19,Whole_Blood,DR,3.4103,0.0006488187600224217,1,1
RAB5B,Whole_Blood,DR,11.9103,1.0461337696772847e-32,1,1
RACK1,Whole_Blood,DR,-1.2941,0.19562352484158788,2,2
RANBP2,Whole_Blood,DR,1.3739,0.16947006225056757,2,2
RARB,Whole_Blood,DR,-3.4172,0.0006326836181769395,2,2
RBFA,Whole_Blood,DR,1.7795,0.07515324543475457,1,1
RCL1,Whole_Blood,DR,3.8887,0.00010079025446497419,1,1
REEP3,Whole_Blood,DR,-0.2269,0.8204983062777619,2,2
RFPL2,Whole_Blood,DR,-7.5041,6.185839062689753e-14,2,1
RGS3,Whole_Blood,DR,-3.5697,0.00035742418189500515,2,2
RHBDF1,Whole_Blood,DR,12.0045,3.364515868582499e-33,1,1
RHNO1,Whole_Blood,DR,-5.2698,1.3658013511179068e-07,3,3
RMND1,Whole_Blood,DR,-0.2064,0.836446378426382,2,2
RNASEK,Whole_Blood,DR,-5.7412,9.40057017607042e-09,1,1
RNF146,Whole_Blood,DR,1.9587,0.05014896910341846,1,1
RNF25,Whole_Blood,DR,18.2691,1.458401766506981e-74,1,1
RNF44,Whole_Blood,DR,-9.6962,3.129595325073532e-22,2,1
ROCK2,Whole_Blood,DR,3.1982,0.0013827946320733207,3,3
RP11-110I1.14,Whole_Blood,DR,2.7204,0.00651979991039227,2,2
RP11-182L21.6,Whole_Blood,DR,-2.1531,0.031312113479592146,3,2
RP11-286N22.8,Whole_Blood,DR,-7.3166,2.543865075879951e-13,2,2
RP11-370I10.12,Whole_Blood,DR,-0.0271,0.9784126704623646,2,2
RP11-441O15.3,Whole_Blood,DR,0.0178,0.9858275719825719,2,2
RP11-455O6.9,Whole_Blood,DR,0.0,1.0,1,1
RP11-47L3.1,Whole_Blood,DR,-0.4409,0.6593096931354037,1,1
RP11-506M13.3,Whole_Blood,DR,1.6788,0.09319603871792691,2,2
RP11-53O19.3,Whole_Blood,DR,0.9343,0.3501612695104098,1,1
RP11-676J12.4,Whole_Blood,DR,2.2949,0.021738372379646556,1,1
RP11-722E23.2,Whole_Blood,DR,0.8809,0.3783539481353881,1,1
RP11-791G15.2,Whole_Blood,DR,1.7744,0.07599191616308708,2,2
RP11-849H4.2,Whole_Blood,DR,18.123,2.0975349312498967e-73,1,1
RP11-973H7.1,Whole_Blood,DR,1.8402,0.06573463214810658,4,3
RP3-460G2.2,Whole_Blood,DR,-2.1805,0.029218385238775856,3,3
RP3-467K16.4,Whole_Blood,DR,236.8387,0.0,3,2
RP4-761J14.10,Whole_Blood,DR,1.4358,0.15107057049568087,2,2
RPGRIP1,Whole_Blood,DR,-2.8314,0.004634517102363505,2,1
RRN3,Whole_Blood,DR,-0.8933,0.37167085974774744,1,1
RRP12,Whole_Blood,DR,0.6394,0.5225472064836603,2,2
RRP1B,Whole_Blood,DR,-1.2275,0.2196459387977264,1,1
RRP8,Whole_Blood,DR,-2.7303,0.006327159531223208,3,3
RSPH4A,Whole_Blood,DR,5.8339,5.4134431120934095e-09,1,1
RTP5,Whole_Blood,DR,3.9427,8.058326403662926e-05,1,1
RUVBL1,Whole_Blood,DR,-0.7346,0.46260362353409373,2,2
S100A4,Whole_Blood,DR,0.2553,0.7985094774071009,1,1
SAFB,Whole_Blood,DR,-2.991,0.0027804975406775898,1,1
SAFB2,Whole_Blood,DR,-23.8031,3.104998534371073e-125,1,1
SAMD12,Whole_Blood,DR,-6.9705,3.1581896794338473e-12,3,3
SAMHD1,Whole_Blood,DR,1.1414,0.25368374616047334,1,1
SAP25,Whole_Blood,DR,-26.4354,5.36986105910038e-154,1,1
SCAF11,Whole_Blood,DR,1.6596,0.09700364648653122,1,1
SCIMP,Whole_Blood,DR,-1.99,0.04659167012352834,2,2
SCN4A,Whole_Blood,DR,0.1586,0.8739670933042522,1,1
SCN8A,Whole_Blood,DR,-2.3613,0.018209958649896614,3,3
SCUBE3,Whole_Blood,DR,2.8804,0.003971415071278189,1,1
SCYL2,Whole_Blood,DR,1.5652,0.11752958059150663,1,1
SDCCAG3,Whole_Blood,DR,7.3121,2.630921188399632e-13,3,3
SEC14L4,Whole_Blood,DR,-0.7075,0.47928490756581227,2,1
SEC24D,Whole_Blood,DR,8.1135,4.918239164845002e-16,1,1
SELP,Whole_Blood,DR,1.4137,0.15745726334009225,2,2
SEPT10,Whole_Blood,DR,1.2527,0.21031267002009324,2,2
SETMAR,Whole_Blood,DR,-4.4257,9.613619634591832e-06,2,2
SF1,Whole_Blood,DR,-1.4494,0.14723217579430548,1,1
SFXN1,Whole_Blood,DR,-2.2662,0.02343868594770997,1,1
SGF29,Whole_Blood,DR,-0.4113,0.680881932596521,3,1
SH2B3,Whole_Blood,DR,5.5778,2.4353605637180876e-08,1,1
SH2D1B,Whole_Blood,DR,-2.3962,0.016565197139972513,1,1
SH3YL1,Whole_Blood,DR,0.4291,0.6678644410122483,2,1
SHARPIN,Whole_Blood,DR,9.5885,8.941178134483144e-22,1,1
SIGLEC1,Whole_Blood,DR,1.3028,0.19264554034027895,1,1
SIGLEC12,Whole_Blood,DR,-1.2736,0.2028174470158727,4,3
SIGLEC5,Whole_Blood,DR,-6.8612,6.827094643690792e-12,4,2
SIPA1L2,Whole_Blood,DR,-1.3218,0.18623239945209075,1,1
SIT1,Whole_Blood,DR,-2.7489,0.005980359267592134,1,1
SKAP1,Whole_Blood,DR,0.2643,0.7915346079633528,1,1
SLA,Whole_Blood,DR,5.4675,4.563964730019574e-08,3,3
SLN,Whole_Blood,DR,-9.3116,1.258661913984105e-20,1,1
SMIM20,Whole_Blood,DR,-0.1636,0.870062380411108,1,1
SMKR1,Whole_Blood,DR,-3.7423,0.00018233418897130386,1,1
SMNDC1,Whole_Blood,DR,0.7503,0.4530491108638454,1,1
SMYD5,Whole_Blood,DR,3.0081,0.0026292312458645706,2,1
SNAPC3,Whole_Blood,DR,4.5759,4.74159505579463e-06,1,1
SQLE,Whole_Blood,DR,6.3694,1.8972069735377124e-10,1,1
SRSF3,Whole_Blood,DR,-0.3021,0.7625719400296003,1,1
ST6GALNAC6,Whole_Blood,DR,1.3752,0.1690617179181433,1,1
ST7L,Whole_Blood,DR,-0.351,0.7255561949667488,1,1
STARD4,Whole_Blood,DR,0.8137,0.41583380364446004,2,1
STAT5B,Whole_Blood,DR,-6.4844,8.909645214982829e-11,2,2
STK25,Whole_Blood,DR,20.0644,1.5108730230020743e-89,1,1
STOML1,Whole_Blood,DR,-1.8259,0.06786762488849885,2,2
STOX1,Whole_Blood,DR,3.0475,0.0023073813741899506,2,2
SYNGR1,Whole_Blood,DR,6.0993,1.0651032076835183e-09,2,2
SYT1,Whole_Blood,DR,3.0292,0.002451720868337055,2,2
SYTL2,Whole_Blood,DR,2.1509,0.03148229633385136,3,2
TAGLN2,Whole_Blood,DR,0.6866,0.4923551795272595,2,1
TARM1,Whole_Blood,DR,2.9163,0.0035416475256654007,3,3
TBC1D14,Whole_Blood,DR,-2.5213,0.011693247451147942,1,1
TBC1D32,Whole_Blood,DR,9.2811,1.677830383332369e-20,3,2
TBC1D9,Whole_Blood,DR,-1.1215,0.2620914171866657,2,2
TBCC,Whole_Blood,DR,-10.0989,5.584823736771412e-24,1,1
TCN1,Whole_Blood,DR,6.3013,2.950765002316874e-10,2,2
TCOF1,Whole_Blood,DR,1.9517,0.05097686359100917,2,2
TCTEX1D4,Whole_Blood,DR,2.4632,0.013768557416668355,1,1
TDRD3,Whole_Blood,DR,0.1477,0.8826162685071219,1,1
TFF3,Whole_Blood,DR,-0.3387,0.7348235548812919,1,1
TIGD1,Whole_Blood,DR,-0.8181,0.41331177711409445,1,1
TIRAP,Whole_Blood,DR,-1.6737,0.09418345134062167,3,3
TJAP1,Whole_Blood,DR,2.7379,0.0061832406195931845,1,1
TLE2,Whole_Blood,DR,3.374,0.0007407138176216335,2,2
TM2D1,Whole_Blood,DR,-31.0704,6.058478451235409e-212,1,1
TM7SF2,Whole_Blood,DR,-1.0019,0.31638713047190525,1,1
TMED6,Whole_Blood,DR,0.4787,0.6321565472533142,3,3
TMEM163,Whole_Blood,DR,0.5861,0.5578084696466192,2,2
TMEM168,Whole_Blood,DR,6.3036,2.908484217195813e-10,1,1
TMEM222,Whole_Blood,DR,-11.8742,1.612366203179328e-32,1,1
TMEM41B,Whole_Blood,DR,0.4757,0.6343080120654607,2,2
TMEM65,Whole_Blood,DR,4.4816,7.407100739796299e-06,3,2
TNFSF12,Whole_Blood,DR,5.3897,7.057981521736377e-08,3,3
TOMM40L,Whole_Blood,DR,-2.6338,0.008442403964413826,4,4
TPRKB,Whole_Blood,DR,6.1776,6.50701630210288e-10,1,1
TRAPPC6A,Whole_Blood,DR,-5.714,1.1034888464272304e-08,1,1
TRIQK,Whole_Blood,DR,-10.6723,1.3724650543255718e-26,2,1
TRNT1,Whole_Blood,DR,-0.3028,0.7620744618683553,3,3
TRPC4AP,Whole_Blood,DR,-8.973,2.886058754704124e-19,3,2
TRPM2,Whole_Blood,DR,-3.8828,0.00010324295093239298,1,1
TRUB2,Whole_Blood,DR,-3.8465,0.00011983047169602001,1,1
TSPO,Whole_Blood,DR,3.6428,0.0002696642679501461,2,2
TSPYL4,Whole_Blood,DR,-5.5089,3.610858171380274e-08,3,3
TSSK4,Whole_Blood,DR,-3.05,0.0022884221430138304,1,1
TTC39B,Whole_Blood,DR,-3.3556,0.0007919624676681955,3,3
TTLL12,Whole_Blood,DR,-2.6871,0.007208331690739947,7,4
TTN,Whole_Blood,DR,-0.9577,0.33821542316225056,1,1
TUBA4B,Whole_Blood,DR,1.2492,0.21160021322740566,1,1
UACA,Whole_Blood,DR,-4.183,2.8772315081968002e-05,1,1
UBN1,Whole_Blood,DR,-2.8068,0.005003067765398277,2,1
UBOX5,Whole_Blood,DR,-0.6131,0.5398395872653532,2,1
UCN,Whole_Blood,DR,-1.4576,0.14496276890036025,1,1
ULK3,Whole_Blood,DR,-2.597,0.009403368661393699,1,1
UNK,Whole_Blood,DR,-0.6286,0.5296083772159426,2,1
UPP1,Whole_Blood,DR,-0.1375,0.8906675950126925,1,1
USP47,Whole_Blood,DR,2.346,0.018974765017175082,1,1
UTP3,Whole_Blood,DR,-2.5794,0.009898158489009906,2,1
VAMP5,Whole_Blood,DR,-4.0298,5.581571325249338e-05,3,3
VNN3,Whole_Blood,DR,-1.263,0.20657215797676087,4,4
VPREB3,Whole_Blood,DR,1.9243,0.054316045270711384,2,1
VPS37A,Whole_Blood,DR,-0.8728,0.3827982699169902,1,1
VPS50,Whole_Blood,DR,0.6124,0.5402461441321675,1,1
VSIG10L,Whole_Blood,DR,1.5678,0.11692040616170342,1,1
WASHC2C,Whole_Blood,DR,4.8042,1.553449130563547e-06,4,2
WDPCP,Whole_Blood,DR,-2.6391,0.008313456870326435,3,3
WDR47,Whole_Blood,DR,-2.6966,0.00700476047094318,1,1
WDR88,Whole_Blood,DR,0.5133,0.6077479425944867,1,1
WI2-87327B8.1,Whole_Blood,DR,-0.6111,0.5411274786653146,2,2
WLS,Whole_Blood,DR,-1.0006,0.3170209290527011,4,3
WWC1,Whole_Blood,DR,-1.8845,0.05950165641573366,1,1
XPNPEP3,Whole_Blood,DR,-2.2469,0.02464945071739954,1,1
XPO5,Whole_Blood,DR,-2.8359,0.004569793252138353,2,2
YARS,Whole_Blood,DR,0.1373,0.8907649762121949,2,1
YKT6,Whole_Blood,DR,4.6921,2.7041508999028085e-06,2,1
ZAP70,Whole_Blood,DR,-1.3971,0.16238373774065282,1,1
ZBTB44,Whole_Blood,DR,-2.2018,0.02768097381878555,1,1
ZBTB8OS,Whole_Blood,DR,4.7422,2.1144172630376803e-06,1,1
ZC3H12C,Whole_Blood,DR,0.2151,0.8296787990938349,2,2
ZC3H7B,Whole_Blood,DR,1.2182,0.223130949276665,2,2
ZDHHC23,Whole_Blood,DR,1.9878,0.04683408573542719,1,1
ZFP41,Whole_Blood,DR,-2.2932,0.021834770731358054,1,1
ZFP82,Whole_Blood,DR,-3.6204,0.0002941299605842283,2,2
ZFPM1,Whole_Blood,DR,0.0669,0.9466587107341008,1,1
ZFYVE27,Whole_Blood,DR,-9.7826,1.3366926903745e-22,1,1
ZGPAT,Whole_Blood,DR,6.415,1.4086899332332025e-10,1,1
ZKSCAN7,Whole_Blood,DR,2.5708,0.010146871203036393,4,4
ZNF317,Whole_Blood,DR,2.175,0.02962710670225374,3,3
ZNF354A,Whole_Blood,DR,-1.0278,0.30403524453590713,5,5
ZNF385C,Whole_Blood,DR,-13.2489,4.580934725697317e-40,2,2
ZNF396,Whole_Blood,DR,2.1422,0.03217340943880025,3,2
ZNF429,Whole_Blood,DR,-1.1675,0.2429939555342699,3,3
ZNF433,Whole_Blood,DR,-4.2227,2.413757544121645e-05,2,1
ZNF45,Whole_Blood,DR,4.8176,1.4526377337331196e-06,2,2
ZNF529,Whole_Blood,DR,1.8523,0.06398755981492636,2,2
ZNF554,Whole_Blood,DR,0.1788,0.858120324582319,1,1
ZNF584,Whole_Blood,DR,-3.4552,0.000549969087933302,1,1
ZNF607,Whole_Blood,DR,2.3047,0.02118593922949647,2,1
ZNF771,Whole_Blood,DR,1.4458,0.14822010713951952,2,1
ZNF778,Whole_Blood,DR,-9.8052,1.069254976466348e-22,2,2
ZNF792,Whole_Blood,DR,2.3674,0.01791408496739843,2,2
ZNHIT2,Whole_Blood,DR,-3.2558,0.0011307975608838175,1,1
AAMP,Nerve_Tibial,DN,-1.5914,0.1115130066827694,1,1
ABCD2,Nerve_Tibial,DN,-4.882,1.0501459670646736e-06,2,1
ABHD17C,Nerve_Tibial,DN,4.0572,4.9670175667876306e-05,1,1
ABLIM2,Nerve_Tibial,DN,-3.0538,0.0022593607760574546,2,1
AC025335.1,Nerve_Tibial,DN,-3.9442,8.007072699000414e-05,2,1
AC138969.4,Nerve_Tibial,DN,-1.8792,0.060213124915395,1,1
ACAT1,Nerve_Tibial,DN,1.0643,0.28717756836943115,2,1
ACD,Nerve_Tibial,DN,0.3732,0.7090048886136708,2,2
ACP2,Nerve_Tibial,DN,1.3625,0.17302983133643282,2,2
ACSL5,Nerve_Tibial,DN,-5.851,4.887650397257285e-09,1,1
ADAM17,Nerve_Tibial,DN,-0.6471,0.5175695704790372,1,1
ADAM9,Nerve_Tibial,DN,1.1969,0.23132929807060307,2,2
ADAP1,Nerve_Tibial,DN,-2.3001,0.02144292582974967,4,4
ADGRE2,Nerve_Tibial,DN,-0.6743,0.5000995228525543,4,4
AHCYL1,Nerve_Tibial,DN,-3.9193,8.880577981575873e-05,1,1
AIM1L,Nerve_Tibial,DN,-0.322,0.7474638450041984,1,1
AIMP1,Nerve_Tibial,DN,7.0553,1.7217638341575563e-12,3,3
AKAP10,Nerve_Tibial,DN,1.8069,0.07078400436779744,3,3
AL022344.7,Nerve_Tibial,DN,4.687,2.772753648719297e-06,2,2
ALDH4A1,Nerve_Tibial,DN,-2.7618,0.005748248164033435,2,1
ALKBH3,Nerve_Tibial,DN,0.611,0.5412121119270754,1,1
ALMS1,Nerve_Tibial,DN,23.6747,6.578699663355843e-124,3,2
ANKRD23,Nerve_Tibial,DN,-11.4181,3.396380149417336e-30,1,1
ANKRD49,Nerve_Tibial,DN,-12.226,2.2570637838472006e-34,1,1
AOC1,Nerve_Tibial,DN,8.1462,3.753960518324293e-16,1,1
AP2A2,Nerve_Tibial,DN,0.2013,0.8404407752748434,4,3
AP2M1,Nerve_Tibial,DN,-5.879,4.127210019924954e-09,1,1
APEH,Nerve_Tibial,DN,-0.8605,0.38954061236698523,2,1
ARHGAP31,Nerve_Tibial,DN,-0.3347,0.7378205591012134,1,1
ARHGEF10,Nerve_Tibial,DN,-17.7691,1.22649822749709e-70,5,3
ARL4D,Nerve_Tibial,DN,-0.6124,0.5402853565899144,2,2
ARMC1,Nerve_Tibial,DN,-1.893,0.05835912975458301,2,2
ARPIN,Nerve_Tibial,DN,-0.1756,0.8605729402157698,3,3
ARSK,Nerve_Tibial,DN,-2.5891,0.009622515197673511,2,2
ASAH2B,Nerve_Tibial,DN,-2.4176,0.015623746505341317,3,3
ASB1,Nerve_Tibial,DN,2.6635,0.00773249543427714,2,2
AZI2,Nerve_Tibial,DN,-0.5152,0.6064146085049895,2,2
BAG5,Nerve_Tibial,DN,-1.9229,0.0544898095464989,1,1
BAIAP2L2,Nerve_Tibial,DN,0.1676,0.866903795626544,3,1
BANF1,Nerve_Tibial,DN,-1.6928,0.09049802438049546,3,3
BBS2,Nerve_Tibial,DN,-2.6256,0.008648515513965806,3,3
BCAP29,Nerve_Tibial,DN,-14.1721,1.3628806439746106e-45,3,2
BCAS2,Nerve_Tibial,DN,-0.0072,0.9942797406932451,1,1
BDP1,Nerve_Tibial,DN,0.6363,0.5245512090870765,3,3
BEND5,Nerve_Tibial,DN,-8.2702,1.3378155342996225e-16,1,1
BPI,Nerve_Tibial,DN,-4.6116,3.995483113267587e-06,3,2
BRIP1,Nerve_Tibial,DN,-2.2122,0.026956004337196773,3,3
BTBD19,Nerve_Tibial,DN,0.8387,0.40161278050533983,1,1
C12ORF49,Nerve_Tibial,DN,-1.9892,0.04668168288559581,2,1
C19ORF18,Nerve_Tibial,DN,-1.3277,0.18428930168988494,3,2
C1ORF123,Nerve_Tibial,DN,-4.0872,4.3655982103482667e-05,2,1
C2CD2,Nerve_Tibial,DN,4.2784,1.8826240518857396e-05,3,2
C2ORF69,Nerve_Tibial,DN,2.6324,0.008477380022604529,1,1
C3ORF20,Nerve_Tibial,DN,1.7438,0.08119971097407243,1,1
C3ORF38,Nerve_Tibial,DN,4.8403,1.2963081313564454e-06,1,1
C4ORF32,Nerve_Tibial,DN,-1.9573,0.05031297140210878,1,1
C5ORF15,Nerve_Tibial,DN,-2.8807,0.003967520343470386,2,1
CA11,Nerve_Tibial,DN,-11.6569,2.1165560644560637e-31,2,2
CA8,Nerve_Tibial,DN,-0.4622,0.6439292307643849,2,2
CACUL1,Nerve_Tibial,DN,3.0266,0.00247339444967195,3,2
CAPZA2,Nerve_Tibial,DN,3.1198,0.0018099036863801917,2,2
CARM1,Nerve_Tibial,DN,-1.5883,0.11221619656213752,2,2
CASC4,Nerve_Tibial,DN,4.8032,1.56164936367246e-06,1,1
CBX1,Nerve_Tibial,DN,2.7595,0.005788466275179763,2,2
CBX6,Nerve_Tibial,DN,3.5558,0.0003768864297753394,2,2
CCDC6,Nerve_Tibial,DN,-0.2338,0.8151585962378536,1,1
CCDC80,Nerve_Tibial,DN,-3.7611,0.00016916144336425663,2,2
CCL4,Nerve_Tibial,DN,3.3833,0.0007162406633740583,1,1
CD5,Nerve_Tibial,DN,4.4489,8.632789662840078e-06,1,1
CD72,Nerve_Tibial,DN,6.5902,4.391699756322169e-11,1,1
CDC37L1-AS1,Nerve_Tibial,DN,5.3686,7.932989869597128e-08,2,2
CDC42,Nerve_Tibial,DN,-6.8213,9.021415450462394e-12,2,1
CDC7,Nerve_Tibial,DN,1.4634,0.14336085927468706,2,2
CDH13,Nerve_Tibial,DN,-1.1427,0.2531790551524414,1,1
CDHR1,Nerve_Tibial,DN,-1.7715,0.07646968075076438,2,2
CDK11B,Nerve_Tibial,DN,-13.1692,1.3191222063668858e-39,2,1
CDS1,Nerve_Tibial,DN,-8.8271,1.074544663171905e-18,2,1
CES3,Nerve_Tibial,DN,-4.4194,9.895851585093808e-06,1,1
CFDP1,Nerve_Tibial,DN,-0.1085,0.9135914864296534,3,2
CHML,Nerve_Tibial,DN,-3.5277,0.0004191886403373665,3,2
CHMP2A,Nerve_Tibial,DN,-1.5936,0.11103282056511045,2,2
CHRNE,Nerve_Tibial,DN,-2.6984,0.006967804111871496,2,2
CISD3,Nerve_Tibial,DN,0.2938,0.7689193887322104,2,2
CITED2,Nerve_Tibial,DN,1.9857,0.04707122979629665,1,1
CLEC10A,Nerve_Tibial,DN,1.7949,0.0726641933532515,1,1
CLEC2D,Nerve_Tibial,DN,-1.0183,0.30852111993262427,5,5
CLECL1,Nerve_Tibial,DN,-5.6345,1.7551990287193844e-08,2,1
CLIP4,Nerve_Tibial,DN,0.0623,0.9503008486484145,1,1
CLN3,Nerve_Tibial,DN,-0.1603,0.8726396111375736,1,1
COL6A2,Nerve_Tibial,DN,9.82,9.237900657914567e-23,4,4
COL7A1,Nerve_Tibial,DN,3.7602,0.0001697752323299906,1,1
CPNE3,Nerve_Tibial,DN,-0.4661,0.6411630203267802,3,2
CPSF2,Nerve_Tibial,DN,2.5475,0.010849450143069672,3,2
CRACR2B,Nerve_Tibial,DN,0.6413,0.5213289317078427,3,2
CRYGS,Nerve_Tibial,DN,5.2593,1.446044130493831e-07,3,3
CTBS,Nerve_Tibial,DN,-26.6246,3.526260506685319e-156,3,3
CTD-2081C10.7,Nerve_Tibial,DN,-1.7583,0.07870271943697672,1,1
CTD-3116E22.8,Nerve_Tibial,DN,-0.3726,0.7094558922311898,2,2
CYB5R3,Nerve_Tibial,DN,-2.6081,0.009105757827130486,4,3
DAPP1,Nerve_Tibial,DN,0.3028,0.7620225420774588,2,2
DBF4B,Nerve_Tibial,DN,-3.9055,9.404045525185267e-05,3,3
DCTD,Nerve_Tibial,DN,-0.0646,0.9484852918336353,4,3
DCTN5,Nerve_Tibial,DN,0.2822,0.7777800822910073,3,2
DDHD1,Nerve_Tibial,DN,-1.6285,0.10342020776581602,2,2
DDIAS,Nerve_Tibial,DN,1.5292,0.12620944357806813,2,2
DEGS2,Nerve_Tibial,DN,-0.162,0.871270126290177,2,1
DENND5A,Nerve_Tibial,DN,-0.2701,0.7871137073601572,1,1
DMXL1,Nerve_Tibial,DN,16.2506,2.2119550979023557e-59,2,1
DNAJC15,Nerve_Tibial,DN,0.4808,0.6306349872568149,1,1
DNAJC9,Nerve_Tibial,DN,3.0425,0.002346497346773034,1,1
DNAL4,Nerve_Tibial,DN,-4.8104,1.506307544614456e-06,3,2
DZIP1L,Nerve_Tibial,DN,-0.8657,0.38663749031784717,4,3
EBLN2,Nerve_Tibial,DN,-0.0505,0.9597283771095835,1,1
ECHDC3,Nerve_Tibial,DN,-2.6286,0.00857402390981873,5,5
EEPD1,Nerve_Tibial,DN,1.1125,0.2659430848932908,2,1
EHMT1,Nerve_Tibial,DN,1.2951,0.1953020831376553,1,1
EMC2,Nerve_Tibial,DN,-0.9016,0.3672593948651373,2,2
EMG1,Nerve_Tibial,DN,-4.1363,3.529969392156396e-05,2,2
EPB41L4A-AS1,Nerve_Tibial,DN,0.7906,0.4291494740742753,1,1
EPG5,Nerve_Tibial,DN,0.1447,0.8849230537580531,1,1
EPOP,Nerve_Tibial,DN,-1.1532,0.24882585391239034,2,2
EPS8,Nerve_Tibial,DN,0.5628,0.5735734043636876,1,1
EXOSC8,Nerve_Tibial,DN,-1.5592,0.11894255070348958,1,1
FADS3,Nerve_Tibial,DN,-2.6097,0.009060936265010937,5,5
FAM117B,Nerve_Tibial,DN,-1.1427,0.25314964270665574,1,1
FAM122A,Nerve_Tibial,DN,5.4832,4.176456546436561e-08,1,1
FAM124A,Nerve_Tibial,DN,-1.3342,0.1821533983551408,2,2
FAM167A,Nerve_Tibial,DN,3.653,0.00025919187187010344,5,3
FAM20B,Nerve_Tibial,DN,-0.9398,0.34732199631138044,3,3
FAM210A,Nerve_Tibial,DN,1.9968,0.04585160413227549,3,3
FAM213A,Nerve_Tibial,DN,-2.3504,0.018753984673967317,2,2
FAM24B,Nerve_Tibial,DN,-0.4295,0.667580549630036,1,1
FAXDC2,Nerve_Tibial,DN,-3.9555,7.636917469635505e-05,2,1
FCF1,Nerve_Tibial,DN,-4.4858,7.262649538197626e-06,2,1
FCHO2,Nerve_Tibial,DN,-1.3335,0.18238373924443133,3,3
FGD3,Nerve_Tibial,DN,-8.6788,3.999384212528536e-18,2,2
FGF11,Nerve_Tibial,DN,-3.3325,0.0008608394935844391,2,2
FGFR4,Nerve_Tibial,DN,-3.7766,0.00015900609353581324,2,2
FIG4,Nerve_Tibial,DN,1.1727,0.2409307237408767,2,2
FKBP9,Nerve_Tibial,DN,-6.0411,1.5307146166242415e-09,2,1
FRA10AC1,Nerve_Tibial,DN,-7.2404,4.473152626414186e-13,8,7
FUT11,Nerve_Tibial,DN,-4.1201,3.787495527895417e-05,2,2
GGACT,Nerve_Tibial,DN,-1.3329,0.18256159164149596,2,1
GID8,Nerve_Tibial,DN,-0.5203,0.6028304277732164,3,3
GK5,Nerve_Tibial,DN,2.6854,0.007243672824380605,3,3
GMCL1,Nerve_Tibial,DN,-1.249,0.21168266168824806,1,1
GNPDA1,Nerve_Tibial,DN,4.5586,5.149019372642856e-06,3,3
GOLGA5,Nerve_Tibial,DN,1.8035,0.07130645545075187,1,1
GOLGA7B,Nerve_Tibial,DN,0.5311,0.5953687897348539,1,1
GPR137,Nerve_Tibial,DN,0.4555,0.6487702789306755,1,1
GPR20,Nerve_Tibial,DN,2.397,0.016529021698273326,2,1
GPR4,Nerve_Tibial,DN,0.3614,0.7177888005910085,1,1
GRAMD1C,Nerve_Tibial,DN,1.9649,0.049429162852212154,2,2
GRAMD3,Nerve_Tibial,DN,5.1338,2.839304945015208e-07,2,1
GSTA1,Nerve_Tibial,DN,0.0877,0.9301068066160482,2,2
GSTM3,Nerve_Tibial,DN,-5.8044,6.458005393979876e-09,6,5
GTF2E1,Nerve_Tibial,DN,-0.4418,0.6586390084005446,1,1
GTPBP1,Nerve_Tibial,DN,87.8192,0.0,2,2
GYPC,Nerve_Tibial,DN,1.1919,0.23328434365525647,3,2
HACD2,Nerve_Tibial,DN,-1.7889,0.07362611419495002,2,2
HEMK1,Nerve_Tibial,DN,-10.9088,1.046740809489942e-27,2,2
HERPUD2,Nerve_Tibial,DN,0.0939,0.9251660332972833,1,1
HIF3A,Nerve_Tibial,DN,2.3002,0.021435818506942414,3,3
HINT2,Nerve_Tibial,DN,1.4426,0.14913857360592864,1,1
HIP1R,Nerve_Tibial,DN,-0.1078,0.9141865299617264,2,2
HIST1H2BN,Nerve_Tibial,DN,-56.2469,0.0,2,2
HK2,Nerve_Tibial,DN,-9.2444,2.364800802683167e-20,3,2
HMGCL,Nerve_Tibial,DN,-1.8515,0.06410326575256875,1,1
HOXB4,Nerve_Tibial,DN,-2.0247,0.042893462323722174,2,1
HPCAL1,Nerve_Tibial,DN,3.7188,0.0002002068244579425,4,4
HS1BP3,Nerve_Tibial,DN,0.947,0.34363898746318244,2,2
HS3ST3A1,Nerve_Tibial,DN,-5.1433,2.6998063463875444e-07,2,2
HSD17B6,Nerve_Tibial,DN,3.171,0.0015190923888345205,1,1
IDH2,Nerve_Tibial,DN,1.2736,0.20279671297925797,3,3
IFT122,Nerve_Tibial,DN,1.6823,0.09251027910380955,2,1
IL11RA,Nerve_Tibial,DN,-6.1745,6.637824714981137e-10,1,1
IL15,Nerve_Tibial,DN,-1.0827,0.27894100246823156,2,2
IL18R1,Nerve_Tibial,DN,-0.7169,0.47342259325189323,2,2
ILK,Nerve_Tibial,DN,0.8709,0.38383443096458836,2,1
IQGAP2,Nerve_Tibial,DN,1.4237,0.15453211423057342,2,2
IQSEC3,Nerve_Tibial,DN,0.9414,0.3465118097366772,2,2
IRAK1BP1,Nerve_Tibial,DN,-1.1682,0.24272951246085184,2,2
ITGAD,Nerve_Tibial,DN,-1.1389,0.25473855239482435,3,3
ITPRIPL1,Nerve_Tibial,DN,1.4333,0.15177056426297775,2,2
JMJD4,Nerve_Tibial,DN,-5.9242,3.1382048369324824e-09,2,2
KATNBL1,Nerve_Tibial,DN,-0.231,0.8172959486700004,2,2
KBTBD11,Nerve_Tibial,DN,-1.8781,0.06036722052717145,4,3
KCNK17,Nerve_Tibial,DN,2.9484,0.003194641092615693,2,2
KCNQ5,Nerve_Tibial,DN,-0.1309,0.8958527976546574,2,1
KDM5B,Nerve_Tibial,DN,-0.5688,0.5694922080705289,2,1
KIF13A,Nerve_Tibial,DN,-1.3673,0.17154087017489889,2,2
KIF18A,Nerve_Tibial,DN,12.2429,1.8331898108372806e-34,1,1
KIF23,Nerve_Tibial,DN,-3.5228,0.0004269733040062709,2,1
KIFC1,Nerve_Tibial,DN,-3.2668,0.0010878069813719032,1,1
KLHL40,Nerve_Tibial,DN,-0.0534,0.9574150516542467,1,1
LANCL1,Nerve_Tibial,DN,0.8291,0.4070686705097137,2,2
LAPTM4A,Nerve_Tibial,DN,1.1127,0.265842090644376,2,2
LCN8,Nerve_Tibial,DN,-0.1188,0.9054367007444962,3,3
LEPROT,Nerve_Tibial,DN,-2.2546,0.024160956490557557,2,1
LIN37,Nerve_Tibial,DN,-0.6006,0.5481094851843309,1,1
LIN7A,Nerve_Tibial,DN,0.2464,0.8053346528676901,1,1
LINC00324,Nerve_Tibial,DN,2.8121,0.004921920796968614,1,1
LINC00662,Nerve_Tibial,DN,-17.0144,6.425782477828092e-65,3,3
LINC00865,Nerve_Tibial,DN,-1.8155,0.06944563297208672,1,1
LINC00937,Nerve_Tibial,DN,-399.0041,0.0,4,2
LINC00954,Nerve_Tibial,DN,-1.8388,0.0659432927883477,2,2
LINC01291,Nerve_Tibial,DN,2.7026,0.006880207022204918,1,1
LINC01597,Nerve_Tibial,DN,1.0063,0.31425929870779723,2,2
LINC01644,Nerve_Tibial,DN,-5.4042,6.510831788827194e-08,1,1
LINC01970,Nerve_Tibial,DN,-0.7659,0.44372161881834643,1,1
LINC02062,Nerve_Tibial,DN,0.3685,0.7125239435736663,1,1
LPCAT3,Nerve_Tibial,DN,5.9353,2.9334260497668995e-09,1,1
LPCAT4,Nerve_Tibial,DN,-2.5352,0.011238761066032181,2,2
LRIG2,Nerve_Tibial,DN,1.7905,0.07336587031173791,1,1
LRRC23,Nerve_Tibial,DN,1.8028,0.07141520083760244,2,2
MAP3K10,Nerve_Tibial,DN,2.7079,0.0067702937098343,1,1
MAP3K14,Nerve_Tibial,DN,-3.9718,7.13408438077117e-05,1,1
MAP4,Nerve_Tibial,DN,0.749,0.45386869521647694,1,1
MCM8,Nerve_Tibial,DN,-1.37,0.17069132902047007,2,2
ME2,Nerve_Tibial,DN,2.7732,0.0055512826983439905,4,4
MED17,Nerve_Tibial,DN,1.6319,0.102708945949862,3,3
MED22,Nerve_Tibial,DN,0.3608,0.7182235373912789,2,1
MFSD3,Nerve_Tibial,DN,7.0086,2.4072851391746158e-12,2,2
MFSD5,Nerve_Tibial,DN,-1.0934,0.27423168124261305,3,2
MIA3,Nerve_Tibial,DN,6.309,2.8084098402727797e-10,3,3
MICAL2,Nerve_Tibial,DN,1.826,0.06785527525240613,1,1
MIR3945HG,Nerve_Tibial,DN,-2.6057,0.009168468878854839,2,2
MPHOSPH9,Nerve_Tibial,DN,0.956,0.33906249065337574,3,2
MRAS,Nerve_Tibial,DN,9.3989,5.51145364319228e-21,3,3
MSANTD2,Nerve_Tibial,DN,6.6979,2.1144256166143674e-11,2,2
MT1E,Nerve_Tibial,DN,-0.2257,0.8214597369399907,1,1
MTDH,Nerve_Tibial,DN,-4.4201,9.863837163571185e-06,1,1
MTG2,Nerve_Tibial,DN,-1.6471,0.09953713831158217,4,2
MTHFS,Nerve_Tibial,DN,-9.1219,7.382672306018896e-20,4,3
MTPAP,Nerve_Tibial,DN,-1.3294,0.18373104218602965,1,1
MTSS1,Nerve_Tibial,DN,6.8732,6.276817518344397e-12,2,2
MVB12A,Nerve_Tibial,DN,0.967,0.3335340247267592,3,3
MXD4,Nerve_Tibial,DN,-0.5274,0.5979086251596784,2,2
MYCT1,Nerve_Tibial,DN,0.2337,0.8152077627609988,2,2
MYL5,Nerve_Tibial,DN,-45.9193,0.0,3,3
NAALAD2,Nerve_Tibial,DN,-0.4749,0.6348373882284192,5,2
NAPEPLD,Nerve_Tibial,DN,-4.2273,2.3648984641024627e-05,2,2
NCOA7,Nerve_Tibial,DN,-3.8894,0.0001004876920617956,1,1
NEK1,Nerve_Tibial,DN,4.8304,1.3628136244472552e-06,2,2
NFIX,Nerve_Tibial,DN,13.8772,8.705302033911673e-44,1,1
NFYB,Nerve_Tibial,DN,2.6005,0.009309456096603597,1,1
NIPAL2,Nerve_Tibial,DN,1.0159,0.3096798227019574,2,2
NRBP2,Nerve_Tibial,DN,0.0636,0.949315525827338,1,1
NSMCE1,Nerve_Tibial,DN,-0.6439,0.5196252689901404,2,2
NSUN5,Nerve_Tibial,DN,10.7255,7.727570696392652e-27,2,1
NUBPL,Nerve_Tibial,DN,-1.2364,0.21631942148740707,1,1
NUDT14,Nerve_Tibial,DN,-0.0446,0.9644505605126216,5,4
NUP107,Nerve_Tibial,DN,3.3294,0.0008703188527785784,4,4
OAF,Nerve_Tibial,DN,-3.2932,0.0009906537634974742,4,4
ODF2L,Nerve_Tibial,DN,-0.7701,0.4412129369751429,3,3
OIP5,Nerve_Tibial,DN,0.4367,0.662318268185641,1,1
OLA1,Nerve_Tibial,DN,-2.6769,0.007429949156612291,1,1
OLFM1,Nerve_Tibial,DN,0.7557,0.4498216029105507,2,1
OR2W3,Nerve_Tibial,DN,-1.1268,0.2598287398264748,3,2
OSBPL6,Nerve_Tibial,DN,0.8083,0.4189256201473861,3,3
OTUB1,Nerve_Tibial,DN,-7.8387,4.553388119483288e-15,2,2
OXT,Nerve_Tibial,DN,-0.5588,0.57628572969301,1,1
PCDH1,Nerve_Tibial,DN,-5.3097,1.0980190109743951e-07,1,1
PCP4L1,Nerve_Tibial,DN,1.0078,0.3135594158024258,1,1
PDAP1,Nerve_Tibial,DN,-0.2414,0.8092361923836855,1,1
PDCD2,Nerve_Tibial,DN,-0.725,0.46842362945178545,1,1
PEX11A,Nerve_Tibial,DN,-1.9307,0.053515924038910416,2,1
PHC1,Nerve_Tibial,DN,9.6405,5.394985453402622e-22,3,3
PHYKPL,Nerve_Tibial,DN,8.6558,4.893669865295321e-18,5,4
PIGP,Nerve_Tibial,DN,1.8058,0.07095120972368912,4,4
PIGU,Nerve_Tibial,DN,-0.4939,0.6213757941610462,2,2
PIGW,Nerve_Tibial,DN,-6.1977,5.731081392064086e-10,3,2
PIK3R4,Nerve_Tibial,DN,1.3551,0.1753807176740212,2,2
PIKFYVE,Nerve_Tibial,DN,3.7664,0.00016562771556269032,2,1
PIP5K1A,Nerve_Tibial,DN,-0.7343,0.4627367797499642,2,2
PKIG,Nerve_Tibial,DN,17.8846,1.5540824637238518e-71,1,1
PLCD1,Nerve_Tibial,DN,-2.4857,0.01292996938438668,1,1
PLEKHD1,Nerve_Tibial,DN,3.3329,0.0008594917765008793,1,1
PLLP,Nerve_Tibial,DN,2.7045,0.006840031312199069,2,2
POU6F1,Nerve_Tibial,DN,1.6523,0.09847279360072692,2,2
PP2D1,Nerve_Tibial,DN,0.7891,0.4300715992044697,1,1
PPAN,Nerve_Tibial,DN,1.4325,0.15199506668834223,2,1
PPTC7,Nerve_Tibial,DN,11.5744,5.55771195371666e-31,1,1
PPWD1,Nerve_Tibial,DN,-3.7907,0.00015023653174544332,2,2
PRKACA,Nerve_Tibial,DN,-11.6297,2.912130874260185e-31,1,1
PRKAR2B,Nerve_Tibial,DN,10.5986,3.0242261079617546e-26,1,1
PRKCZ,Nerve_Tibial,DN,0.9175,0.3589056402711324,1,1
PRSS53,Nerve_Tibial,DN,3.6759,0.00023703836711073904,2,2
PSEN1,Nerve_Tibial,DN,-2.6869,0.007211458497530255,1,1
PSMB7,Nerve_Tibial,DN,0.9982,0.31819325701979495,1,1
PSMD4,Nerve_Tibial,DN,-2.4546,0.014104396030756125,3,2
PTBP3,Nerve_Tibial,DN,1.8895,0.058826422107144095,1,1
PTGDR,Nerve_Tibial,DN,-3.0852,0.0020343869078760252,1,1
PTGR1,Nerve_Tibial,DN,-1.0303,0.30289052633019103,5,4
PVRIG,Nerve_Tibial,DN,-4.8526,1.2188171261941808e-06,2,1
RAB17,Nerve_Tibial,DN,3.1398,0.0016905140955284662,2,2
RAB5B,Nerve_Tibial,DN,-3.4292,0.0006053880710008124,1,1
RACK1,Nerve_Tibial,DN,-3.626,0.0002878203581858065,3,2
RANBP2,Nerve_Tibial,DN,11.6928,1.3876816550087833e-31,2,2
RARB,Nerve_Tibial,DN,4.4305,9.401624125275082e-06,1,1
RBFA,Nerve_Tibial,DN,-1.0542,0.2918105770443744,2,2
RBM42,Nerve_Tibial,DN,-18.7254,3.0740258516202855e-78,1,1
REEP3,Nerve_Tibial,DN,1.9512,0.051035527499891924,2,1
RHBDF1,Nerve_Tibial,DN,6.431,1.267740348720857e-10,3,3
RHNO1,Nerve_Tibial,DN,1.8909,0.058640002753402455,1,1
RNASEK,Nerve_Tibial,DN,-19.7255,1.3019731650422025e-86,2,2
RNF115,Nerve_Tibial,DN,2.3738,0.017605872002359163,3,3
RNF122,Nerve_Tibial,DN,0.405,0.6854826414706121,1,1
RNF146,Nerve_Tibial,DN,5.192,2.0800942744878525e-07,1,1
RNF25,Nerve_Tibial,DN,-3.7764,0.00015910694732252357,1,1
RNF44,Nerve_Tibial,DN,5.1925,2.0749354806676387e-07,1,1
ROCK2,Nerve_Tibial,DN,1.8361,0.06634714983844439,2,2
RP11-110I1.14,Nerve_Tibial,DN,-0.4001,0.689071940343082,2,1
RP11-121M22.1,Nerve_Tibial,DN,-1.8805,0.06004617835520786,1,1
RP11-182L21.6,Nerve_Tibial,DN,-2.0691,0.0385333975292561,2,1
RP11-286N22.8,Nerve_Tibial,DN,6.8903,5.566500425391267e-12,2,2
RP11-370I10.12,Nerve_Tibial,DN,-10.423,1.946187425869283e-25,2,1
RP11-441O15.3,Nerve_Tibial,DN,6.005,1.913361670118081e-09,3,3
RP11-455O6.9,Nerve_Tibial,DN,-2.6238,0.008694393127758129,1,1
RP11-506M13.3,Nerve_Tibial,DN,2.4911,0.012735733318652742,3,3
RP11-517P14.2,Nerve_Tibial,DN,-3.4501,0.0005603315808824194,2,2
RP11-53O19.3,Nerve_Tibial,DN,1.7429,0.08135555319176008,2,2
RP11-676J12.4,Nerve_Tibial,DN,0.8825,0.37749636643655765,2,2
RP11-722E23.2,Nerve_Tibial,DN,0.6097,0.5420569209299766,1,1
RP11-791G15.2,Nerve_Tibial,DN,-0.3424,0.7320505425978732,2,1
RP11-849H4.2,Nerve_Tibial,DN,-2.5502,0.010764873560160834,1,1
RP3-460G2.2,Nerve_Tibial,DN,-2.5922,0.00953586672348894,4,3
RP4-761J14.10,Nerve_Tibial,DN,2.4053,0.01615987759791946,2,2
RPGRIP1,Nerve_Tibial,DN,-0.5546,0.5791488704632355,2,1
RRP12,Nerve_Tibial,DN,-7.247,4.262533320894192e-13,1,1
RRP8,Nerve_Tibial,DN,2.453,0.014167690898481917,3,3
RSPH4A,Nerve_Tibial,DN,2.3502,0.01876211894720155,1,1
RTP5,Nerve_Tibial,DN,-1.0721,0.2836751470922169,2,1
RUVBL1,Nerve_Tibial,DN,1.8974,0.057776260861353734,1,1
S100A4,Nerve_Tibial,DN,-1.6501,0.09891372718083488,2,2
SAFB2,Nerve_Tibial,DN,-9.7082,2.7827100555888917e-22,1,1
SAMD12,Nerve_Tibial,DN,-8.4315,3.412327658991909e-17,2,2
SAMHD1,Nerve_Tibial,DN,5.0332,4.82353416797758e-07,1,1
SAP25,Nerve_Tibial,DN,-0.1745,0.8614863455119847,4,4
SCAF11,Nerve_Tibial,DN,0.0168,0.986618559173267,1,1
SCIMP,Nerve_Tibial,DN,0.0074,0.994106163069995,2,2
SCN4A,Nerve_Tibial,DN,16.5012,3.599010697380305e-61,1,1
SCN8A,Nerve_Tibial,DN,-1.6897,0.09107649101755537,1,1
SCUBE3,Nerve_Tibial,DN,-3.531,0.00041393690064777994,1,1
SCYL2,Nerve_Tibial,DN,-8.3087,9.67906846717404e-17,3,3
SDCCAG3,Nerve_Tibial,DN,-3.9012,9.569808235120962e-05,1,1
SEC14L4,Nerve_Tibial,DN,0.5526,0.580510821215851,2,2
SEC16A,Nerve_Tibial,DN,-5.6179,1.9328225005644166e-08,4,4
SEC24D,Nerve_Tibial,DN,-9.3172,1.1948042135283711e-20,2,2
SELP,Nerve_Tibial,DN,0.2248,0.8221096210843385,1,1
SEPT10,Nerve_Tibial,DN,3.5982,0.00032040335181872246,1,1
SERPINH1,Nerve_Tibial,DN,-17.8357,3.731835060004475e-71,2,2
SETMAR,Nerve_Tibial,DN,-6.211,5.264284876443216e-10,2,1
SF1,Nerve_Tibial,DN,-2.0601,0.03938809095532927,2,1
SFXN1,Nerve_Tibial,DN,4.5439,5.521118007755824e-06,1,1
SGCA,Nerve_Tibial,DN,-4.172,3.0193054980399794e-05,4,4
SGF29,Nerve_Tibial,DN,-6.9945,2.6622717202065307e-12,2,2
SH2D1B,Nerve_Tibial,DN,-2.7947,0.005194776671494083,1,1
SH3YL1,Nerve_Tibial,DN,0.7689,0.44193831426161445,3,3
SHARPIN,Nerve_Tibial,DN,-3.5108,0.0004467032857297955,1,1
SIGLEC12,Nerve_Tibial,DN,1.1583,0.24673502375484518,2,1
SIGLEC5,Nerve_Tibial,DN,-1.1187,0.26327441116250005,4,4
SIPA1L2,Nerve_Tibial,DN,-1.7205,0.08533514873994398,1,1
SIT1,Nerve_Tibial,DN,-3.1765,0.0014905989662704457,1,1
SKAP1,Nerve_Tibial,DN,5.3022,1.1441753927803693e-07,3,3
SLA,Nerve_Tibial,DN,13.8543,1.1976079783826274e-43,3,3
SLN,Nerve_Tibial,DN,-2.6008,0.009301652808347218,2,2
SMKR1,Nerve_Tibial,DN,-15.2646,1.3167966698040508e-52,2,2
SMNDC1,Nerve_Tibial,DN,-0.0856,0.9318088268444197,1,1
SMO,Nerve_Tibial,DN,9.3069,1.3165256239021834e-20,1,1
SMYD5,Nerve_Tibial,DN,3.32,0.0009001575215537168,2,2
SNAPC3,Nerve_Tibial,DN,-0.201,0.84073701370887,1,1
SQLE,Nerve_Tibial,DN,1.9857,0.04707148882360439,2,2
SRSF3,Nerve_Tibial,DN,3.4849,0.0004923724979636365,1,1
SSR2,Nerve_Tibial,DN,3.966,7.30904528264608e-05,2,1
ST6GALNAC6,Nerve_Tibial,DN,1.2432,0.21381014437431997,1,1
ST7L,Nerve_Tibial,DN,1.3847,0.16613348038216677,1,1
STARD4,Nerve_Tibial,DN,-8.3181,8.941052567165638e-17,1,1
STAT5B,Nerve_Tibial,DN,-11.4066,3.877361108322805e-30,2,2
STK25,Nerve_Tibial,DN,-1.6144,0.1064409231901946,1,1
STOML1,Nerve_Tibial,DN,1.3957,0.16281008594043606,1,1
STOX1,Nerve_Tibial,DN,0.7633,0.4452807029505449,1,1
SYNGR1,Nerve_Tibial,DN,0.5252,0.599420360141536,2,2
SYPL2,Nerve_Tibial,DN,-3.009,0.002620961211408743,2,2
SYT1,Nerve_Tibial,DN,0.2723,0.7854135430799212,1,1
SYTL2,Nerve_Tibial,DN,7.5446,4.5362423808896553e-14,3,2
TAGLN2,Nerve_Tibial,DN,0.7722,0.44002167511483303,3,2
TBC1D32,Nerve_Tibial,DN,-13.501,1.543573549691521e-41,3,2
TBC1D9,Nerve_Tibial,DN,2.8416,0.004489314432886312,2,2
TBCC,Nerve_Tibial,DN,-2.6112,0.009023426836486579,1,1
TCOF1,Nerve_Tibial,DN,-0.4409,0.6592493617732221,1,1
TDRD3,Nerve_Tibial,DN,2.4658,0.013670863894220299,2,1
TFF3,Nerve_Tibial,DN,10.9562,6.20219406201965e-28,1,1
TIGD1,Nerve_Tibial,DN,-1.7274,0.08409723056466666,2,2
TIRAP,Nerve_Tibial,DN,0.5438,0.5865489279948919,1,1
TJAP1,Nerve_Tibial,DN,5.2104,1.8845715464813726e-07,1,1
TLE2,Nerve_Tibial,DN,0.4324,0.6654282252536095,1,1
TM2D1,Nerve_Tibial,DN,-0.5624,0.5738166764056105,2,2
TM7SF2,Nerve_Tibial,DN,-4.621,3.818305059141338e-06,1,1
TMED6,Nerve_Tibial,DN,0.6558,0.5119498943996935,3,3
TMEM11,Nerve_Tibial,DN,-1.4103,0.1584463035435445,2,1
TMEM163,Nerve_Tibial,DN,3.1075,0.0018869655777103635,2,1
TMEM168,Nerve_Tibial,DN,0.5837,0.5594504409621038,2,2
TMEM222,Nerve_Tibial,DN,-9.9025,4.059321559140082e-23,3,3
TMEM41B,Nerve_Tibial,DN,-4.4425,8.893049091003885e-06,2,1
TMEM59,Nerve_Tibial,DN,2.3878,0.01694773979022875,2,1
TNFSF12,Nerve_Tibial,DN,0.8126,0.4164310181732841,2,2
TOMM40L,Nerve_Tibial,DN,1.4207,0.15539400015887384,2,2
TPRKB,Nerve_Tibial,DN,0.2908,0.7711781446484309,2,2
TRAPPC6A,Nerve_Tibial,DN,-3.4665,0.0005272053565535946,2,2
TRNT1,Nerve_Tibial,DN,7.3205,2.4706852649908925e-13,3,2
TRPM2,Nerve_Tibial,DN,2.0223,0.04315016827406098,1,1
TRUB2,Nerve_Tibial,DN,-3.4445,0.0005720897246801496,1,1
TSEN54,Nerve_Tibial,DN,-4.9278,8.316694971433853e-07,1,1
TSPO,Nerve_Tibial,DN,-3.5402,0.0003997593150268263,4,4
TSPYL4,Nerve_Tibial,DN,0.2895,0.7722247613830673,2,2
TSSK4,Nerve_Tibial,DN,1.9919,0.046378565639457525,2,1
TTLL12,Nerve_Tibial,DN,-3.0206,0.002522939880167255,4,3
TTN,Nerve_Tibial,DN,7.47,8.017189555260645e-14,1,1
UBN1,Nerve_Tibial,DN,-2.0232,0.04305602000605056,2,2
UBOX5,Nerve_Tibial,DN,2.0072,0.04472968995960517,2,1
UBR7,Nerve_Tibial,DN,-3.5784,0.00034572752760581683,1,1
UCN,Nerve_Tibial,DN,-2.935,0.0033357313996316695,1,1
ULK3,Nerve_Tibial,DN,0.1347,0.8928447277540725,3,3
UPP1,Nerve_Tibial,DN,0.4127,0.6798035604970938,2,2
USP47,Nerve_Tibial,DN,0.8855,0.3758734632810476,2,2
UTP3,Nerve_Tibial,DN,-0.0142,0.9886703659383604,2,1
VAMP5,Nerve_Tibial,DN,-0.5099,0.6101354652864492,1,1
VNN3,Nerve_Tibial,DN,-2.4689,0.01355458548832014,2,2
VPREB3,Nerve_Tibial,DN,5.4226,5.8740911754534016e-08,1,1
VPS37A,Nerve_Tibial,DN,2.6387,0.008322926044804916,2,2
VPS50,Nerve_Tibial,DN,5.3478,8.901689044793686e-08,2,2
VSIG10L,Nerve_Tibial,DN,-1.4595,0.14441608468494718,2,2
WASHC2C,Nerve_Tibial,DN,-0.9179,0.3586852815355445,5,4
WDPCP,Nerve_Tibial,DN,-0.2962,0.7670481147154331,2,2
WDR34,Nerve_Tibial,DN,-12.1663,4.700862044676104e-34,2,1
WDR47,Nerve_Tibial,DN,-0.0011,0.9991308885952579,1,1
WLS,Nerve_Tibial,DN,-0.5134,0.6076923204507234,2,2
WWC1,Nerve_Tibial,DN,2.8258,0.004716094841282463,2,2
XPNPEP3,Nerve_Tibial,DN,-1.2461,0.2127280554724543,1,1
XPO5,Nerve_Tibial,DN,-4.9169,8.79253011318017e-07,1,1
YARS,Nerve_Tibial,DN,0.7373,0.460947874669114,2,2
ZAP70,Nerve_Tibial,DN,-2.1705,0.029966045187010838,2,1
ZBTB8OS,Nerve_Tibial,DN,5.7883,7.110721549539006e-09,2,2
ZC3H12C,Nerve_Tibial,DN,0.0252,0.9799290255494167,2,1
ZC3H7B,Nerve_Tibial,DN,-22.9028,4.354503559323075e-116,1,1
ZCWPW1,Nerve_Tibial,DN,-0.5709,0.5680479878255948,3,3
ZFAT,Nerve_Tibial,DN,-16.213,4.081570226073129e-59,1,1
ZFP41,Nerve_Tibial,DN,-2.6075,0.009120087820553196,2,2
ZFP82,Nerve_Tibial,DN,-1.7274,0.08409339327691964,1,1
ZFYVE27,Nerve_Tibial,DN,-0.3174,0.7509331341402581,1,1
ZGPAT,Nerve_Tibial,DN,-4.7226,2.3287899735990077e-06,1,1
ZKSCAN7,Nerve_Tibial,DN,1.9027,0.05708196777891388,2,2
ZNF317,Nerve_Tibial,DN,-2.9818,0.002865879331847203,2,2
ZNF396,Nerve_Tibial,DN,2.47,0.013513012676225985,2,1
ZNF433,Nerve_Tibial,DN,5.8576,4.69665977756238e-09,2,1
ZNF45,Nerve_Tibial,DN,1.5863,0.11266980225269117,2,1
ZNF529,Nerve_Tibial,DN,-1.1372,0.255462103055349,2,2
ZNF554,Nerve_Tibial,DN,-3.1445,0.0016635848282248397,2,2
ZNF584,Nerve_Tibial,DN,-1.3965,0.1625569491135783,2,2
ZNF607,Nerve_Tibial,DN,-1.5173,0.12917989140773659,2,1
ZNF771,Nerve_Tibial,DN,3.5521,0.00038214023349336825,1,1
ZNF778,Nerve_Tibial,DN,0.7205,0.47119350903246066,1,1
ZNF792,Nerve_Tibial,DN,-2.0465,0.04070463031608369,3,3
ZNHIT2,Nerve_Tibial,DN,-5.3019,1.1461729774130569e-07,1,1
AAMP,Whole_Blood,DN,-1.5914,0.11151300668276934,1,1
ABCD2,Whole_Blood,DN,-12.0327,2.3921135947573404e-33,2,2
ABHD17C,Whole_Blood,DN,-3.1863,0.0014410278614878473,1,1
AC093627.7,Whole_Blood,DN,-2.6063,0.009152559701802798,3,3
AC138969.4,Whole_Blood,DN,-2.358,0.018371531436135683,1,1
ACAT1,Whole_Blood,DN,-25.0574,1.4504487153354357e-138,2,1
ACP2,Whole_Blood,DN,2.7135,0.006658660370553999,3,3
ACSL5,Whole_Blood,DN,-3.6315,0.00028173003636507653,2,2
ACTN4,Whole_Blood,DN,-2.2291,0.025808006400509207,2,1
ACTR3C,Whole_Blood,DN,2.851,0.004357541987804369,1,1
ADAM17,Whole_Blood,DN,-0.6471,0.5175695704790372,1,1
ADAM9,Whole_Blood,DN,2.4969,0.012528569945380897,2,2
ADAMTSL4,Whole_Blood,DN,4.0006,6.317490330292057e-05,1,1
ADAP1,Whole_Blood,DN,-0.9311,0.3517864340764906,5,4
AHCYL1,Whole_Blood,DN,-3.9193,8.880577981575873e-05,1,1
AHSG,Whole_Blood,DN,-1.4045,0.1601766096140006,1,1
AIM1L,Whole_Blood,DN,-0.2817,0.7781875868590835,2,2
AIMP1,Whole_Blood,DN,2.0404,0.04130642628724813,1,1
AKAP10,Whole_Blood,DN,0.5824,0.5603074956134279,3,3
AL928768.3,Whole_Blood,DN,-4.7116,2.4579707494347978e-06,2,1
ALDH4A1,Whole_Blood,DN,1.9412,0.05223612100291837,1,1
ALKBH3,Whole_Blood,DN,-2.5621,0.01040467821170405,2,1
ALMS1,Whole_Blood,DN,2.4442,0.014516713524997928,1,1
ANKRD23,Whole_Blood,DN,-3.5011,0.0004634208893384532,1,1
ANKRD49,Whole_Blood,DN,-12.226,2.2570637838472006e-34,1,1
AP2A2,Whole_Blood,DN,1.9117,0.055908446124739754,2,2
AP2M1,Whole_Blood,DN,-5.879,4.127210019924954e-09,2,1
APEH,Whole_Blood,DN,-4.7945,1.6311779312592453e-06,1,1
ARHGAP31,Whole_Blood,DN,-4.381,1.1811742760877678e-05,2,1
ARHGEF10,Whole_Blood,DN,1.472,0.14102932031975748,2,2
ARL4D,Whole_Blood,DN,-0.0215,0.9828330482145955,2,1
ARPIN,Whole_Blood,DN,0.5076,0.6117178963381982,2,2
ARSK,Whole_Blood,DN,2.074,0.03807729758353066,2,1
ASAH2B,Whole_Blood,DN,1.0892,0.2760698644104609,2,1
ASB1,Whole_Blood,DN,-0.0323,0.9742264587821677,2,1
ASB7,Whole_Blood,DN,-0.5013,0.6161627787626425,1,1
ASTL,Whole_Blood,DN,2.4724,0.013422677053726592,2,2
AZI2,Whole_Blood,DN,-0.6117,0.540713256665531,2,2
B4GALT6,Whole_Blood,DN,0.2801,0.7794115686931596,1,1
BAG5,Whole_Blood,DN,-2.0486,0.04049891241244391,1,1
BAIAP2L2,Whole_Blood,DN,-5.6441,1.6608772608742274e-08,1,1
BAMBI,Whole_Blood,DN,5.0868,3.64213394570652e-07,1,1
BANF1,Whole_Blood,DN,-1.2994,0.19382076428773193,2,2
BBS2,Whole_Blood,DN,-2.3166,0.020525766367964014,3,3
BCAP29,Whole_Blood,DN,-22.396,4.3028839569202366e-111,3,2
BCAS2,Whole_Blood,DN,-1.5922,0.11133437283933234,3,3
BDP1,Whole_Blood,DN,1.8104,0.07023739603512717,2,2
BPI,Whole_Blood,DN,-5.8637,4.527362377473913e-09,3,3
BRD1,Whole_Blood,DN,-1.9794,0.04776983106427585,1,1
BTBD19,Whole_Blood,DN,2.906,0.003660913255824537,1,1
C12ORF49,Whole_Blood,DN,-2.4446,0.01450226673213157,2,2
C19ORF18,Whole_Blood,DN,-1.8401,0.06574840948388035,3,2
C1ORF123,Whole_Blood,DN,-5.027,4.980994670526173e-07,2,2
C1ORF226,Whole_Blood,DN,6.8505,7.361157515230665e-12,2,2
C2ORF69,Whole_Blood,DN,1.6581,0.09729357510792332,1,1
C3ORF20,Whole_Blood,DN,1.7438,0.08119971097407243,1,1
C3ORF38,Whole_Blood,DN,4.8403,1.296308131356437e-06,1,1
C4ORF32,Whole_Blood,DN,-1.9573,0.050312971402108816,1,1
CA11,Whole_Blood,DN,-2.5268,0.011509914712192402,2,2
CA8,Whole_Blood,DN,-2.541,0.011053554898130763,2,2
CACUL1,Whole_Blood,DN,3.4083,0.0006536914393063199,2,2
CAPRIN2,Whole_Blood,DN,1.7707,0.07660775434496123,1,1
CAPZA2,Whole_Blood,DN,2.1606,0.030723043096310066,1,1
CARM1,Whole_Blood,DN,-2.7691,0.005621311137552512,1,1
CASC4,Whole_Blood,DN,4.8032,1.56164936367246e-06,1,1
CBX1,Whole_Blood,DN,0.801,0.4231264056343693,3,2
CBX6,Whole_Blood,DN,0.6632,0.5072009776249093,3,3
CCDC6,Whole_Blood,DN,-1.9981,0.04570186044252743,1,1
CCL4,Whole_Blood,DN,3.31,0.0009328232401064857,2,2
CD5,Whole_Blood,DN,-4.6837,2.817192293208974e-06,1,1
CD72,Whole_Blood,DN,2.9558,0.0031183264758283262,1,1
CDC37L1-AS1,Whole_Blood,DN,4.8553,1.2019292485864097e-06,2,2
CDC42,Whole_Blood,DN,0.6235,0.5329669190503049,2,2
CDC7,Whole_Blood,DN,0.0631,0.9496528040241589,3,3
CDH13,Whole_Blood,DN,1.7723,0.07634385831473894,1,1
CDHR1,Whole_Blood,DN,-0.9711,0.3315140017065897,1,1
CDK11B,Whole_Blood,DN,4.2269,2.369362900125612e-05,3,1
CDK5,Whole_Blood,DN,5.5424,2.982726820878656e-08,1,1
CDS1,Whole_Blood,DN,-8.8271,1.074544663171905e-18,1,1
CEBPA,Whole_Blood,DN,-2.2084,0.027215842845013098,2,2
CES3,Whole_Blood,DN,4.4194,9.895851585093779e-06,1,1
CFDP1,Whole_Blood,DN,-0.1828,0.8549263690203844,3,1
CHAC1,Whole_Blood,DN,1.0177,0.30883315988851623,1,1
CHMP2A,Whole_Blood,DN,-2.0598,0.039415184560451046,2,2
CHRNE,Whole_Blood,DN,-1.6299,0.10311506006462835,2,2
CISD3,Whole_Blood,DN,6.2253,4.806221697631514e-10,1,1
CLEC10A,Whole_Blood,DN,3.6625,0.0002497710162446809,2,2
CLEC2D,Whole_Blood,DN,-1.3858,0.16581593947236123,3,3
CLECL1,Whole_Blood,DN,-1.3797,0.16769098403593552,3,2
CLK1,Whole_Blood,DN,-5.7022,1.1827982910509503e-08,1,1
CLN3,Whole_Blood,DN,-2.3811,0.017259718013895788,3,2
COL16A1,Whole_Blood,DN,3.6267,0.00028702532378625556,2,1
COL6A2,Whole_Blood,DN,0.741,0.4586673125044533,3,1
COL7A1,Whole_Blood,DN,3.7602,0.0001697752323299906,2,1
CPNE3,Whole_Blood,DN,0.7458,0.4557794561153853,2,1
CPSF2,Whole_Blood,DN,1.7084,0.08756517401454315,3,3
CRACR2B,Whole_Blood,DN,7.1174,1.0994323646763001e-12,8,7
CRYGS,Whole_Blood,DN,8.8919,6.009550325357252e-19,2,1
CTBS,Whole_Blood,DN,-9.5392,1.4397177241468483e-21,3,3
CTC-281F24.1,Whole_Blood,DN,4.8009,1.5795098175216037e-06,1,1
CTD-2547L24.4,Whole_Blood,DN,1.5819,0.11366212128972385,1,1
CUTC,Whole_Blood,DN,2.3737,0.01760952134944109,1,1
CYB5D2,Whole_Blood,DN,8.9487,3.5972358948098873e-19,2,2
CYB5R3,Whole_Blood,DN,-1.4202,0.15555650661281467,3,1
CYSLTR2,Whole_Blood,DN,0.7273,0.4670397948037645,1,1
DAPP1,Whole_Blood,DN,-2.0945,0.036212878914307155,3,3
DBF4B,Whole_Blood,DN,-6.4192,1.3703404849802482e-10,4,4
DCTD,Whole_Blood,DN,-4.4029,1.0680440134899351e-05,3,3
DCTN5,Whole_Blood,DN,0.21,0.8336343949631664,3,3
DDHD1,Whole_Blood,DN,-1.2489,0.211711021342799,2,1
DDIAS,Whole_Blood,DN,1.7198,0.0854661812464139,3,3
DEGS2,Whole_Blood,DN,1.6938,0.09029655147812016,1,1
DENND5A,Whole_Blood,DN,9.0115,2.0320672529044032e-19,2,2
DGCR2,Whole_Blood,DN,25.9018,6.35369094540232e-148,2,2
DMXL1,Whole_Blood,DN,-0.6508,0.5151684723663974,1,1
DNAI2,Whole_Blood,DN,4.0487,5.1491912480380764e-05,2,2
DNAJC15,Whole_Blood,DN,0.3445,0.7304970229661918,2,2
DNAJC9,Whole_Blood,DN,3.0425,0.002346497346773034,1,1
DNAL4,Whole_Blood,DN,-1.1793,0.2382732374329289,2,1
DPEP3,Whole_Blood,DN,-1.4919,0.1357200562113786,2,2
DPPA4,Whole_Blood,DN,0.76,0.4472517648718381,2,1
DSC2,Whole_Blood,DN,0.3255,0.7448228012442986,2,1
DZIP1L,Whole_Blood,DN,1.6384,0.10133150407777877,1,1
E4F1,Whole_Blood,DN,-0.5636,0.5730377237966955,1,1
ECHDC3,Whole_Blood,DN,-2.4881,0.012842718031883558,3,3
EEPD1,Whole_Blood,DN,2.4317,0.01503013362363043,1,1
EHMT1,Whole_Blood,DN,1.9798,0.04772665127411737,1,1
EMC2,Whole_Blood,DN,1.181,0.23758531750920736,1,1
EMG1,Whole_Blood,DN,-6.6252,3.468262421446197e-11,2,2
EPB41L4A-AS1,Whole_Blood,DN,0.7906,0.4291494740742753,1,1
EPG5,Whole_Blood,DN,-2.556,0.010588915003852417,2,2
EPOP,Whole_Blood,DN,-4.4413,8.940784044673294e-06,1,1
EPS8,Whole_Blood,DN,0.8207,0.4118300573294749,2,2
EREG,Whole_Blood,DN,0.8057,0.42040131698176547,2,2
EXOSC8,Whole_Blood,DN,-1.6523,0.09847150078007826,1,1
FADS3,Whole_Blood,DN,-4.7727,1.817906907923031e-06,1,1
FAM117B,Whole_Blood,DN,3.5619,0.0003682426760185377,1,1
FAM122A,Whole_Blood,DN,5.4832,4.176456546436532e-08,1,1
FAM174B,Whole_Blood,DN,2.934,0.0033458279767769315,3,3
FAM177A1,Whole_Blood,DN,0.5626,0.573675573498551,3,3
FAM20B,Whole_Blood,DN,-0.3015,0.7630530558350734,1,1
FAM210A,Whole_Blood,DN,-0.8253,0.4092294710338035,3,3
FAM213A,Whole_Blood,DN,-1.2143,0.22463482212280805,3,2
FAM24B,Whole_Blood,DN,0.8778,0.38004107237790274,1,1
FAM87B,Whole_Blood,DN,-4.55,5.365829117650285e-06,2,1
FAXDC2,Whole_Blood,DN,-1.5534,0.12031774907776945,2,1
FCF1,Whole_Blood,DN,0.9737,0.33020124993800676,1,1
FCHO2,Whole_Blood,DN,-0.3062,0.759456407051671,3,2
FCRL5,Whole_Blood,DN,-1.1705,0.2418038264367844,1,1
FGFR4,Whole_Blood,DN,-2.1657,0.030332997507217463,3,3
FIG4,Whole_Blood,DN,2.3527,0.018638896968029634,1,1
FKBP9,Whole_Blood,DN,4.4532,8.461769892369928e-06,2,2
FMNL1,Whole_Blood,DN,-0.8521,0.39415047009666154,2,2
FOXN2,Whole_Blood,DN,1.2676,0.20492604567345882,2,1
FRA10AC1,Whole_Blood,DN,-13.8759,8.861928337664051e-44,2,2
FUCA2,Whole_Blood,DN,-0.0339,0.9729224498052623,2,2
FUT11,Whole_Blood,DN,-4.1279,3.6607711272360194e-05,2,2
GCM1,Whole_Blood,DN,2.0967,0.03601652370143628,1,1
GGACT,Whole_Blood,DN,7.3243,2.4018747403540867e-13,2,1
GID8,Whole_Blood,DN,2.1882,0.028653855800064444,2,2
GIT1,Whole_Blood,DN,0.4027,0.6871841591272294,2,1
GK5,Whole_Blood,DN,4.0629,4.845721879601045e-05,1,1
GMCL1,Whole_Blood,DN,1.249,0.21168266168824798,2,1
GNPDA1,Whole_Blood,DN,3.9134,9.102438174032658e-05,2,2
GOLGA5,Whole_Blood,DN,1.4635,0.14334059952186012,2,2
GOLGA7B,Whole_Blood,DN,-13.3243,1.6728029809817912e-40,1,1
GPR20,Whole_Blood,DN,-2.6983,0.0069701318500872194,2,2
GPR4,Whole_Blood,DN,-1.4263,0.15377300701762142,1,1
GRAMD1C,Whole_Blood,DN,0.7608,0.4467673477041732,2,2
GRAMD3,Whole_Blood,DN,-3.2001,0.001373699131950021,1,1
GSTA1,Whole_Blood,DN,-0.0275,0.9780742150799626,2,2
GSTM3,Whole_Blood,DN,-1.7114,0.08700283141006103,3,1
GTF2E1,Whole_Blood,DN,-0.701,0.4833314086383296,2,2
GTPBP1,Whole_Blood,DN,10.7467,6.1391737863646426e-27,1,1
GYPC,Whole_Blood,DN,0.1558,0.8761683417256605,1,1
HACD2,Whole_Blood,DN,-1.5202,0.12844974142616744,2,2
HCG11,Whole_Blood,DN,1.5786,0.1144370973432174,1,1
HECA,Whole_Blood,DN,-0.5366,0.5915605112396336,1,1
HEMK1,Whole_Blood,DN,-6.2818,3.346763160512481e-10,3,2
HERPUD2,Whole_Blood,DN,1.5449,0.1223725048458996,2,2
HIF3A,Whole_Blood,DN,6.0593,1.3670862592462587e-09,2,1
HINT2,Whole_Blood,DN,1.4735,0.14062476121256523,1,1
HIP1R,Whole_Blood,DN,1.1107,0.2666992744677757,2,2
HIST1H2BN,Whole_Blood,DN,-43.6198,0.0,2,2
HK2,Whole_Blood,DN,0.8725,0.38294941067504634,2,1
HMGCL,Whole_Blood,DN,1.8562,0.06342658399177488,1,1
HNRNPD,Whole_Blood,DN,2.6244,0.00868046260700908,1,1
HOXB4,Whole_Blood,DN,0.617,0.5372403605142759,2,2
HPCAL1,Whole_Blood,DN,2.6057,0.009167530866335316,5,5
HRG,Whole_Blood,DN,-2.5456,0.010908763788003806,2,1
HS1BP3,Whole_Blood,DN,-0.0794,0.9367117784644778,2,1
HS3ST3A1,Whole_Blood,DN,-1.3438,0.17899751509407738,2,2
HSD17B6,Whole_Blood,DN,-3.171,0.0015190923888345205,1,1
ID3,Whole_Blood,DN,1.0218,0.306856336498842,1,1
IDH2,Whole_Blood,DN,0.7219,0.470381203183794,1,1
IFIH1,Whole_Blood,DN,-2.9191,0.0035105511719305447,1,1
IFT122,Whole_Blood,DN,1.3528,0.1761115771220249,1,1
IGF2,Whole_Blood,DN,11.6436,2.474175698036256e-31,1,1
IL15,Whole_Blood,DN,-1.0031,0.3157920215081306,1,1
IL18R1,Whole_Blood,DN,-1.9279,0.053862952516851026,2,2
ILK,Whole_Blood,DN,-0.8932,0.37177618228527254,3,2
IMPDH1,Whole_Blood,DN,-1.9674,0.049136438220475226,2,2
INO80B,Whole_Blood,DN,2.8044,0.005041355575413165,1,1
IQGAP2,Whole_Blood,DN,0.6262,0.531190966792462,2,2
IQSEC3,Whole_Blood,DN,1.2519,0.21061023825569705,1,1
IRAK1BP1,Whole_Blood,DN,-0.566,0.5714185715965302,3,1
ISM1,Whole_Blood,DN,1.5845,0.1130841176883674,1,1
ITGA2B,Whole_Blood,DN,-3.424,0.0006169913790385461,1,1
ITGAD,Whole_Blood,DN,0.865,0.38702155728285725,1,1
ITPRIPL1,Whole_Blood,DN,0.7895,0.4298081540806147,1,1
JAG1,Whole_Blood,DN,22.6938,5.1534941783206995e-114,1,1
JMJD4,Whole_Blood,DN,-5.491,3.996263615181295e-08,2,2
KATNBL1,Whole_Blood,DN,0.7139,0.475284095719464,2,1
KBTBD11,Whole_Blood,DN,-0.9627,0.3356742477110937,2,2
KBTBD4,Whole_Blood,DN,3.7207,0.0001986803858117647,1,1
KCNK17,Whole_Blood,DN,3.1357,0.0017145185209744463,2,2
KCNMA1,Whole_Blood,DN,-0.4673,0.6403006972315826,5,5
KIF13A,Whole_Blood,DN,5.2594,1.4453035747359654e-07,1,1
KIF18A,Whole_Blood,DN,-5.3719,7.792381266554827e-08,2,2
KIF23,Whole_Blood,DN,-4.5246,6.050317997849611e-06,2,1
KIFC1,Whole_Blood,DN,3.2668,0.0010878069813719032,1,1
KLHL40,Whole_Blood,DN,-0.0534,0.9574150516542467,1,1
LAMB2,Whole_Blood,DN,1.4204,0.15548732498343565,2,1
LANCL1,Whole_Blood,DN,0.8189,0.41285805028741335,2,2
LAPTM4A,Whole_Blood,DN,2.4088,0.01600514704921929,1,1
LARP1,Whole_Blood,DN,-0.3723,0.709669093810293,1,1
LCN8,Whole_Blood,DN,0.4996,0.6173491243934162,1,1
LEAP2,Whole_Blood,DN,2.6922,0.007097720426977228,1,1
LEPROT,Whole_Blood,DN,1.1578,0.246950507785487,2,1
LIN37,Whole_Blood,DN,-0.6006,0.548109485184331,1,1
LIN7A,Whole_Blood,DN,3.6242,0.00028987219921515245,2,1
LINC00324,Whole_Blood,DN,-0.3501,0.7262987624763793,2,2
LINC00662,Whole_Blood,DN,7.9846,1.4101447443722478e-15,3,2
LINC00865,Whole_Blood,DN,-2.4753,0.013310753054267334,1,1
LINC00954,Whole_Blood,DN,0.7528,0.4515875363892984,3,3
LINC01291,Whole_Blood,DN,2.7026,0.0068802070222049325,1,1
LINC01597,Whole_Blood,DN,1.1421,0.2534280977581626,2,2
LINC01644,Whole_Blood,DN,0.2819,0.778021757335429,1,1
LINC01934,Whole_Blood,DN,-3.1547,0.001606898132724986,1,1
LINC01970,Whole_Blood,DN,0.7659,0.44372161881834643,1,1
LINC01993,Whole_Blood,DN,3.0215,0.0025148953734197717,1,1
LINC02062,Whole_Blood,DN,-1.2686,0.2045713965945052,2,2
LOXL2,Whole_Blood,DN,1.0484,0.29443657091409137,3,2
LPCAT3,Whole_Blood,DN,-5.9353,2.9334260497668995e-09,1,1
LPCAT4,Whole_Blood,DN,-2.6526,0.007986731682177702,3,2
LRIG2,Whole_Blood,DN,1.7905,0.07336587031173802,1,1
LRRC23,Whole_Blood,DN,1.7593,0.0785223482508851,2,2
MAB21L3,Whole_Blood,DN,8.6038,7.714902362902825e-18,1,1
MAFG,Whole_Blood,DN,-0.3338,0.738552127724839,1,1
MAP3K10,Whole_Blood,DN,2.2212,0.026336123256833894,2,2
MAP4,Whole_Blood,DN,0.7853,0.4322792478358955,1,1
MARC1,Whole_Blood,DN,410.8701,0.0,4,2
MARS,Whole_Blood,DN,1.3555,0.17524319055202006,1,1
MCM8,Whole_Blood,DN,-1.1322,0.2575667462441102,1,1
ME2,Whole_Blood,DN,4.2268,2.3701971703642956e-05,4,4
MED17,Whole_Blood,DN,2.145,0.03195343054360298,2,2
MED18,Whole_Blood,DN,-2.5818,0.009828799749508682,1,1
MED22,Whole_Blood,DN,-1.1643,0.24429857627609408,2,1
MED28,Whole_Blood,DN,0.208,0.8352595235162167,2,1
MFSD2B,Whole_Blood,DN,0.1802,0.8570043250585854,2,2
MFSD3,Whole_Blood,DN,3.4266,0.0006111717660748693,1,1
MFSD5,Whole_Blood,DN,-1.3832,0.16660772455089595,1,1
MIA3,Whole_Blood,DN,4.2765,1.898419539431876e-05,1,1
MIR3945HG,Whole_Blood,DN,-1.9493,0.05126247402650905,3,3
MPHOSPH9,Whole_Blood,DN,0.4807,0.6307487372045804,2,2
MRAS,Whole_Blood,DN,-13.7263,7.064031307781632e-43,1,1
MSANTD2,Whole_Blood,DN,-7.7077,1.2812515525574995e-14,1,1
MSTO1,Whole_Blood,DN,-1.3697,0.1707902819619689,1,1
MT1E,Whole_Blood,DN,-0.7033,0.4818971276626067,3,3
MTDH,Whole_Blood,DN,-4.4201,9.863837163571212e-06,1,1
MTHFS,Whole_Blood,DN,-4.6123,3.983240386824809e-06,3,1
MTSS1,Whole_Blood,DN,-2.0729,0.038181408538813875,2,2
MVB12A,Whole_Blood,DN,0.8395,0.40119238978692706,1,1
MXD4,Whole_Blood,DN,0.5292,0.5966471435166802,2,2
MYL5,Whole_Blood,DN,-3.98,6.892027220710065e-05,3,2
MYO1C,Whole_Blood,DN,-1.6064,0.10818284391198413,2,1
NAALAD2,Whole_Blood,DN,-17.911,9.674550197965917e-72,1,1
NCOA7,Whole_Blood,DN,-0.0957,0.9237829881008213,1,1
NEDD1,Whole_Blood,DN,-1.1494,0.2504008266874007,1,1
NEK1,Whole_Blood,DN,1.1831,0.236778276462285,3,2
NFIX,Whole_Blood,DN,13.8772,8.705302033911673e-44,1,1
NFYB,Whole_Blood,DN,2.6005,0.00930945609660359,1,1
NIPAL2,Whole_Blood,DN,2.2023,0.027644063968377562,1,1
NOTCH3,Whole_Blood,DN,-11.5961,4.313911400573558e-31,1,1
NOTCH4,Whole_Blood,DN,-19.1915,4.3627909235081526e-82,2,1
NPAT,Whole_Blood,DN,1.6069,0.10806668786656186,1,1
NR1D2,Whole_Blood,DN,-12.819,1.2829495743230533e-37,1,1
NSMCE1,Whole_Blood,DN,-2.9932,0.0027609562081428673,2,2
NSUN5,Whole_Blood,DN,4.5866,4.506002790230621e-06,2,2
NUDT14,Whole_Blood,DN,-0.4874,0.6259931481200947,1,1
NUP107,Whole_Blood,DN,3.5009,0.00046375942978900593,2,2
OAF,Whole_Blood,DN,-3.9939,6.49940234034709e-05,1,1
ODF2L,Whole_Blood,DN,3.3366,0.0008480219384645856,2,2
OIP5,Whole_Blood,DN,0.6012,0.5476833657940359,2,2
OLA1,Whole_Blood,DN,-2.6769,0.007429949156612291,1,1
OLFM1,Whole_Blood,DN,0.1057,0.9157861639357455,1,1
OR2W3,Whole_Blood,DN,-82.6172,0.0,5,2
OSBPL6,Whole_Blood,DN,-6.1167,9.555135011582096e-10,2,2
OTUB1,Whole_Blood,DN,-0.1742,0.861703514326218,1,1
OXT,Whole_Blood,DN,0.2217,0.8245436300952523,2,2
PAK2,Whole_Blood,DN,1.2161,0.22396077187642732,3,3
PCDH1,Whole_Blood,DN,0.1289,0.8974539322853234,1,1
PCNT,Whole_Blood,DN,0.4809,0.6305776556946718,3,2
PCP4L1,Whole_Blood,DN,0.4199,0.6745806755612296,1,1
PDAP1,Whole_Blood,DN,-4.4945,6.974151462946907e-06,2,2
PDCD2,Whole_Blood,DN,-4.1546,3.258880639061284e-05,2,2
PEX11A,Whole_Blood,DN,-1.9307,0.053515924038910416,1,1
PGM1,Whole_Blood,DN,-1.6379,0.1014415754651347,1,1
PHC1,Whole_Blood,DN,2.3005,0.021421106825447206,4,4
PHYKPL,Whole_Blood,DN,34.2647,2.638215699960737e-257,3,3
PIGU,Whole_Blood,DN,-2.7382,0.006177893995717071,1,1
PIK3R4,Whole_Blood,DN,3.0336,0.0024164680779601884,2,2
PIP5K1A,Whole_Blood,DN,4.8173,1.455136761133209e-06,2,2
PIP5K1C,Whole_Blood,DN,-1.4902,0.13616539230508767,2,2
PKIG,Whole_Blood,DN,17.8846,1.5540824637238518e-71,1,1
PLCD1,Whole_Blood,DN,9.1902,3.9207209165214724e-20,2,2
PLEKHD1,Whole_Blood,DN,3.3329,0.0008594917765008776,3,1
PLLP,Whole_Blood,DN,-5.3732,7.737091949151241e-08,2,2
PLOD3,Whole_Blood,DN,-0.7562,0.44952509983256483,1,1
POU2F1,Whole_Blood,DN,-0.8391,0.40139106318033807,1,1
POU6F1,Whole_Blood,DN,-1.399,0.1618145709021587,2,2
PP2D1,Whole_Blood,DN,1.5679,0.11690210455382705,1,1
PPAN,Whole_Blood,DN,-0.7628,0.4455640377733791,2,2
PPWD1,Whole_Blood,DN,2.9571,0.0031051276527897147,2,2
PRCP,Whole_Blood,DN,2.2575,0.023975141900388405,1,1
PRKACA,Whole_Blood,DN,2.4288,0.015149856598476643,1,1
PRKAR2B,Whole_Blood,DN,2.5131,0.01196620158110344,2,2
PRKCZ,Whole_Blood,DN,-2.465,0.013700222221765052,3,3
PROK2,Whole_Blood,DN,-6.769,1.2966652629857695e-11,2,2
PRSS53,Whole_Blood,DN,3.4742,0.0005123086319450149,2,2
PSEN1,Whole_Blood,DN,0.6996,0.4841861565942329,3,3
PSMB7,Whole_Blood,DN,-7.9302,2.187285947600309e-15,2,2
PSMD4,Whole_Blood,DN,-3.7912,0.0001499200603019575,3,3
PTBP3,Whole_Blood,DN,-2.0933,0.0363232705835846,2,2
PTGDR,Whole_Blood,DN,-1.8049,0.0710974098803414,1,1
PTGR1,Whole_Blood,DN,4.2149,2.4987024672262446e-05,2,2
PTH1R,Whole_Blood,DN,-7.4333,1.059020494944067e-13,2,2
PVRIG,Whole_Blood,DN,-4.2902,1.7850250177796448e-05,1,1
RAB17,Whole_Blood,DN,-2.4882,0.012840930277087803,1,1
RAB19,Whole_Blood,DN,-1.7515,0.07986697703514818,1,1
RAB5B,Whole_Blood,DN,3.4292,0.000605388071000811,1,1
RACK1,Whole_Blood,DN,-3.2056,0.0013476588255477233,2,2
RANBP2,Whole_Blood,DN,3.9898,6.613749309447071e-05,2,2
RARB,Whole_Blood,DN,-3.6359,0.00027706495592103356,2,2
RBFA,Whole_Blood,DN,-0.9656,0.3342480599484343,1,1
RCL1,Whole_Blood,DN,0.6643,0.5064942862752753,1,1
REEP3,Whole_Blood,DN,-1.5493,0.1212998637434453,2,2
RFPL2,Whole_Blood,DN,-0.4374,0.6618156724652783,2,1
RGS3,Whole_Blood,DN,8.8415,9.442780558032984e-19,2,2
RHBDF1,Whole_Blood,DN,23.1993,4.632239645394897e-119,1,1
RHNO1,Whole_Blood,DN,-5.2433,1.5769125163390574e-07,3,3
RMND1,Whole_Blood,DN,2.5938,0.009493506647568706,2,2
RNASEK,Whole_Blood,DN,-14.1861,1.1174909762398445e-45,1,1
RNF146,Whole_Blood,DN,5.3555,8.534166489519885e-08,1,1
RNF25,Whole_Blood,DN,3.7764,0.00015910694732252316,1,1
RNF44,Whole_Blood,DN,-2.65,0.008050208837278661,2,1
ROCK2,Whole_Blood,DN,2.1533,0.03129757727245919,3,3
RP11-110I1.14,Whole_Blood,DN,-2.837,0.004554053177753439,2,2
RP11-182L21.6,Whole_Blood,DN,-1.8004,0.0717962908480964,3,2
RP11-286N22.8,Whole_Blood,DN,7.7765,7.454792323829777e-15,2,2
RP11-370I10.12,Whole_Blood,DN,-1.8086,0.07051702723830189,2,2
RP11-441O15.3,Whole_Blood,DN,5.9624,2.485941084741839e-09,2,2
RP11-455O6.9,Whole_Blood,DN,0.0,1.0,1,1
RP11-47L3.1,Whole_Blood,DN,1.133,0.25722167207174934,1,1
RP11-506M13.3,Whole_Blood,DN,1.1298,0.258559843661511,2,2
RP11-53O19.3,Whole_Blood,DN,1.4801,0.13885380320050666,1,1
RP11-676J12.4,Whole_Blood,DN,-1.0779,0.28108727626626473,1,1
RP11-722E23.2,Whole_Blood,DN,0.496,0.6199173111927181,1,1
RP11-791G15.2,Whole_Blood,DN,0.77,0.44128339890944107,2,2
RP11-849H4.2,Whole_Blood,DN,-3.3081,0.0009394259741472756,1,1
RP11-973H7.1,Whole_Blood,DN,2.8249,0.004729687635214438,4,3
RP3-460G2.2,Whole_Blood,DN,-2.791,0.005253750948571888,3,3
RP3-467K16.4,Whole_Blood,DN,-647.0398,0.0,3,2
RP4-761J14.10,Whole_Blood,DN,3.1433,0.001670765801980012,2,2
RPGRIP1,Whole_Blood,DN,2.454,0.014127398091735112,2,1
RRN3,Whole_Blood,DN,-0.368,0.7129082534069395,1,1
RRP12,Whole_Blood,DN,2.6565,0.007895064465376654,2,2
RRP1B,Whole_Blood,DN,-0.0493,0.9606678890892595,1,1
RRP8,Whole_Blood,DN,6.3365,2.349783467589831e-10,3,3
RSPH4A,Whole_Blood,DN,2.3502,0.018762118947201537,1,1
RTP5,Whole_Blood,DN,-1.0721,0.2836751470922168,1,1
RUVBL1,Whole_Blood,DN,-4.8297,1.3675365263986124e-06,2,2
S100A4,Whole_Blood,DN,2.9453,0.0032264338926650715,1,1
SAFB,Whole_Blood,DN,-1.3085,0.1906882941603708,1,1
SAFB2,Whole_Blood,DN,-9.7082,2.7827100555888917e-22,1,1
SAMD12,Whole_Blood,DN,-4.9457,7.588995919155792e-07,3,3
SAMHD1,Whole_Blood,DN,0.4932,0.6218800596385603,1,1
SAP25,Whole_Blood,DN,-12.4435,1.5165169256042745e-35,1,1
SCAF11,Whole_Blood,DN,0.0168,0.986618559173267,1,1
SCIMP,Whole_Blood,DN,-2.3843,0.017113264397806072,2,2
SCN4A,Whole_Blood,DN,16.5012,3.599010697380305e-61,1,1
SCN8A,Whole_Blood,DN,-1.685,0.09198293674293183,3,3
SCUBE3,Whole_Blood,DN,3.531,0.00041393690064777994,1,1
SCYL2,Whole_Blood,DN,1.4918,0.1357602165457859,1,1
SDCCAG3,Whole_Blood,DN,5.6526,1.579972184544275e-08,3,3
SEC14L4,Whole_Blood,DN,1.1197,0.2628243191596837,2,1
SEC24D,Whole_Blood,DN,-4.4454,8.774812653174826e-06,1,1
SELP,Whole_Blood,DN,-1.3036,0.19238582271010723,2,2
SEPT10,Whole_Blood,DN,0.2295,0.8184499734144441,2,2
SETMAR,Whole_Blood,DN,-12.215,2.5856586644845184e-34,2,2
SF1,Whole_Blood,DN,-2.0601,0.03938809095532927,1,1
SFXN1,Whole_Blood,DN,-0.3609,0.7181505714538622,1,1
SGF29,Whole_Blood,DN,1.6948,0.09010591451099755,3,1
SH2B3,Whole_Blood,DN,2.212,0.02696365073617023,1,1
SH2D1B,Whole_Blood,DN,-1.1741,0.24033816527761398,1,1
SH3YL1,Whole_Blood,DN,1.5145,0.12988883293088116,2,1
SHARPIN,Whole_Blood,DN,-3.5108,0.0004467032857297966,1,1
SIGLEC1,Whole_Blood,DN,-4.3436,1.4019741071178599e-05,1,1
SIGLEC12,Whole_Blood,DN,1.3003,0.19348353396191212,4,3
SIGLEC5,Whole_Blood,DN,-15.1462,8.033322697567897e-52,4,2
SIPA1L2,Whole_Blood,DN,-2.6724,0.007531566097742999,1,1
SIT1,Whole_Blood,DN,3.1765,0.0014905989662704487,1,1
SKAP1,Whole_Blood,DN,3.8965,9.759602870050255e-05,1,1
SLA,Whole_Blood,DN,4.339,1.4314690449756932e-05,3,3
SLN,Whole_Blood,DN,-2.2944,0.021769703430361883,1,1
SMIM20,Whole_Blood,DN,-1.593,0.11115718886400362,1,1
SMKR1,Whole_Blood,DN,-10.8975,1.1848482499315474e-27,1,1
SMNDC1,Whole_Blood,DN,-0.0856,0.9318088268444197,1,1
SMYD5,Whole_Blood,DN,4.7005,2.5951652575614755e-06,2,1
SNAPC3,Whole_Blood,DN,5.4138,6.17154783205729e-08,1,1
SQLE,Whole_Blood,DN,5.2327,1.6702725339158166e-07,1,1
SRSF3,Whole_Blood,DN,1.9235,0.05441180519697193,1,1
ST6GALNAC6,Whole_Blood,DN,2.6725,0.007528086445931623,1,1
ST7L,Whole_Blood,DN,1.3711,0.17033987748764357,1,1
STARD4,Whole_Blood,DN,-0.2936,0.7690276441040474,2,1
STAT5B,Whole_Blood,DN,-4.7749,1.7981347252800751e-06,2,2
STK25,Whole_Blood,DN,-21.2042,8.728940511646217e-100,1,1
STOML1,Whole_Blood,DN,0.2022,0.8397610677210118,2,2
STOX1,Whole_Blood,DN,1.4316,0.15224716625783527,2,2
SYNGR1,Whole_Blood,DN,2.4479,0.01437028989304642,2,2
SYT1,Whole_Blood,DN,-0.8818,0.3778915508642733,2,2
SYTL2,Whole_Blood,DN,-3.6847,0.00022898858073225074,3,2
TAGLN2,Whole_Blood,DN,1.4682,0.1420374516861103,2,1
TARM1,Whole_Blood,DN,2.3043,0.021204446059195078,3,3
TBC1D14,Whole_Blood,DN,-1.8359,0.06636513037630479,1,1
TBC1D32,Whole_Blood,DN,-55.6737,0.0,3,2
TBC1D9,Whole_Blood,DN,2.7419,0.006108939628144827,2,2
TBCC,Whole_Blood,DN,2.6112,0.009023426836486596,1,1
TCN1,Whole_Blood,DN,30.9607,1.8220324993146062e-210,2,2
TCOF1,Whole_Blood,DN,0.0517,0.9587949004874544,2,2
TCTEX1D4,Whole_Blood,DN,2.906,0.00366091325582453,1,1
TDRD3,Whole_Blood,DN,0.9391,0.34769573012226695,1,1
TFF3,Whole_Blood,DN,0.4477,0.6543974604434744,1,1
TIGD1,Whole_Blood,DN,-0.6587,0.5100738379060082,1,1
TIRAP,Whole_Blood,DN,2.4223,0.015422175902623951,3,3
TJAP1,Whole_Blood,DN,5.2104,1.884571546481391e-07,1,1
TLE2,Whole_Blood,DN,1.4638,0.14325143056545764,2,2
TM2D1,Whole_Blood,DN,5.0194,5.182778186521351e-07,1,1
TM7SF2,Whole_Blood,DN,-1.5276,0.12660428206648378,1,1
TMED6,Whole_Blood,DN,0.8895,0.37371847752366466,3,3
TMEM163,Whole_Blood,DN,2.1841,0.02895718848293491,2,2
TMEM168,Whole_Blood,DN,3.1124,0.0018558835993860191,1,1
TMEM222,Whole_Blood,DN,-15.9277,4.0729014693533703e-57,1,1
TMEM41B,Whole_Blood,DN,-4.3887,1.1402261956273134e-05,2,2
TMEM65,Whole_Blood,DN,3.9433,8.036245465520342e-05,3,2
TNFSF12,Whole_Blood,DN,6.7723,1.2673613778537617e-11,3,3
TOMM40L,Whole_Blood,DN,-2.2848,0.02232610090064035,4,4
TPRKB,Whole_Blood,DN,1.6422,0.100544745115418,1,1
TRAPPC6A,Whole_Blood,DN,-3.5373,0.0004042369550462965,1,1
TRIQK,Whole_Blood,DN,-0.9598,0.33715796633990835,2,1
TRNT1,Whole_Blood,DN,-2.8755,0.00403439539540152,3,3
TRPC4AP,Whole_Blood,DN,11.035,2.5897522054578025e-28,3,2
TRPM2,Whole_Blood,DN,1.6029,0.10895114728317168,1,1
TRUB2,Whole_Blood,DN,-3.4445,0.0005720897246801496,1,1
TSPO,Whole_Blood,DN,-2.1892,0.02858391767944247,2,2
TSPYL4,Whole_Blood,DN,-1.2199,0.2224970128468244,3,3
TSSK4,Whole_Blood,DN,-6.296,3.054697965446772e-10,1,1
TTC39B,Whole_Blood,DN,4.4439,8.83631290132043e-06,3,3
TTLL12,Whole_Blood,DN,-0.3087,0.7575698635380137,7,4
TTN,Whole_Blood,DN,7.47,8.01718955526072e-14,1,1
TUBA4B,Whole_Blood,DN,1.3331,0.1824877850485926,1,1
UACA,Whole_Blood,DN,1.1712,0.2415059724913939,1,1
UBN1,Whole_Blood,DN,-2.138,0.032516434603636915,2,1
UBOX5,Whole_Blood,DN,1.0538,0.2919666946163542,2,1
UCN,Whole_Blood,DN,-2.935,0.003335731399631662,1,1
ULK3,Whole_Blood,DN,0.4108,0.6811973571992285,1,1
UNK,Whole_Blood,DN,0.6654,0.5057931020493187,2,1
UPP1,Whole_Blood,DN,0.9111,0.36222814652127105,1,1
USP47,Whole_Blood,DN,9.1739,4.5639046094410195e-20,1,1
UTP3,Whole_Blood,DN,-0.0142,0.9886703659383604,2,1
VAMP5,Whole_Blood,DN,1.2325,0.21776885206086935,3,3
VNN3,Whole_Blood,DN,-1.4349,0.15131605255011127,4,4
VPREB3,Whole_Blood,DN,4.293,1.763121172642808e-05,2,1
VPS37A,Whole_Blood,DN,4.6998,2.6045913512760604e-06,1,1
VPS50,Whole_Blood,DN,0.469,0.6390668156825852,1,1
VSIG10L,Whole_Blood,DN,2.0926,0.03638430385098286,1,1
WASHC2C,Whole_Blood,DN,-1.6136,0.10661291871717592,4,2
WDPCP,Whole_Blood,DN,2.8322,0.004623079962478792,3,3
WDR47,Whole_Blood,DN,7.3267,2.3584950526235843e-13,1,1
WDR88,Whole_Blood,DN,-3.3543,0.0007957013172235244,1,1
WI2-87327B8.1,Whole_Blood,DN,-1.24,0.21498405849947783,2,2
WLS,Whole_Blood,DN,6.8689,6.472129499851578e-12,4,3
WWC1,Whole_Blood,DN,-1.4518,0.1465568045451694,1,1
XPNPEP3,Whole_Blood,DN,-1.2461,0.2127280554724543,1,1
XPO5,Whole_Blood,DN,-3.0604,0.002210713013898718,2,2
YARS,Whole_Blood,DN,-2.6939,0.007062917574398572,2,1
YKT6,Whole_Blood,DN,4.789,1.6760687494901381e-06,2,1
ZAP70,Whole_Blood,DN,-10.7295,7.396778402225767e-27,1,1
ZBTB44,Whole_Blood,DN,-3.3827,0.0007178705506875271,1,1
ZBTB8OS,Whole_Blood,DN,-5.5728,2.506573719418405e-08,1,1
ZC3H12C,Whole_Blood,DN,1.0993,0.2716532961399137,2,2
ZC3H7B,Whole_Blood,DN,-5.3922,6.960110628551207e-08,2,2
ZDHHC23,Whole_Blood,DN,5.1095,3.230413739201932e-07,1,1
ZFP41,Whole_Blood,DN,-2.4931,0.012663553351497684,1,1
ZFP82,Whole_Blood,DN,-1.7098,0.08729659015957286,2,2
ZFPM1,Whole_Blood,DN,2.2002,0.0277929641007636,1,1
ZFYVE27,Whole_Blood,DN,-12.4351,1.6856494506138838e-35,1,1
ZGPAT,Whole_Blood,DN,-0.073,0.9418138056624019,1,1
ZKSCAN7,Whole_Blood,DN,0.0717,0.9428637535832544,4,4
ZNF317,Whole_Blood,DN,-2.8724,0.004073130507561607,3,3
ZNF354A,Whole_Blood,DN,0.9709,0.3316018090510231,5,5
ZNF385C,Whole_Blood,DN,6.458,1.0612677949332084e-10,2,2
ZNF396,Whole_Blood,DN,1.2508,0.21101138282401422,3,2
ZNF429,Whole_Blood,DN,-3.4061,0.0006589381223460086,3,3
ZNF433,Whole_Blood,DN,-5.8576,4.69665977756238e-09,2,1
ZNF45,Whole_Blood,DN,-8.1816,2.8007583508934423e-16,2,2
ZNF529,Whole_Blood,DN,-2.7751,0.005518775865474009,2,2
ZNF554,Whole_Blood,DN,-3.3425,0.0008302847090062315,1,1
ZNF584,Whole_Blood,DN,-0.761,0.4466354982254627,1,1
ZNF607,Whole_Blood,DN,0.9324,0.35111152610445057,2,1
ZNF771,Whole_Blood,DN,3.5521,0.0003821402334933664,2,1
ZNF778,Whole_Blood,DN,1.3461,0.17828522394884105,2,2
ZNF792,Whole_Blood,DN,-0.9052,0.3653368449642249,2,2
ZNHIT2,Whole_Blood,DN,-5.3019,1.1461729774130649e-07,1,1
AAMP,Nerve_Tibial,DPN,-1.8361,0.06633754746420109,1,1
ABCD2,Nerve_Tibial,DPN,-5.6769,1.371868697445416e-08,2,1
ABHD17C,Nerve_Tibial,DPN,0.9359,0.34934827296371407,1,1
ABLIM2,Nerve_Tibial,DPN,-0.1615,0.8716945595854702,2,1
AC025335.1,Nerve_Tibial,DPN,-2.7639,0.005710969850654246,2,1
AC138969.4,Nerve_Tibial,DPN,-0.1503,0.8805521005126247,1,1
ACAT1,Nerve_Tibial,DPN,0.4702,0.6381955968658377,2,1
ACD,Nerve_Tibial,DPN,0.4126,0.6798986161414378,2,2
ACP2,Nerve_Tibial,DPN,-1.7009,0.0889609790583746,2,2
ACSL5,Nerve_Tibial,DPN,-3.6296,0.0002838308909297559,1,1
ADAM17,Nerve_Tibial,DPN,0.4928,0.6221308657579823,1,1
ADAM9,Nerve_Tibial,DPN,-3.2621,0.0011058741993682018,2,2
ADAP1,Nerve_Tibial,DPN,-0.6619,0.5080227787523659,4,4
ADGRE2,Nerve_Tibial,DPN,-2.6474,0.008110934407134207,4,4
AHCYL1,Nerve_Tibial,DPN,-3.2611,0.0011097660791631427,1,1
AIM1L,Nerve_Tibial,DPN,0.2956,0.7675491602637103,1,1
AIMP1,Nerve_Tibial,DPN,0.6996,0.48416176960572177,3,3
AKAP10,Nerve_Tibial,DPN,-3.7845,0.00015401596317851155,3,3
AL022344.7,Nerve_Tibial,DPN,3.8539,0.00011625873857764202,2,2
ALDH4A1,Nerve_Tibial,DPN,-0.2143,0.8303362163406913,2,1
ALKBH3,Nerve_Tibial,DPN,-1.0942,0.2738545171888869,1,1
ALMS1,Nerve_Tibial,DPN,22.3372,1.6097032903995565e-110,3,2
ANKRD23,Nerve_Tibial,DPN,-14.1072,3.42765259223162e-45,1,1
ANKRD49,Nerve_Tibial,DPN,-14.0488,7.837283981339909e-45,1,1
AOC1,Nerve_Tibial,DPN,-0.1812,0.8562417650159362,1,1
AP2A2,Nerve_Tibial,DPN,3.12,0.0018085392639450109,4,3
AP2M1,Nerve_Tibial,DPN,-4.7672,1.8678549369510822e-06,1,1
APEH,Nerve_Tibial,DPN,-4.5496,5.3741514749145526e-06,2,1
ARHGAP31,Nerve_Tibial,DPN,-0.2772,0.7816277158027851,1,1
ARHGEF10,Nerve_Tibial,DPN,-15.3622,2.93278073400197e-53,5,3
ARL4D,Nerve_Tibial,DPN,-1.111,0.2665528173145126,2,2
ARMC1,Nerve_Tibial,DPN,0.4532,0.6504234775855192,2,2
ARPIN,Nerve_Tibial,DPN,-1.3295,0.18369292614593052,3,3
ARSK,Nerve_Tibial,DPN,-3.9101,9.226522876784096e-05,2,2
ASAH2B,Nerve_Tibial,DPN,-0.7644,0.44462148426057624,3,3
ASB1,Nerve_Tibial,DPN,3.5689,0.00035850353531742237,2,2
AZI2,Nerve_Tibial,DPN,1.7745,0.07598848209657257,2,2
BAG5,Nerve_Tibial,DPN,-1.8399,0.06577603388510787,1,1
BAIAP2L2,Nerve_Tibial,DPN,-1.6025,0.10903438511164931,3,1
BANF1,Nerve_Tibial,DPN,0.601,0.5478348493742446,3,3
BBS2,Nerve_Tibial,DPN,-4.1157,3.86061251937391e-05,3,3
BCAP29,Nerve_Tibial,DPN,4.7654,1.8846865854490355e-06,3,2
BCAS2,Nerve_Tibial,DPN,4.9483,7.485670392942564e-07,1,1
BDP1,Nerve_Tibial,DPN,0.9422,0.3461094707300047,3,3
BEND5,Nerve_Tibial,DPN,7.5511,4.315463463211309e-14,1,1
BPI,Nerve_Tibial,DPN,3.9367,8.261985276761526e-05,3,2
BRIP1,Nerve_Tibial,DPN,-1.0663,0.2863010128457134,3,3
BTBD19,Nerve_Tibial,DPN,-4.2373,2.2622672934399117e-05,1,1
C12ORF49,Nerve_Tibial,DPN,-2.0206,0.043319596856288514,2,1
C19ORF18,Nerve_Tibial,DPN,0.1781,0.8586170749490991,3,2
C1ORF123,Nerve_Tibial,DPN,-0.7664,0.44341207196998067,2,1
C2CD2,Nerve_Tibial,DPN,-4.1638,3.129586645033951e-05,3,2
C2ORF69,Nerve_Tibial,DPN,4.5654,4.98585564985538e-06,1,1
C3ORF20,Nerve_Tibial,DPN,-2.6085,0.009094837486399778,1,1
C3ORF38,Nerve_Tibial,DPN,1.8475,0.06466931335280227,1,1
C4ORF32,Nerve_Tibial,DPN,-3.2441,0.0011781307105624868,1,1
C5ORF15,Nerve_Tibial,DPN,2.8246,0.004734308230090189,2,1
CA11,Nerve_Tibial,DPN,4.2021,2.644484780659096e-05,2,2
CA8,Nerve_Tibial,DPN,1.6374,0.10155689161000689,2,2
CACUL1,Nerve_Tibial,DPN,-1.0516,0.2930022099541107,3,2
CAPZA2,Nerve_Tibial,DPN,0.7575,0.44872713892143123,2,2
CARM1,Nerve_Tibial,DPN,0.6559,0.5118712731174724,2,2
CASC4,Nerve_Tibial,DPN,0.097,0.9226901460684576,1,1
CBX1,Nerve_Tibial,DPN,-1.1176,0.2637216877229444,2,2
CBX6,Nerve_Tibial,DPN,4.3978,1.0937415378727119e-05,2,2
CCDC6,Nerve_Tibial,DPN,-23.4734,7.626677555808402e-122,1,1
CCDC80,Nerve_Tibial,DPN,6.2817,3.348897912277861e-10,2,2
CCL4,Nerve_Tibial,DPN,-3.0829,0.0020496927738240145,1,1
CD5,Nerve_Tibial,DPN,2.0032,0.04515777143410466,1,1
CD72,Nerve_Tibial,DPN,-0.5034,0.6146599875641741,1,1
CDC37L1-AS1,Nerve_Tibial,DPN,1.264,0.20623076896148154,2,2
CDC42,Nerve_Tibial,DPN,1.9985,0.04566085235521691,2,1
CDC7,Nerve_Tibial,DPN,0.3121,0.7549818019823469,2,2
CDH13,Nerve_Tibial,DPN,-0.2853,0.7753986868831386,1,1
CDHR1,Nerve_Tibial,DPN,-0.0935,0.9255063098981128,2,2
CDK11B,Nerve_Tibial,DPN,-4.2549,2.091624471169676e-05,2,1
CDS1,Nerve_Tibial,DPN,-4.0376,5.400641090629072e-05,2,1
CES3,Nerve_Tibial,DPN,0.513,0.607952258116321,1,1
CFDP1,Nerve_Tibial,DPN,-0.2648,0.7911910727464694,3,2
CHML,Nerve_Tibial,DPN,2.6753,0.007467288238447651,3,2
CHMP2A,Nerve_Tibial,DPN,-2.4993,0.012442865422787833,2,2
CHRNE,Nerve_Tibial,DPN,9.1469,5.858487501319291e-20,2,2
CISD3,Nerve_Tibial,DPN,1.151,0.2497257867355667,2,2
CITED2,Nerve_Tibial,DPN,1.6743,0.09406619436523557,1,1
CLEC10A,Nerve_Tibial,DPN,2.9861,0.00282542185013244,1,1
CLEC2D,Nerve_Tibial,DPN,-7.6487,2.0303561748917254e-14,5,5
CLECL1,Nerve_Tibial,DPN,1.6349,0.10207063506338757,2,1
CLIP4,Nerve_Tibial,DPN,-2.1805,0.02922331465465751,1,1
CLN3,Nerve_Tibial,DPN,-1.078,0.28101812726632747,1,1
COL6A2,Nerve_Tibial,DPN,-23.0724,8.764747320349989e-118,4,4
COL7A1,Nerve_Tibial,DPN,0.826,0.4088064002719669,1,1
CPNE3,Nerve_Tibial,DPN,2.4106,0.015924718340209785,3,2
CPSF2,Nerve_Tibial,DPN,5.875,4.2289911050401106e-09,3,2
CRACR2B,Nerve_Tibial,DPN,1.2468,0.21246013839799063,3,2
CRYGS,Nerve_Tibial,DPN,6.3118,2.758838084072113e-10,3,3
CTBS,Nerve_Tibial,DPN,15.8623,1.1565595239906483e-56,3,3
CTD-2081C10.7,Nerve_Tibial,DPN,3.3051,0.0009495894183306901,1,1
CTD-3116E22.8,Nerve_Tibial,DPN,1.7069,0.08783999584778507,2,2
CYB5R3,Nerve_Tibial,DPN,-3.6242,0.00028989002185934973,4,3
DAPP1,Nerve_Tibial,DPN,1.7217,0.08512569991774331,2,2
DBF4B,Nerve_Tibial,DPN,0.2616,0.7935937418888778,3,3
DCTD,Nerve_Tibial,DPN,1.2472,0.21230727747811673,4,3
DCTN5,Nerve_Tibial,DPN,-5.6242,1.863584226863959e-08,3,2
DDHD1,Nerve_Tibial,DPN,5.1491,2.6167313817005255e-07,2,2
DDIAS,Nerve_Tibial,DPN,1.7227,0.08493770442574049,2,2
DEGS2,Nerve_Tibial,DPN,-2.9495,0.0031825745345916115,2,1
DENND5A,Nerve_Tibial,DPN,2.0062,0.04483113803460377,1,1
DMXL1,Nerve_Tibial,DPN,-2.3626,0.018145976896814513,2,1
DNAJC15,Nerve_Tibial,DPN,-4.3109,1.625893793781404e-05,1,1
DNAJC9,Nerve_Tibial,DPN,5.5627,2.6566316821170337e-08,1,1
DNAL4,Nerve_Tibial,DPN,-3.1105,0.001867644484146295,3,2
DZIP1L,Nerve_Tibial,DPN,-3.308,0.0009397487101888238,4,3
EBLN2,Nerve_Tibial,DPN,-0.2516,0.8013385188402413,1,1
ECHDC3,Nerve_Tibial,DPN,-2.8743,0.004049454722698874,5,5
EEPD1,Nerve_Tibial,DPN,-0.4365,0.662445486400644,2,1
EHMT1,Nerve_Tibial,DPN,0.2094,0.8341596834552516,1,1
EMC2,Nerve_Tibial,DPN,-0.2768,0.7819278875668418,2,2
EMG1,Nerve_Tibial,DPN,1.9784,0.04788607679223076,2,2
EPB41L4A-AS1,Nerve_Tibial,DPN,3.1799,0.0014733158886139752,1,1
EPG5,Nerve_Tibial,DPN,0.8584,0.3906864355989755,1,1
EPOP,Nerve_Tibial,DPN,-2.1624,0.030589337012639956,2,2
EPS8,Nerve_Tibial,DPN,2.0985,0.035859465169170025,1,1
EXOSC8,Nerve_Tibial,DPN,1.0666,0.2861376053760888,1,1
FADS3,Nerve_Tibial,DPN,-3.0939,0.0019753144321112137,5,5
FAM117B,Nerve_Tibial,DPN,2.3697,0.01780467949894106,1,1
FAM122A,Nerve_Tibial,DPN,-0.1789,0.8579994146945953,1,1
FAM124A,Nerve_Tibial,DPN,-0.1199,0.9045770152479067,2,2
FAM167A,Nerve_Tibial,DPN,-0.1248,0.9006923916040993,5,3
FAM20B,Nerve_Tibial,DPN,-0.2106,0.8331707856341221,3,3
FAM210A,Nerve_Tibial,DPN,-0.049,0.960888783182884,3,3
FAM213A,Nerve_Tibial,DPN,-2.4402,0.014677507301024505,2,2
FAM24B,Nerve_Tibial,DPN,4.3883,1.1422308625396801e-05,1,1
FAXDC2,Nerve_Tibial,DPN,-3.559,0.000372282688711889,2,1
FCF1,Nerve_Tibial,DPN,-2.7839,0.005371372377678163,2,1
FCHO2,Nerve_Tibial,DPN,3.3603,0.0007786595083987147,3,3
FGD3,Nerve_Tibial,DPN,-9.1687,4.786327355139564e-20,2,2
FGF11,Nerve_Tibial,DPN,0.0011,0.9991201783120459,2,2
FGFR4,Nerve_Tibial,DPN,-1.6308,0.10294164563051572,2,2
FIG4,Nerve_Tibial,DPN,7.3617,1.8160939381406535e-13,2,2
FKBP9,Nerve_Tibial,DPN,-6.9473,3.724010584962985e-12,2,1
FRA10AC1,Nerve_Tibial,DPN,-4.1853,2.8472904753388597e-05,8,7
FUT11,Nerve_Tibial,DPN,0.7208,0.4710355930154496,2,2
GGACT,Nerve_Tibial,DPN,1.0677,0.2856369096777428,2,1
GID8,Nerve_Tibial,DPN,-1.7542,0.07939421906360423,3,3
GK5,Nerve_Tibial,DPN,1.037,0.2997450280249438,3,3
GMCL1,Nerve_Tibial,DPN,0.5659,0.5714771412349426,1,1
GNPDA1,Nerve_Tibial,DPN,4.7115,2.4590529335332396e-06,3,3
GOLGA5,Nerve_Tibial,DPN,-1.0378,0.29934676745728045,1,1
GOLGA7B,Nerve_Tibial,DPN,3.6987,0.00021670535954000972,1,1
GPR137,Nerve_Tibial,DPN,-0.6207,0.5348166349780408,1,1
GPR20,Nerve_Tibial,DPN,0.3856,0.6997668110666013,2,1
GPR4,Nerve_Tibial,DPN,0.9931,0.32066913607552133,1,1
GRAMD1C,Nerve_Tibial,DPN,2.3045,0.021195609558083604,2,2
GRAMD3,Nerve_Tibial,DPN,2.1536,0.0312712938853029,2,1
GSTA1,Nerve_Tibial,DPN,1.7424,0.08144217628382618,2,2
GSTM3,Nerve_Tibial,DPN,-2.187,0.028739822685814178,6,5
GTF2E1,Nerve_Tibial,DPN,-0.4861,0.6268984977329173,1,1
GTPBP1,Nerve_Tibial,DPN,11.7186,1.023867006877634e-31,2,2
GYPC,Nerve_Tibial,DPN,0.2027,0.8393912534850851,3,2
HACD2,Nerve_Tibial,DPN,-8.3178,8.959379068143846e-17,2,2
HEMK1,Nerve_Tibial,DPN,-7.9608,1.7095876775693812e-15,2,2
HERPUD2,Nerve_Tibial,DPN,-1.4321,0.152108919473,1,1
HIF3A,Nerve_Tibial,DPN,1.14,0.2543044413703253,3,3
HINT2,Nerve_Tibial,DPN,4.6509,3.3052835085721807e-06,1,1
HIP1R,Nerve_Tibial,DPN,0.8719,0.38328521192413256,2,2
HIST1H2BN,Nerve_Tibial,DPN,-85.2765,0.0,2,2
HK2,Nerve_Tibial,DPN,-11.0225,2.9773791532503933e-28,3,2
HMGCL,Nerve_Tibial,DPN,-0.5023,0.6154404751652309,1,1
HOXB4,Nerve_Tibial,DPN,0.7232,0.4695670125767897,2,1
HPCAL1,Nerve_Tibial,DPN,3.5927,0.00032729959054899217,4,4
HS1BP3,Nerve_Tibial,DPN,2.4682,0.013581171159439812,2,2
HS3ST3A1,Nerve_Tibial,DPN,-5.366,8.051666325507921e-08,2,2
HSD17B6,Nerve_Tibial,DPN,1.668,0.09531771583699036,1,1
IDH2,Nerve_Tibial,DPN,-2.2279,0.02588544218702539,3,3
IFT122,Nerve_Tibial,DPN,-0.751,0.4526444356395433,2,1
IL11RA,Nerve_Tibial,DPN,-2.0452,0.040830523829082144,1,1
IL15,Nerve_Tibial,DPN,4.2361,2.274750056275073e-05,2,2
IL18R1,Nerve_Tibial,DPN,-1.0902,0.275634865953331,2,2
ILK,Nerve_Tibial,DPN,-1.0186,0.30836945879563543,2,1
IQGAP2,Nerve_Tibial,DPN,0.6527,0.5139648258174059,2,2
IQSEC3,Nerve_Tibial,DPN,-1.1646,0.24418385760079506,2,2
IRAK1BP1,Nerve_Tibial,DPN,0.324,0.7459161226097715,2,2
ITGAD,Nerve_Tibial,DPN,-0.0718,0.9427696637278284,3,3
ITPRIPL1,Nerve_Tibial,DPN,-2.0492,0.040445844867434376,2,2
JMJD4,Nerve_Tibial,DPN,-4.8672,1.1321401474516634e-06,2,2
KATNBL1,Nerve_Tibial,DPN,1.8507,0.06420918667719347,2,2
KBTBD11,Nerve_Tibial,DPN,-0.501,0.6163498861710017,4,3
KCNK17,Nerve_Tibial,DPN,6.748,1.499217606428724e-11,2,2
KCNQ5,Nerve_Tibial,DPN,-0.4282,0.6684861184512236,2,1
KDM5B,Nerve_Tibial,DPN,-0.094,0.9251000493998405,2,1
KIF13A,Nerve_Tibial,DPN,-2.7441,0.006067067941907329,2,2
KIF18A,Nerve_Tibial,DPN,0.5501,0.5822453099944078,1,1
KIF23,Nerve_Tibial,DPN,0.1615,0.871727802283385,2,1
KIFC1,Nerve_Tibial,DPN,0.3471,0.7285043032508699,1,1
KLHL40,Nerve_Tibial,DPN,0.3976,0.6909315976415824,1,1
LANCL1,Nerve_Tibial,DPN,-1.6648,0.09594978235517611,2,2
LAPTM4A,Nerve_Tibial,DPN,-2.0313,0.04222720591975501,2,2
LCN8,Nerve_Tibial,DPN,2.275,0.022904516213459028,3,3
LEPROT,Nerve_Tibial,DPN,-2.734,0.00625611024550472,2,1
LIN37,Nerve_Tibial,DPN,2.8775,0.004008138791045592,1,1
LIN7A,Nerve_Tibial,DPN,-0.5301,0.5960660282563035,1,1
LINC00324,Nerve_Tibial,DPN,-1.5731,0.11569684361916423,1,1
LINC00662,Nerve_Tibial,DPN,2.5252,0.011564595451260337,3,3
LINC00865,Nerve_Tibial,DPN,-2.8231,0.004755878442960908,1,1
LINC00937,Nerve_Tibial,DPN,72.8496,0.0,4,2
LINC00954,Nerve_Tibial,DPN,0.41,0.6817787414296248,2,2
LINC01291,Nerve_Tibial,DPN,1.5006,0.1334604107643045,1,1
LINC01597,Nerve_Tibial,DPN,-1.5094,0.13119364351134552,2,2
LINC01644,Nerve_Tibial,DPN,5.9307,3.0163441386924832e-09,1,1
LINC01970,Nerve_Tibial,DPN,2.7045,0.006841284280469782,1,1
LINC02062,Nerve_Tibial,DPN,-0.2581,0.7963441218754176,1,1
LPCAT3,Nerve_Tibial,DPN,7.7188,1.1745685180319818e-14,1,1
LPCAT4,Nerve_Tibial,DPN,-2.3604,0.018256888962062203,2,2
LRIG2,Nerve_Tibial,DPN,-1.2572,0.20867514524823141,1,1
LRRC23,Nerve_Tibial,DPN,3.8132,0.00013717863972354742,2,2
MAP3K10,Nerve_Tibial,DPN,0.0122,0.9902605111892292,1,1
MAP3K14,Nerve_Tibial,DPN,3.7768,0.00015886651088545665,1,1
MAP4,Nerve_Tibial,DPN,-0.2402,0.810160871132743,1,1
MCM8,Nerve_Tibial,DPN,-2.4643,0.013726701582263643,2,2
ME2,Nerve_Tibial,DPN,5.8058,6.406649414106629e-09,4,4
MED17,Nerve_Tibial,DPN,0.8767,0.3806577949794236,3,3
MED22,Nerve_Tibial,DPN,1.3771,0.16846885470820275,2,1
MFSD3,Nerve_Tibial,DPN,-2.2336,0.025506302047163157,2,2
MFSD5,Nerve_Tibial,DPN,-1.6686,0.09520214206847755,3,2
MIA3,Nerve_Tibial,DPN,4.5716,4.840210215216405e-06,3,3
MICAL2,Nerve_Tibial,DPN,4.5624,5.057142705470263e-06,1,1
MIR3945HG,Nerve_Tibial,DPN,-0.7912,0.42880088528204513,2,2
MPHOSPH9,Nerve_Tibial,DPN,-1.4706,0.14141103370552502,3,2
MRAS,Nerve_Tibial,DPN,2.6062,0.00915552458240253,3,3
MSANTD2,Nerve_Tibial,DPN,-3.3441,0.0008255755721111421,2,2
MT1E,Nerve_Tibial,DPN,-2.4369,0.01481271361697459,1,1
MTDH,Nerve_Tibial,DPN,-9.8047,1.074398205070042e-22,1,1
MTG2,Nerve_Tibial,DPN,-3.2659,0.0010912835239099926,4,2
MTHFS,Nerve_Tibial,DPN,-0.4492,0.6532564569053472,4,3
MTPAP,Nerve_Tibial,DPN,2.1615,0.030654161436095246,1,1
MTSS1,Nerve_Tibial,DPN,-0.1349,0.8927256644221977,2,2
MVB12A,Nerve_Tibial,DPN,-1.3837,0.16645309051652674,3,3
MXD4,Nerve_Tibial,DPN,4.5857,4.5254701621638036e-06,2,2
MYCT1,Nerve_Tibial,DPN,1.0342,0.30102068192924086,2,2
MYL5,Nerve_Tibial,DPN,124.9389,0.0,3,3
NAALAD2,Nerve_Tibial,DPN,-1.9384,0.05257125607808043,5,2
NAPEPLD,Nerve_Tibial,DPN,11.9432,7.04449569489496e-33,2,2
NCOA7,Nerve_Tibial,DPN,8.3706,5.731672882639378e-17,1,1
NEK1,Nerve_Tibial,DPN,2.2882,0.02212398602604036,2,2
NFIX,Nerve_Tibial,DPN,14.0176,1.217453772255862e-44,1,1
NFYB,Nerve_Tibial,DPN,-7.6155,2.6272636293831436e-14,1,1
NIPAL2,Nerve_Tibial,DPN,0.6679,0.5041935838170654,2,2
NRBP2,Nerve_Tibial,DPN,1.3286,0.1839865632899256,1,1
NSMCE1,Nerve_Tibial,DPN,0.5832,0.559755277501429,2,2
NSUN5,Nerve_Tibial,DPN,4.0167,5.9029921338863445e-05,2,1
NUBPL,Nerve_Tibial,DPN,-8.5971,8.178143331521638e-18,1,1
NUDT14,Nerve_Tibial,DPN,1.3808,0.1673416571420474,5,4
NUP107,Nerve_Tibial,DPN,0.9299,0.3524022502096984,4,4
OAF,Nerve_Tibial,DPN,0.5092,0.6105788549354345,4,4
ODF2L,Nerve_Tibial,DPN,2.1074,0.03507934525800082,3,3
OIP5,Nerve_Tibial,DPN,3.633,0.00028016024770307566,1,1
OLA1,Nerve_Tibial,DPN,5.449,5.066208634929236e-08,1,1
OLFM1,Nerve_Tibial,DPN,-1.6278,0.10356879694243029,2,1
OR2W3,Nerve_Tibial,DPN,2.5593,0.010487750379322237,3,2
OSBPL6,Nerve_Tibial,DPN,21.0039,6.03742829012211e-98,3,3
OTUB1,Nerve_Tibial,DPN,4.3162,1.5876553911782434e-05,2,2
OXT,Nerve_Tibial,DPN,-1.6493,0.0990893587907962,1,1
PCDH1,Nerve_Tibial,DPN,-1.5058,0.13211385781810164,1,1
PCP4L1,Nerve_Tibial,DPN,1.671,0.09471388235049424,1,1
PDAP1,Nerve_Tibial,DPN,-6.0454,1.490366718577037e-09,1,1
PDCD2,Nerve_Tibial,DPN,0.8601,0.38975499958896687,1,1
PEX11A,Nerve_Tibial,DPN,4.1914,2.7724948547221737e-05,2,1
PHC1,Nerve_Tibial,DPN,-402.6251,0.0,3,3
PHYKPL,Nerve_Tibial,DPN,-2.9582,0.0030945991186425662,5,4
PIGP,Nerve_Tibial,DPN,0.5016,0.6159506575000666,4,4
PIGU,Nerve_Tibial,DPN,1.1684,0.24264881727570106,2,2
PIGW,Nerve_Tibial,DPN,0.1522,0.8790685292650477,3,2
PIK3R4,Nerve_Tibial,DPN,4.2768,1.895909796390115e-05,2,2
PIKFYVE,Nerve_Tibial,DPN,7.6119,2.701368379716335e-14,2,1
PIP5K1A,Nerve_Tibial,DPN,-1.6977,0.08955497091720141,2,2
PKIG,Nerve_Tibial,DPN,-7.3912,1.4551317003823895e-13,1,1
PLCD1,Nerve_Tibial,DPN,2.8752,0.004037377978056852,1,1
PLEKHD1,Nerve_Tibial,DPN,3.6238,0.00029035646590622893,1,1
PLLP,Nerve_Tibial,DPN,-1.5508,0.12094570098090482,2,2
POU6F1,Nerve_Tibial,DPN,-1.7113,0.08701812749116361,2,2
PP2D1,Nerve_Tibial,DPN,2.1975,0.027984978714224718,1,1
PPAN,Nerve_Tibial,DPN,-3.8857,0.0001020191313270306,2,1
PPTC7,Nerve_Tibial,DPN,1.0755,0.2821389387506973,1,1
PPWD1,Nerve_Tibial,DPN,-0.3113,0.7555957662026982,2,2
PRKACA,Nerve_Tibial,DPN,-0.9632,0.3354520717165876,1,1
PRKAR2B,Nerve_Tibial,DPN,-3.1109,0.0018654002594845395,1,1
PRKCZ,Nerve_Tibial,DPN,-1.2161,0.22394390373989945,1,1
PRSS53,Nerve_Tibial,DPN,1.0468,0.2951856746095137,2,2
PSEN1,Nerve_Tibial,DPN,-5.6656,1.4647859260756212e-08,1,1
PSMB7,Nerve_Tibial,DPN,-0.0856,0.9317773194151414,1,1
PSMD4,Nerve_Tibial,DPN,-1.052,0.29280646108516317,3,2
PTBP3,Nerve_Tibial,DPN,-4.1592,3.194103295713978e-05,1,1
PTGDR,Nerve_Tibial,DPN,0.4434,0.6574650936328162,1,1
PTGR1,Nerve_Tibial,DPN,1.1761,0.23955192948475815,5,4
PVRIG,Nerve_Tibial,DPN,-1.8796,0.06016403386916472,2,1
RAB17,Nerve_Tibial,DPN,3.0106,0.0026073135729962954,2,2
RAB5B,Nerve_Tibial,DPN,0.711,0.4770960167970836,1,1
RACK1,Nerve_Tibial,DPN,-2.4348,0.014900427719896255,3,2
RANBP2,Nerve_Tibial,DPN,-1.8644,0.062265058529025294,2,2
RARB,Nerve_Tibial,DPN,8.9947,2.369411538014702e-19,1,1
RBFA,Nerve_Tibial,DPN,-1.9306,0.053527018177066905,2,2
RBM42,Nerve_Tibial,DPN,-12.309,8.098430776862386e-35,1,1
REEP3,Nerve_Tibial,DPN,2.5444,0.010945311260567745,2,1
RHBDF1,Nerve_Tibial,DPN,-3.9696,7.19783497294547e-05,3,3
RHNO1,Nerve_Tibial,DPN,-1.5796,0.11419537833138188,1,1
RNASEK,Nerve_Tibial,DPN,-12.55,3.973467714706242e-36,2,2
RNF115,Nerve_Tibial,DPN,0.4808,0.6306629705177773,3,3
RNF122,Nerve_Tibial,DPN,1.294,0.19567112370549886,1,1
RNF146,Nerve_Tibial,DPN,-0.0125,0.9900572923852099,1,1
RNF25,Nerve_Tibial,DPN,-13.4062,5.561049683171708e-41,1,1
RNF44,Nerve_Tibial,DPN,11.574,5.584537212594645e-31,1,1
ROCK2,Nerve_Tibial,DPN,-1.7123,0.08684351630141222,2,2
RP11-110I1.14,Nerve_Tibial,DPN,1.1,0.27133610882049325,2,1
RP11-121M22.1,Nerve_Tibial,DPN,1.7321,0.08325416106537856,1,1
RP11-182L21.6,Nerve_Tibial,DPN,-1.0612,0.28857736587863114,2,1
RP11-286N22.8,Nerve_Tibial,DPN,-1.5563,0.11964193821773089,2,2
RP11-370I10.12,Nerve_Tibial,DPN,-2.487,0.01288232197828373,2,1
RP11-441O15.3,Nerve_Tibial,DPN,-0.6078,0.5433380063773762,3,3
RP11-455O6.9,Nerve_Tibial,DPN,6.9095,4.863347433967075e-12,1,1
RP11-506M13.3,Nerve_Tibial,DPN,0.4555,0.648738130856498,3,3
RP11-517P14.2,Nerve_Tibial,DPN,1.1188,0.26323839153623363,2,2
RP11-53O19.3,Nerve_Tibial,DPN,-2.5226,0.011648158495703222,2,2
RP11-676J12.4,Nerve_Tibial,DPN,-0.3602,0.7187084871261697,2,2
RP11-722E23.2,Nerve_Tibial,DPN,2.2662,0.023436889132904194,1,1
RP11-791G15.2,Nerve_Tibial,DPN,0.4877,0.6257280496434555,2,1
RP11-849H4.2,Nerve_Tibial,DPN,3.449,0.0005626229651078144,1,1
RP3-460G2.2,Nerve_Tibial,DPN,-0.6708,0.5023524292994848,4,3
RP4-761J14.10,Nerve_Tibial,DPN,-3.3764,0.0007343137670067835,2,2
RPGRIP1,Nerve_Tibial,DPN,1.5362,0.12448460764384969,2,1
RRP12,Nerve_Tibial,DPN,-15.0883,1.93404744408194e-51,1,1
RRP8,Nerve_Tibial,DPN,-3.7883,0.00015165290577098955,3,3
RSPH4A,Nerve_Tibial,DPN,-3.6308,0.0002825693490876734,1,1
RTP5,Nerve_Tibial,DPN,-2.9152,0.003554904383387337,2,1
RUVBL1,Nerve_Tibial,DPN,-9.5558,1.2259994420865104e-21,1,1
S100A4,Nerve_Tibial,DPN,5.1469,2.648217136044675e-07,2,2
SAFB2,Nerve_Tibial,DPN,-9.681,3.632776186335539e-22,1,1
SAMD12,Nerve_Tibial,DPN,6.5479,5.836012738412624e-11,2,2
SAMHD1,Nerve_Tibial,DPN,-1.8991,0.05755129025637959,1,1
SAP25,Nerve_Tibial,DPN,-3.9538,7.693374919765502e-05,4,4
SCAF11,Nerve_Tibial,DPN,3.4783,0.0005046010237246264,1,1
SCIMP,Nerve_Tibial,DPN,-0.9273,0.35377376033938657,2,2
SCN4A,Nerve_Tibial,DPN,0.3084,0.7577852887102366,1,1
SCN8A,Nerve_Tibial,DPN,0.5214,0.6020848153193384,1,1
SCUBE3,Nerve_Tibial,DPN,-3.0173,0.002550291149874898,1,1
SCYL2,Nerve_Tibial,DPN,-23.9376,1.2428925867349816e-126,3,3
SDCCAG3,Nerve_Tibial,DPN,-4.7799,1.7536038098401e-06,1,1
SEC14L4,Nerve_Tibial,DPN,-4.2536,2.1032780231717316e-05,2,2
SEC16A,Nerve_Tibial,DPN,0.5687,0.5695657326552273,4,4
SEC24D,Nerve_Tibial,DPN,2.2224,0.026256015347266334,2,2
SELP,Nerve_Tibial,DPN,-0.0191,0.9847980867056051,1,1
SEPT10,Nerve_Tibial,DPN,-4.7555,1.9791264690390978e-06,1,1
SERPINH1,Nerve_Tibial,DPN,-9.304,1.3526355603774578e-20,2,2
SETMAR,Nerve_Tibial,DPN,5.3109,1.0911508010324508e-07,2,1
SF1,Nerve_Tibial,DPN,-3.016,0.0025610769522413793,2,1
SFXN1,Nerve_Tibial,DPN,-4.8125,1.4907125711247992e-06,1,1
SGCA,Nerve_Tibial,DPN,3.1589,0.0015834577113974413,4,4
SGF29,Nerve_Tibial,DPN,-11.9083,1.0719275435428467e-32,2,2
SH2D1B,Nerve_Tibial,DPN,-0.9407,0.3468545563469945,1,1
SH3YL1,Nerve_Tibial,DPN,1.0494,0.2940067332315344,3,3
SHARPIN,Nerve_Tibial,DPN,-2.6873,0.00720394526724402,1,1
SIGLEC12,Nerve_Tibial,DPN,4.2701,1.95346626050184e-05,2,1
SIGLEC5,Nerve_Tibial,DPN,-2.6803,0.007354600174734603,4,4
SIPA1L2,Nerve_Tibial,DPN,-0.2678,0.788860947158063,1,1
SIT1,Nerve_Tibial,DPN,-6.4837,8.951336805987572e-11,1,1
SKAP1,Nerve_Tibial,DPN,2.4016,0.016323411172777035,3,3
SLA,Nerve_Tibial,DPN,13.1597,1.4971861857194884e-39,3,3
SLN,Nerve_Tibial,DPN,0.2628,0.792742023658442,2,2
SMKR1,Nerve_Tibial,DPN,-6.4514,1.1080958128782526e-10,2,2
SMNDC1,Nerve_Tibial,DPN,-0.7553,0.45008602589379915,1,1
SMO,Nerve_Tibial,DPN,9.4081,5.053268429361994e-21,1,1
SMYD5,Nerve_Tibial,DPN,0.3944,0.6932761171282211,2,2
SNAPC3,Nerve_Tibial,DPN,1.5732,0.11566981688141327,1,1
SQLE,Nerve_Tibial,DPN,0.0438,0.9650416538937325,2,2
SRSF3,Nerve_Tibial,DPN,-6.4153,1.4056897247801332e-10,1,1
SSR2,Nerve_Tibial,DPN,9.7241,2.380869327707327e-22,2,1
ST6GALNAC6,Nerve_Tibial,DPN,-7.8961,2.878362798907708e-15,1,1
ST7L,Nerve_Tibial,DPN,0.9664,0.33382296819506313,1,1
STARD4,Nerve_Tibial,DPN,-5.7704,7.90781403680191e-09,1,1
STAT5B,Nerve_Tibial,DPN,-8.4408,3.1521056897039953e-17,2,2
STK25,Nerve_Tibial,DPN,-0.9467,0.34379143085396696,1,1
STOML1,Nerve_Tibial,DPN,-1.079,0.2805811894004197,1,1
STOX1,Nerve_Tibial,DPN,-1.7287,0.08387079659801577,1,1
SYNGR1,Nerve_Tibial,DPN,1.3475,0.17782831563190785,2,2
SYPL2,Nerve_Tibial,DPN,3.7192,0.00019988791914472135,2,2
SYT1,Nerve_Tibial,DPN,-1.406,0.15973634900394068,1,1
SYTL2,Nerve_Tibial,DPN,5.3701,7.867862579792128e-08,3,2
TAGLN2,Nerve_Tibial,DPN,-0.9823,0.32592955936202234,3,2
TBC1D32,Nerve_Tibial,DPN,19.9934,6.285963861033e-89,3,2
TBC1D9,Nerve_Tibial,DPN,0.5193,0.6035247616636783,2,2
TBCC,Nerve_Tibial,DPN,-5.4711,4.473572892345075e-08,1,1
TCOF1,Nerve_Tibial,DPN,-0.3277,0.7431399635487905,1,1
TDRD3,Nerve_Tibial,DPN,8.3945,4.6795271903750305e-17,2,1
TFF3,Nerve_Tibial,DPN,-2.3919,0.016762205515500703,1,1
TIGD1,Nerve_Tibial,DPN,3.3249,0.0008844739867996929,2,2
TIRAP,Nerve_Tibial,DPN,-1.9916,0.046414869812469214,1,1
TJAP1,Nerve_Tibial,DPN,11.0742,1.6735107939163886e-28,1,1
TLE2,Nerve_Tibial,DPN,0.26,0.7948682022866301,1,1
TM2D1,Nerve_Tibial,DPN,-3.2418,0.0011875933896234848,2,2
TM7SF2,Nerve_Tibial,DPN,0.128,0.8981545354882899,1,1
TMED6,Nerve_Tibial,DPN,-3.2903,0.001000821759637325,3,3
TMEM11,Nerve_Tibial,DPN,-5.4887,4.049011091709666e-08,2,1
TMEM163,Nerve_Tibial,DPN,5.1546,2.5411386583996746e-07,2,1
TMEM168,Nerve_Tibial,DPN,2.1587,0.030875180967215674,2,2
TMEM222,Nerve_Tibial,DPN,6.0415,1.5273140813297207e-09,3,3
TMEM41B,Nerve_Tibial,DPN,-2.6995,0.006943825481945741,2,1
TMEM59,Nerve_Tibial,DPN,-0.0836,0.9333466618542497,2,1
TNFSF12,Nerve_Tibial,DPN,-0.3724,0.7096021348364865,2,2
TOMM40L,Nerve_Tibial,DPN,0.0246,0.9803493138954331,2,2
TPRKB,Nerve_Tibial,DPN,-1.5806,0.11396008596201943,2,2
TRAPPC6A,Nerve_Tibial,DPN,1.4368,0.15078768171898851,2,2
TRNT1,Nerve_Tibial,DPN,-9.3913,5.92600949523109e-21,3,2
TRPM2,Nerve_Tibial,DPN,-2.3492,0.018814097450221584,1,1
TRUB2,Nerve_Tibial,DPN,-2.4234,0.015374707171587726,1,1
TSEN54,Nerve_Tibial,DPN,-3.3614,0.0007756200297672277,1,1
TSPO,Nerve_Tibial,DPN,-1.4227,0.15482294552925868,4,4
TSPYL4,Nerve_Tibial,DPN,2.6342,0.008432917554717307,2,2
TSSK4,Nerve_Tibial,DPN,-3.4438,0.0005735745016641525,2,1
TTLL12,Nerve_Tibial,DPN,0.6979,0.48525276324955746,4,3
TTN,Nerve_Tibial,DPN,2.154,0.031236580453037226,1,1
UBN1,Nerve_Tibial,DPN,-0.891,0.37292213539432534,2,2
UBOX5,Nerve_Tibial,DPN,-0.2137,0.8307840395534696,2,1
UBR7,Nerve_Tibial,DPN,3.1764,0.0014912842178124116,1,1
UCN,Nerve_Tibial,DPN,5.4732,4.419252107241372e-08,1,1
ULK3,Nerve_Tibial,DPN,2.2172,0.02661097694205526,3,3
UPP1,Nerve_Tibial,DPN,-0.1448,0.884884138899839,2,2
USP47,Nerve_Tibial,DPN,3.5152,0.00043937612426033916,2,2
UTP3,Nerve_Tibial,DPN,-0.7883,0.43050356122253697,2,1
VAMP5,Nerve_Tibial,DPN,1.2674,0.20501683074285723,1,1
VNN3,Nerve_Tibial,DPN,-4.3444,1.396617608643668e-05,2,2
VPREB3,Nerve_Tibial,DPN,4.1714,3.027563129666044e-05,1,1
VPS37A,Nerve_Tibial,DPN,11.6267,3.0166390712550536e-31,2,2
VPS50,Nerve_Tibial,DPN,-10.5323,6.133860530009403e-26,2,2
VSIG10L,Nerve_Tibial,DPN,-1.0916,0.27498781814722006,2,2
WASHC2C,Nerve_Tibial,DPN,0.0518,0.9586832966963347,5,4
WDPCP,Nerve_Tibial,DPN,-2.3296,0.019828611003398916,2,2
WDR34,Nerve_Tibial,DPN,-12.5877,2.4681576464972976e-36,2,1
WDR47,Nerve_Tibial,DPN,-3.1307,0.0017441322348545017,1,1
WLS,Nerve_Tibial,DPN,-2.3065,0.02108493473504425,2,2
WWC1,Nerve_Tibial,DPN,1.0216,0.30697279466195565,2,2
XPNPEP3,Nerve_Tibial,DPN,-1.1743,0.24029400922456337,1,1
XPO5,Nerve_Tibial,DPN,-11.0892,1.4157853531725927e-28,1,1
YARS,Nerve_Tibial,DPN,4.7735,1.8103524616848118e-06,2,2
ZAP70,Nerve_Tibial,DPN,2.7214,0.006501286512687141,2,1
ZBTB8OS,Nerve_Tibial,DPN,6.919,4.549720429851494e-12,2,2
ZC3H12C,Nerve_Tibial,DPN,2.3176,0.0204728533009312,2,1
ZC3H7B,Nerve_Tibial,DPN,-22.1399,1.303845238663529e-108,1,1
ZCWPW1,Nerve_Tibial,DPN,7.9814,1.4463074207325377e-15,3,3
ZFAT,Nerve_Tibial,DPN,-3.554,0.000379452030740932,1,1
ZFP41,Nerve_Tibial,DPN,-1.7756,0.07580372579815285,2,2
ZFP82,Nerve_Tibial,DPN,-3.6278,0.0002858028275805974,1,1
ZFYVE27,Nerve_Tibial,DPN,-4.5428,5.5500471764350194e-06,1,1
ZGPAT,Nerve_Tibial,DPN,-4.478,7.535319206777117e-06,1,1
ZKSCAN7,Nerve_Tibial,DPN,-3.2933,0.0009902896510467175,2,2
ZNF317,Nerve_Tibial,DPN,3.0404,0.002362322371279847,2,2
ZNF396,Nerve_Tibial,DPN,0.1401,0.8885695995714409,2,1
ZNF433,Nerve_Tibial,DPN,-3.4352,0.0005921989862055389,2,1
ZNF45,Nerve_Tibial,DPN,5.8057,6.410114795084006e-09,2,1
ZNF529,Nerve_Tibial,DPN,1.588,0.11228955927618205,2,2
ZNF554,Nerve_Tibial,DPN,-1.652,0.09853403641073495,2,2
ZNF584,Nerve_Tibial,DPN,-1.9622,0.049733435966433426,2,2
ZNF607,Nerve_Tibial,DPN,-5.5012,3.772092237475119e-08,2,1
ZNF771,Nerve_Tibial,DPN,1.771,0.07655950987326356,1,1
ZNF778,Nerve_Tibial,DPN,2.9657,0.003020301028049243,1,1
ZNF792,Nerve_Tibial,DPN,4.5644,5.008251375304802e-06,3,3
ZNHIT2,Nerve_Tibial,DPN,2.1548,0.031176823787117475,1,1
AAMP,Whole_Blood,DPN,-1.8361,0.06633754746420104,1,1
ABCD2,Whole_Blood,DPN,-12.418,2.0870934578679766e-35,2,2
ABHD17C,Whole_Blood,DPN,-5.528,3.238770518518075e-08,1,1
AC093627.7,Whole_Blood,DPN,-4.5154,6.318713228757404e-06,3,3
AC138969.4,Whole_Blood,DPN,0.5838,0.5593272952397756,1,1
ACAT1,Whole_Blood,DPN,5.0288,4.935196728785716e-07,2,1
ACP2,Whole_Blood,DPN,-1.0273,0.30428532750402937,3,3
ACSL5,Whole_Blood,DPN,-1.8666,0.06195306193889363,2,2
ACTN4,Whole_Blood,DPN,-0.7378,0.46064029469210477,2,1
ACTR3C,Whole_Blood,DPN,-2.6098,0.00906072776058697,1,1
ADAM17,Whole_Blood,DPN,0.4928,0.6221308657579824,1,1
ADAM9,Whole_Blood,DPN,-1.5299,0.12603630756286782,2,2
ADAMTSL4,Whole_Blood,DPN,8.503,1.846936206140678e-17,1,1
ADAP1,Whole_Blood,DPN,1.6002,0.10955531035090724,5,4
AHCYL1,Whole_Blood,DPN,-3.2611,0.0011097660791631403,1,1
AHSG,Whole_Blood,DPN,0.7537,0.45101810998350733,1,1
AIM1L,Whole_Blood,DPN,3.155,0.0016048768636068528,2,2
AIMP1,Whole_Blood,DPN,14.2453,4.794064439043575e-46,1,1
AKAP10,Whole_Blood,DPN,-2.7045,0.006839792336656821,3,3
AL928768.3,Whole_Blood,DPN,-5.9883,2.1207605809885265e-09,2,1
ALDH4A1,Whole_Blood,DPN,0.7017,0.4828686902930533,1,1
ALKBH3,Whole_Blood,DPN,3.4157,0.0006362292139206612,2,1
ALMS1,Whole_Blood,DPN,0.1539,0.8776865265325733,1,1
ANKRD23,Whole_Blood,DPN,-10.7326,7.159275004801226e-27,1,1
ANKRD49,Whole_Blood,DPN,-14.0488,7.837283981339909e-45,1,1
AP2A2,Whole_Blood,DPN,0.0265,0.9788633639531718,2,2
AP2M1,Whole_Blood,DPN,-4.7672,1.8678549369510822e-06,2,1
APEH,Whole_Blood,DPN,-3.0309,0.002438378586271922,1,1
ARHGAP31,Whole_Blood,DPN,-0.4062,0.6846068022696532,2,1
ARHGEF10,Whole_Blood,DPN,-0.1068,0.914971897255312,2,2
ARL4D,Whole_Blood,DPN,-2.6826,0.0073054831457194415,2,1
ARPIN,Whole_Blood,DPN,0.4163,0.6772099352337531,2,2
ARSK,Whole_Blood,DPN,-1.4018,0.16096501773449098,2,1
ASAH2B,Whole_Blood,DPN,-2.1912,0.028437923114877514,2,1
ASB1,Whole_Blood,DPN,1.0586,0.2897726089099186,2,1
ASB7,Whole_Blood,DPN,-2.9927,0.002765270959034536,1,1
ASTL,Whole_Blood,DPN,-1.3337,0.18230164715583463,2,2
AZI2,Whole_Blood,DPN,1.9127,0.05579051504724884,2,2
B4GALT6,Whole_Blood,DPN,-1.8372,0.06618439838114026,1,1
BAG5,Whole_Blood,DPN,-2.328,0.01991428254198409,1,1
BAIAP2L2,Whole_Blood,DPN,-3.5268,0.0004205549504558628,1,1
BAMBI,Whole_Blood,DPN,3.1735,0.0015061790545070754,1,1
BANF1,Whole_Blood,DPN,1.3793,0.1678118824858494,2,2
BBS2,Whole_Blood,DPN,-4.933,8.09860341588433e-07,3,3
BCAP29,Whole_Blood,DPN,37.2333,1.976079989865235e-303,3,2
BCAS2,Whole_Blood,DPN,1.8209,0.06862543077119007,3,3
BDP1,Whole_Blood,DPN,-3.6669,0.00024552688500180966,2,2
BPI,Whole_Blood,DPN,8.5107,1.729379363224735e-17,3,3
BRD1,Whole_Blood,DPN,1.7772,0.07553591193819396,1,1
BTBD19,Whole_Blood,DPN,-4.7935,1.6390506227447695e-06,1,1
C12ORF49,Whole_Blood,DPN,-6.8184,9.203330941525585e-12,2,2
C19ORF18,Whole_Blood,DPN,-1.0031,0.31581045547675307,3,2
C1ORF123,Whole_Blood,DPN,-1.7565,0.07900807922082902,2,2
C1ORF226,Whole_Blood,DPN,2.4652,0.013694844317165026,2,2
C2ORF69,Whole_Blood,DPN,3.7856,0.00015333642962799858,1,1
C3ORF20,Whole_Blood,DPN,-2.6085,0.009094837486399759,1,1
C3ORF38,Whole_Blood,DPN,1.8475,0.06466931335280217,1,1
C4ORF32,Whole_Blood,DPN,-3.2441,0.0011781307105624894,1,1
CA11,Whole_Blood,DPN,3.4863,0.0004898024161314987,2,2
CA8,Whole_Blood,DPN,-2.1758,0.02956967817418198,2,2
CACUL1,Whole_Blood,DPN,-0.8912,0.37283038227674387,2,2
CAPRIN2,Whole_Blood,DPN,1.1863,0.23550608086698294,1,1
CAPZA2,Whole_Blood,DPN,1.2059,0.2278727887040048,1,1
CARM1,Whole_Blood,DPN,2.0786,0.03765637699223256,1,1
CASC4,Whole_Blood,DPN,0.097,0.9226901460684576,1,1
CBX1,Whole_Blood,DPN,-0.2325,0.8161747073947869,3,2
CBX6,Whole_Blood,DPN,1.5186,0.12886370809076228,3,3
CCDC6,Whole_Blood,DPN,-1.4624,0.1436378521170125,1,1
CCL4,Whole_Blood,DPN,-2.0253,0.04283848100894476,2,2
CD5,Whole_Blood,DPN,-4.2627,2.0198129349658336e-05,1,1
CD72,Whole_Blood,DPN,-3.6183,0.00029657227074255055,1,1
CDC37L1-AS1,Whole_Blood,DPN,-0.028,0.9776905872708744,2,2
CDC42,Whole_Blood,DPN,-0.7373,0.46094120890581153,2,2
CDC7,Whole_Blood,DPN,-1.6195,0.10533281128352079,3,3
CDH13,Whole_Blood,DPN,-0.8686,0.38509059709988536,1,1
CDHR1,Whole_Blood,DPN,0.4696,0.6386539799683453,1,1
CDK11B,Whole_Blood,DPN,1.6705,0.09482196850046908,3,1
CDK5,Whole_Blood,DPN,0.0251,0.9799831616911342,1,1
CDS1,Whole_Blood,DPN,-4.0376,5.4006410906290436e-05,1,1
CEBPA,Whole_Blood,DPN,4.1232,3.736155334797641e-05,2,2
CES3,Whole_Blood,DPN,-0.513,0.6079522581163208,1,1
CFDP1,Whole_Blood,DPN,0.6972,0.48568661041284655,3,1
CHAC1,Whole_Blood,DPN,-1.0771,0.2814197059542682,1,1
CHMP2A,Whole_Blood,DPN,-3.6873,0.0002266343337401496,2,2
CHRNE,Whole_Blood,DPN,9.3371,9.899438799424551e-21,2,2
CISD3,Whole_Blood,DPN,3.0024,0.002678956217335206,1,1
CLEC10A,Whole_Blood,DPN,7.2276,4.917698788984187e-13,2,2
CLEC2D,Whole_Blood,DPN,1.1896,0.23420650695466422,3,3
CLECL1,Whole_Blood,DPN,1.966,0.049297321803466694,3,2
CLK1,Whole_Blood,DPN,-0.8974,0.3694942443044564,1,1
CLN3,Whole_Blood,DPN,-3.7151,0.000203112312255277,3,2
COL16A1,Whole_Blood,DPN,2.6502,0.008044248548134165,2,1
COL6A2,Whole_Blood,DPN,-2.1672,0.03022224437886343,3,1
COL7A1,Whole_Blood,DPN,0.826,0.4088064002719669,2,1
CPNE3,Whole_Blood,DPN,-0.5625,0.5737555624014441,2,1
CPSF2,Whole_Blood,DPN,4.2185,2.459262969876644e-05,3,3
CRACR2B,Whole_Blood,DPN,-0.2513,0.8016069240910607,8,7
CRYGS,Whole_Blood,DPN,-7.1387,9.422451706509822e-13,2,1
CTBS,Whole_Blood,DPN,7.5407,4.6746466172920016e-14,3,3
CTC-281F24.1,Whole_Blood,DPN,-3.262,0.0011062245425950887,1,1
CTD-2547L24.4,Whole_Blood,DPN,-2.4493,0.014315224432494224,1,1
CUTC,Whole_Blood,DPN,-1.7675,0.07714858545035168,1,1
CYB5D2,Whole_Blood,DPN,-11.0564,2.042104738063473e-28,2,2
CYB5R3,Whole_Blood,DPN,-2.8076,0.004990681270635336,3,1
CYSLTR2,Whole_Blood,DPN,0.4013,0.6881940219864924,1,1
DAPP1,Whole_Blood,DPN,1.5672,0.11706076570069393,3,3
DBF4B,Whole_Blood,DPN,0.9268,0.35404691239865815,4,4
DCTD,Whole_Blood,DPN,-3.2391,0.0011991666204630709,3,3
DCTN5,Whole_Blood,DPN,-5.1128,3.1749456563788893e-07,3,3
DDHD1,Whole_Blood,DPN,7.546,4.488033118431769e-14,2,1
DDIAS,Whole_Blood,DPN,0.3404,0.7335849326493247,3,3
DEGS2,Whole_Blood,DPN,-2.9599,0.0030773816719877017,1,1
DENND5A,Whole_Blood,DPN,9.7954,1.1785200144706002e-22,2,2
DGCR2,Whole_Blood,DPN,-5.0957,3.4743929675784597e-07,2,2
DMXL1,Whole_Blood,DPN,6.1813,6.358930033554536e-10,1,1
DNAI2,Whole_Blood,DPN,-1.9557,0.0505058470589781,2,2
DNAJC15,Whole_Blood,DPN,-4.0526,5.06536549007431e-05,2,2
DNAJC9,Whole_Blood,DPN,5.5627,2.6566316821170337e-08,1,1
DNAL4,Whole_Blood,DPN,-6.4281,1.2924954986891121e-10,2,1
DPEP3,Whole_Blood,DPN,-0.0544,0.956591577302342,2,2
DPPA4,Whole_Blood,DPN,-0.6269,0.5307421124607828,2,1
DSC2,Whole_Blood,DPN,-2.4154,0.01571848201302357,2,1
DZIP1L,Whole_Blood,DPN,3.2698,0.0010762268573270893,1,1
E4F1,Whole_Blood,DPN,0.3815,0.7028492845158281,1,1
ECHDC3,Whole_Blood,DPN,-1.1377,0.2552516827897014,3,3
EEPD1,Whole_Blood,DPN,3.9675,7.263019479294226e-05,1,1
EHMT1,Whole_Blood,DPN,-0.6676,0.5044112705138388,1,1
EMC2,Whole_Blood,DPN,-0.9648,0.334649380649946,1,1
EMG1,Whole_Blood,DPN,2.2876,0.02215835549889405,2,2
EPB41L4A-AS1,Whole_Blood,DPN,3.1799,0.0014733158886139752,1,1
EPG5,Whole_Blood,DPN,-2.1096,0.03489302080536292,2,2
EPOP,Whole_Blood,DPN,-2.4113,0.01589412847092796,1,1
EPS8,Whole_Blood,DPN,-4.7811,1.7429865443877054e-06,2,2
EREG,Whole_Blood,DPN,-2.6244,0.00867966492102593,2,2
EXOSC8,Whole_Blood,DPN,-2.2363,0.025329144344500554,1,1
FADS3,Whole_Blood,DPN,-3.1819,0.0014630146642747824,1,1
FAM117B,Whole_Blood,DPN,3.311,0.0009295323210196818,1,1
FAM122A,Whole_Blood,DPN,-0.1789,0.8579994146945953,1,1
FAM174B,Whole_Blood,DPN,0.3891,0.6971725082002906,3,3
FAM177A1,Whole_Blood,DPN,1.0426,0.29714361395320255,3,3
FAM20B,Whole_Blood,DPN,-1.4305,0.15257329432104613,1,1
FAM210A,Whole_Blood,DPN,-0.4185,0.6756033438808284,3,3
FAM213A,Whole_Blood,DPN,1.8039,0.0712435949487505,3,2
FAM24B,Whole_Blood,DPN,-1.661,0.09670459635230658,1,1
FAM87B,Whole_Blood,DPN,1.8717,0.061242743898792466,2,1
FAXDC2,Whole_Blood,DPN,-0.4704,0.6380994903876995,2,1
FCF1,Whole_Blood,DPN,0.7976,0.425093271767175,1,1
FCHO2,Whole_Blood,DPN,0.5774,0.5636582001327937,3,2
FCRL5,Whole_Blood,DPN,-2.4049,0.016175591823218788,1,1
FGFR4,Whole_Blood,DPN,-1.1617,0.24535405127557308,3,3
FIG4,Whole_Blood,DPN,-2.4468,0.01441209224006263,1,1
FKBP9,Whole_Blood,DPN,3.3799,0.0007249965260505224,2,2
FMNL1,Whole_Blood,DPN,-0.626,0.5312933939109897,2,2
FOXN2,Whole_Blood,DPN,2.6324,0.008477975517716643,2,1
FRA10AC1,Whole_Blood,DPN,-3.1812,0.001466909823934301,2,2
FUCA2,Whole_Blood,DPN,0.682,0.49524864154295645,2,2
FUT11,Whole_Blood,DPN,0.6317,0.5275871172615538,2,2
GCM1,Whole_Blood,DPN,-0.1168,0.9069997291694533,1,1
GGACT,Whole_Blood,DPN,3.5581,0.0003735188568915026,2,1
GID8,Whole_Blood,DPN,1.5868,0.11256765110366741,2,2
GIT1,Whole_Blood,DPN,3.3691,0.000754004155607849,2,1
GK5,Whole_Blood,DPN,4.1332,3.5768540259829245e-05,1,1
GMCL1,Whole_Blood,DPN,-0.5659,0.5714771412349426,2,1
GNPDA1,Whole_Blood,DPN,5.2443,1.5684823135549273e-07,2,2
GOLGA5,Whole_Blood,DPN,-1.2411,0.21457537021561207,2,2
GOLGA7B,Whole_Blood,DPN,16.5522,1.5444805434043082e-61,1,1
GPR20,Whole_Blood,DPN,1.4186,0.15602842358635838,2,2
GPR4,Whole_Blood,DPN,-7.0629,1.630609022819397e-12,1,1
GRAMD1C,Whole_Blood,DPN,3.0867,0.0020238424587003226,2,2
GRAMD3,Whole_Blood,DPN,-5.6101,2.0223345264420994e-08,1,1
GSTA1,Whole_Blood,DPN,-1.6137,0.10658603668362891,2,2
GSTM3,Whole_Blood,DPN,-0.8097,0.41810025155217506,3,1
GTF2E1,Whole_Blood,DPN,0.0537,0.9571605454329698,2,2
GTPBP1,Whole_Blood,DPN,17.2499,1.1204076978803902e-66,1,1
GYPC,Whole_Blood,DPN,-0.1592,0.8734891627261951,1,1
HACD2,Whole_Blood,DPN,-1.3559,0.17512591627286347,2,2
HCG11,Whole_Blood,DPN,15.7754,4.595285817200647e-56,1,1
HECA,Whole_Blood,DPN,0.3824,0.7021900311652818,1,1
HEMK1,Whole_Blood,DPN,0.8956,0.37048015670864,3,2
HERPUD2,Whole_Blood,DPN,-0.0417,0.9667765988349083,2,2
HIF3A,Whole_Blood,DPN,3.7086,0.00020841920633996044,2,1
HINT2,Whole_Blood,DPN,4.6096,4.03398792467861e-06,1,1
HIP1R,Whole_Blood,DPN,-0.1281,0.8980751020833364,2,2
HIST1H2BN,Whole_Blood,DPN,-64.1013,0.0,2,2
HK2,Whole_Blood,DPN,-1.8127,0.0698768987627089,2,1
HMGCL,Whole_Blood,DPN,0.5746,0.5655934358779099,1,1
HNRNPD,Whole_Blood,DPN,-3.2272,0.0012502049924480692,1,1
HOXB4,Whole_Blood,DPN,-1.82,0.06875876953427708,2,2
HPCAL1,Whole_Blood,DPN,3.1858,0.0014435412186884734,5,5
HRG,Whole_Blood,DPN,-0.1983,0.8427965193970999,2,1
HS1BP3,Whole_Blood,DPN,0.4617,0.6443286145649341,2,1
HS3ST3A1,Whole_Blood,DPN,-0.7231,0.4696394593806329,2,2
HSD17B6,Whole_Blood,DPN,-1.668,0.09531771583699036,1,1
ID3,Whole_Blood,DPN,-0.4897,0.6243345743739948,1,1
IDH2,Whole_Blood,DPN,-0.2146,0.8300939399326459,1,1
IFIH1,Whole_Blood,DPN,-1.4073,0.159334875470738,1,1
IFT122,Whole_Blood,DPN,-0.7417,0.4582838628336424,1,1
IGF2,Whole_Blood,DPN,5.3211,1.0316817486922722e-07,1,1
IL15,Whole_Blood,DPN,0.4101,0.6816982164113842,1,1
IL18R1,Whole_Blood,DPN,-9.1884,3.9859677984777745e-20,2,2
ILK,Whole_Blood,DPN,-0.4233,0.6720562339283083,3,2
IMPDH1,Whole_Blood,DPN,-7.4207,1.1653820521115132e-13,2,2
INO80B,Whole_Blood,DPN,1.1062,0.26862924016033507,1,1
IQGAP2,Whole_Blood,DPN,1.3497,0.17710454138332357,2,2
IQSEC3,Whole_Blood,DPN,-1.0458,0.29564973084966123,1,1
IRAK1BP1,Whole_Blood,DPN,1.6397,0.10107482451951545,3,1
ISM1,Whole_Blood,DPN,-1.2942,0.19558100595621963,1,1
ITGA2B,Whole_Blood,DPN,-1.3659,0.17195611901890936,1,1
ITGAD,Whole_Blood,DPN,2.1144,0.034483758865119375,1,1
ITPRIPL1,Whole_Blood,DPN,-0.2223,0.8240738082103607,1,1
JAG1,Whole_Blood,DPN,-11.7738,5.32853947455701e-32,1,1
JMJD4,Whole_Blood,DPN,-4.1427,3.433031531776437e-05,2,2
KATNBL1,Whole_Blood,DPN,-1.4175,0.1563347092048198,2,1
KBTBD11,Whole_Blood,DPN,7.7759,7.489794298395762e-15,2,2
KBTBD4,Whole_Blood,DPN,-2.6975,0.006987105018477389,1,1
KCNK17,Whole_Blood,DPN,1.1021,0.2704181172520646,2,2
KCNMA1,Whole_Blood,DPN,-0.8914,0.37273854892829666,5,5
KIF13A,Whole_Blood,DPN,20.8018,4.169233881037426e-96,1,1
KIF18A,Whole_Blood,DPN,-4.2824,1.8491077034503217e-05,2,2
KIF23,Whole_Blood,DPN,-12.8752,6.205836703695193e-38,2,1
KIFC1,Whole_Blood,DPN,-0.3471,0.7285043032508699,1,1
KLHL40,Whole_Blood,DPN,0.3976,0.6909315976415824,1,1
LAMB2,Whole_Blood,DPN,-0.0976,0.9222784962762071,2,1
LANCL1,Whole_Blood,DPN,-1.7507,0.07999800501614138,2,2
LAPTM4A,Whole_Blood,DPN,2.8567,0.0042811964400229635,1,1
LARP1,Whole_Blood,DPN,-0.445,0.656331878026373,1,1
LCN8,Whole_Blood,DPN,3.1016,0.0019249505879671085,1,1
LEAP2,Whole_Blood,DPN,-0.0331,0.9736258167387726,1,1
LEPROT,Whole_Blood,DPN,0.0999,0.9204489674629892,2,1
LIN37,Whole_Blood,DPN,2.8775,0.004008138791045603,1,1
LIN7A,Whole_Blood,DPN,1.5967,0.11033858013579716,2,1
LINC00324,Whole_Blood,DPN,-0.7944,0.42696029272994196,2,2
LINC00662,Whole_Blood,DPN,-1.3516,0.17651212808389444,3,2
LINC00865,Whole_Blood,DPN,-3.2142,0.0013082259286882586,1,1
LINC00954,Whole_Blood,DPN,-1.5056,0.13216706131483716,3,3
LINC01291,Whole_Blood,DPN,1.5006,0.1334604107643045,1,1
LINC01597,Whole_Blood,DPN,9.1371,6.414643504570712e-20,2,2
LINC01644,Whole_Blood,DPN,-1.7527,0.07965849720432061,1,1
LINC01934,Whole_Blood,DPN,1.5206,0.12835158363908974,1,1
LINC01970,Whole_Blood,DPN,-2.7045,0.0068412842804698015,1,1
LINC01993,Whole_Blood,DPN,4.2177,2.4679129805737958e-05,1,1
LINC02062,Whole_Blood,DPN,-1.5016,0.13319079837436065,2,2
LOXL2,Whole_Blood,DPN,1.9175,0.05517596930916067,3,2
LPCAT3,Whole_Blood,DPN,-7.7188,1.1745685180319818e-14,1,1
LPCAT4,Whole_Blood,DPN,-0.5594,0.5759062585297923,3,2
LRIG2,Whole_Blood,DPN,-1.2572,0.20867514524823155,1,1
LRRC23,Whole_Blood,DPN,3.6996,0.0002159616994881725,2,2
MAB21L3,Whole_Blood,DPN,4.4802,7.455610768895725e-06,1,1
MAFG,Whole_Blood,DPN,-2.6888,0.0071706530285010625,1,1
MAP3K10,Whole_Blood,DPN,-0.9956,0.3194546215886622,2,2
MAP4,Whole_Blood,DPN,-0.2445,0.8068503911641877,1,1
MARC1,Whole_Blood,DPN,4.9599,7.051450305888897e-07,4,2
MARS,Whole_Blood,DPN,-1.6147,0.10638561958229625,1,1
MCM8,Whole_Blood,DPN,-2.2364,0.025328640761021603,1,1
ME2,Whole_Blood,DPN,6.432,1.2593086266002542e-10,4,4
MED17,Whole_Blood,DPN,1.2427,0.2139918599400786,2,2
MED18,Whole_Blood,DPN,0.6115,0.5408940648702085,1,1
MED22,Whole_Blood,DPN,-0.4259,0.6701604675378672,2,1
MED28,Whole_Blood,DPN,-0.1593,0.873430490300617,2,1
MFSD2B,Whole_Blood,DPN,0.7923,0.428165756508545,2,2
MFSD3,Whole_Blood,DPN,-0.7471,0.454997080859637,1,1
MFSD5,Whole_Blood,DPN,-1.4609,0.1440511533556453,1,1
MIA3,Whole_Blood,DPN,-0.9446,0.34487824158844754,1,1
MIR3945HG,Whole_Blood,DPN,1.6953,0.09000984010269568,3,3
MPHOSPH9,Whole_Blood,DPN,0.3809,0.7032420335411348,2,2
MRAS,Whole_Blood,DPN,-21.0665,1.6139426311005557e-98,1,1
MSANTD2,Whole_Blood,DPN,-2.5286,0.0114515760822283,1,1
MSTO1,Whole_Blood,DPN,1.0279,0.3039994064725276,1,1
MT1E,Whole_Blood,DPN,-4.7074,2.508752160715968e-06,3,3
MTDH,Whole_Blood,DPN,-9.8047,1.0743982050700687e-22,1,1
MTHFS,Whole_Blood,DPN,-0.0412,0.9671050833434739,3,1
MTSS1,Whole_Blood,DPN,-15.0236,5.143585228956446e-51,2,2
MVB12A,Whole_Blood,DPN,0.4209,0.6737930832115747,1,1
MXD4,Whole_Blood,DPN,-4.5467,5.449014514835749e-06,2,2
MYL5,Whole_Blood,DPN,4.3299,1.4915559796970718e-05,3,2
MYO1C,Whole_Blood,DPN,-0.0226,0.9820040876778592,2,1
NAALAD2,Whole_Blood,DPN,-25.5991,1.5594648685569684e-144,1,1
NCOA7,Whole_Blood,DPN,-2.4627,0.013790983198347779,1,1
NEDD1,Whole_Blood,DPN,1.34,0.18024061750225104,1,1
NEK1,Whole_Blood,DPN,4.7026,2.568198140640758e-06,3,2
NFIX,Whole_Blood,DPN,14.0176,1.217453772255862e-44,1,1
NFYB,Whole_Blood,DPN,-7.6155,2.6272636293831436e-14,1,1
NIPAL2,Whole_Blood,DPN,2.4458,0.014453809248194434,1,1
NOTCH3,Whole_Blood,DPN,-0.7996,0.4239160041837652,1,1
NOTCH4,Whole_Blood,DPN,-8.9373,3.989519868954162e-19,2,1
NPAT,Whole_Blood,DPN,-0.0701,0.944077077564429,1,1
NR1D2,Whole_Blood,DPN,1.4748,0.14026101606020877,1,1
NSMCE1,Whole_Blood,DPN,1.1608,0.24571016034499793,2,2
NSUN5,Whole_Blood,DPN,1.8526,0.06393480351598702,2,2
NUDT14,Whole_Blood,DPN,1.7277,0.08404876758333221,1,1
NUP107,Whole_Blood,DPN,-0.4331,0.6649639550472761,2,2
OAF,Whole_Blood,DPN,1.0482,0.2945628033622738,1,1
ODF2L,Whole_Blood,DPN,3.4856,0.0004910340097115985,2,2
OIP5,Whole_Blood,DPN,3.7422,0.0001824411623964955,2,2
OLA1,Whole_Blood,DPN,5.449,5.066208634929236e-08,1,1
OLFM1,Whole_Blood,DPN,-0.8173,0.41377518637680544,1,1
OR2W3,Whole_Blood,DPN,60.9521,0.0,5,2
OSBPL6,Whole_Blood,DPN,-1.0963,0.2729334822943575,2,2
OTUB1,Whole_Blood,DPN,1.1728,0.24089041122794144,1,1
OXT,Whole_Blood,DPN,0.9255,0.35468231001454525,2,2
PAK2,Whole_Blood,DPN,3.2273,0.0012498364766461052,3,3
PCDH1,Whole_Blood,DPN,0.7608,0.4468057631231431,1,1
PCNT,Whole_Blood,DPN,0.4712,0.6374935470532225,3,2
PCP4L1,Whole_Blood,DPN,4.0674,4.753900615029454e-05,1,1
PDAP1,Whole_Blood,DPN,-3.8862,0.00010181194604841543,2,2
PDCD2,Whole_Blood,DPN,16.8111,2.025264878407837e-63,2,2
PEX11A,Whole_Blood,DPN,4.1914,2.7724948547221737e-05,1,1
PGM1,Whole_Blood,DPN,-0.4188,0.6753700984954205,1,1
PHC1,Whole_Blood,DPN,-2.955,0.003126415693142836,4,4
PHYKPL,Whole_Blood,DPN,26.9731,3.0610874889174303e-160,3,3
PIGU,Whole_Blood,DPN,-0.1127,0.9102483319765828,1,1
PIK3R4,Whole_Blood,DPN,1.5939,0.11096190777241595,2,2
PIP5K1A,Whole_Blood,DPN,-7.7991,6.233548632579825e-15,2,2
PIP5K1C,Whole_Blood,DPN,3.2442,0.0011778591715943516,2,2
PKIG,Whole_Blood,DPN,-7.3912,1.4551317003823895e-13,1,1
PLCD1,Whole_Blood,DPN,-1.0657,0.2865504975534006,2,2
PLEKHD1,Whole_Blood,DPN,3.6238,0.00029035646590622893,3,1
PLLP,Whole_Blood,DPN,-3.1914,0.0014157547929358539,2,2
PLOD3,Whole_Blood,DPN,-1.8774,0.060469343420087966,1,1
POU2F1,Whole_Blood,DPN,-3.0158,0.002562740938848046,1,1
POU6F1,Whole_Blood,DPN,-3.4262,0.000612014557083311,2,2
PP2D1,Whole_Blood,DPN,3.2884,0.001007705319253855,1,1
PPAN,Whole_Blood,DPN,-5.7833,7.3247919664859024e-09,2,2
PPWD1,Whole_Blood,DPN,2.8782,0.004000105870648737,2,2
PRCP,Whole_Blood,DPN,-0.3997,0.6893826373595353,1,1
PRKACA,Whole_Blood,DPN,0.7354,0.46211026416335393,1,1
PRKAR2B,Whole_Blood,DPN,-3.1776,0.0014850229983064246,2,2
PRKCZ,Whole_Blood,DPN,-0.9906,0.32189409072610436,3,3
PROK2,Whole_Blood,DPN,-2.0848,0.03708874705157329,2,2
PRSS53,Whole_Blood,DPN,0.9995,0.31754642578815484,2,2
PSEN1,Whole_Blood,DPN,-3.8968,9.745989340329872e-05,3,3
PSMB7,Whole_Blood,DPN,2.1699,0.030011529693613984,2,2
PSMD4,Whole_Blood,DPN,-2.0747,0.038013500825970346,3,3
PTBP3,Whole_Blood,DPN,5.6223,1.884306482207323e-08,2,2
PTGDR,Whole_Blood,DPN,4.0007,6.314245645769617e-05,1,1
PTGR1,Whole_Blood,DPN,-1.5783,0.11449916479100627,2,2
PTH1R,Whole_Blood,DPN,4.2633,2.0145504412217755e-05,2,2
PVRIG,Whole_Blood,DPN,-1.5974,0.11018668690255601,1,1
RAB17,Whole_Blood,DPN,-3.5141,0.0004412288262858569,1,1
RAB19,Whole_Blood,DPN,0.8572,0.3913547101128078,1,1
RAB5B,Whole_Blood,DPN,-0.711,0.4770960167970835,1,1
RACK1,Whole_Blood,DPN,-5.1936,2.0623546473044514e-07,2,2
RANBP2,Whole_Blood,DPN,-0.1642,0.8695640582429076,2,2
RARB,Whole_Blood,DPN,1.0686,0.2852684838587582,2,2
RBFA,Whole_Blood,DPN,-0.6967,0.48600897366838425,1,1
RCL1,Whole_Blood,DPN,0.7441,0.4568224172722408,1,1
REEP3,Whole_Blood,DPN,1.7255,0.08443151207930677,2,2
RFPL2,Whole_Blood,DPN,-0.5165,0.6055289857544499,2,1
RGS3,Whole_Blood,DPN,3.503,0.000460131110055949,2,2
RHBDF1,Whole_Blood,DPN,-0.6374,0.5238607596149496,1,1
RHNO1,Whole_Blood,DPN,-1.4411,0.14954534976966566,3,3
RMND1,Whole_Blood,DPN,3.553,0.0003808637397370878,2,2
RNASEK,Whole_Blood,DPN,-9.9177,3.4883591663828324e-23,1,1
RNF146,Whole_Blood,DPN,0.0048,0.9961658833987682,1,1
RNF25,Whole_Blood,DPN,13.4062,5.56104968317152e-41,1,1
RNF44,Whole_Blood,DPN,-0.8839,0.37673155891554516,2,1
ROCK2,Whole_Blood,DPN,0.534,0.5933256988736098,3,3
RP11-110I1.14,Whole_Blood,DPN,-0.47,0.6383539336185432,2,2
RP11-182L21.6,Whole_Blood,DPN,2.7702,0.005602766165921578,3,2
RP11-286N22.8,Whole_Blood,DPN,-2.1747,0.02965520657692452,2,2
RP11-370I10.12,Whole_Blood,DPN,2.421,0.015477202846282382,2,2
RP11-441O15.3,Whole_Blood,DPN,-1.2744,0.20251624987477493,2,2
RP11-455O6.9,Whole_Blood,DPN,0.0,1.0,1,1
RP11-47L3.1,Whole_Blood,DPN,0.408,0.6832965190666376,1,1
RP11-506M13.3,Whole_Blood,DPN,0.4831,0.6290538161880388,2,2
RP11-53O19.3,Whole_Blood,DPN,-2.6001,0.009318978750655524,1,1
RP11-676J12.4,Whole_Blood,DPN,-0.0491,0.9608362152718527,1,1
RP11-722E23.2,Whole_Blood,DPN,1.7785,0.07532128679847744,1,1
RP11-791G15.2,Whole_Blood,DPN,-0.3433,0.7313811447018935,2,2
RP11-849H4.2,Whole_Blood,DPN,12.1482,5.861693591277182e-34,1,1
RP11-973H7.1,Whole_Blood,DPN,3.8086,0.00013973891834401486,4,3
RP3-460G2.2,Whole_Blood,DPN,-0.2861,0.7748074199211341,3,3
RP3-467K16.4,Whole_Blood,DPN,-133.8478,0.0,3,2
RP4-761J14.10,Whole_Blood,DPN,0.379,0.7046641346512391,2,2
RPGRIP1,Whole_Blood,DPN,1.5343,0.12496698526139872,2,1
RRN3,Whole_Blood,DPN,-0.3455,0.7297052511586117,1,1
RRP12,Whole_Blood,DPN,-0.4485,0.6538277951708553,2,2
RRP1B,Whole_Blood,DPN,-0.941,0.34670969475100966,1,1
RRP8,Whole_Blood,DPN,-7.6233,2.4718461259263886e-14,3,3
RSPH4A,Whole_Blood,DPN,-3.6308,0.00028256934908767276,1,1
RTP5,Whole_Blood,DPN,-2.9152,0.003554904383387337,1,1
RUVBL1,Whole_Blood,DPN,-0.6082,0.5430865070269881,2,2
S100A4,Whole_Blood,DPN,-3.8823,0.00010348736745170306,1,1
SAFB,Whole_Blood,DPN,2.1414,0.03224043062685053,1,1
SAFB2,Whole_Blood,DPN,-9.681,3.632776186335539e-22,1,1
SAMD12,Whole_Blood,DPN,0.1783,0.858465234014779,3,3
SAMHD1,Whole_Blood,DPN,2.2985,0.02153428469729054,1,1
SAP25,Whole_Blood,DPN,-18.8375,3.720099102349247e-79,1,1
SCAF11,Whole_Blood,DPN,3.4783,0.0005046010237246264,1,1
SCIMP,Whole_Blood,DPN,-1.3288,0.18389928057018667,2,2
SCN4A,Whole_Blood,DPN,0.3084,0.7577852887102366,1,1
SCN8A,Whole_Blood,DPN,-0.3367,0.7363089139267762,3,3
SCUBE3,Whole_Blood,DPN,3.0173,0.002550291149874898,1,1
SCYL2,Whole_Blood,DPN,4.0167,5.9012424503257344e-05,1,1
SDCCAG3,Whole_Blood,DPN,4.3969,1.0980796444143397e-05,3,3
SEC14L4,Whole_Blood,DPN,-1.1751,0.23994897001861185,2,1
SEC24D,Whole_Blood,DPN,7.3633,1.7936992467398108e-13,1,1
SELP,Whole_Blood,DPN,-1.4405,0.14973996395354158,2,2
SEPT10,Whole_Blood,DPN,1.2789,0.20094846270428313,2,2
SETMAR,Whole_Blood,DPN,31.0365,1.7371158176938595e-211,2,2
SF1,Whole_Blood,DPN,-3.016,0.0025610769522413793,1,1
SFXN1,Whole_Blood,DPN,0.3981,0.6905401885904302,1,1
SGF29,Whole_Blood,DPN,-0.2713,0.7861969250407528,3,1
SH2B3,Whole_Blood,DPN,0.0352,0.9718832171554668,1,1
SH2D1B,Whole_Blood,DPN,-1.9072,0.05650094806510265,1,1
SH3YL1,Whole_Blood,DPN,-1.2191,0.2228154356581141,2,1
SHARPIN,Whole_Blood,DPN,-2.6873,0.00720394526724402,1,1
SIGLEC1,Whole_Blood,DPN,0.3838,0.7010969329710135,1,1
SIGLEC12,Whole_Blood,DPN,1.5643,0.1177455482953423,4,3
SIGLEC5,Whole_Blood,DPN,-14.3044,2.0527955654651543e-46,4,2
SIPA1L2,Whole_Blood,DPN,1.6315,0.10279022091640547,1,1
SIT1,Whole_Blood,DPN,6.4837,8.951336805987647e-11,1,1
SKAP1,Whole_Blood,DPN,0.7511,0.45256428971941126,1,1
SLA,Whole_Blood,DPN,7.0997,1.250698687301674e-12,3,3
SLN,Whole_Blood,DPN,-1.0531,0.2923087501657293,1,1
SMIM20,Whole_Blood,DPN,-1.5414,0.12322868228766659,1,1
SMKR1,Whole_Blood,DPN,-4.5449,5.4953861946840685e-06,1,1
SMNDC1,Whole_Blood,DPN,-0.7553,0.450086025893799,1,1
SMYD5,Whole_Blood,DPN,-0.1379,0.8902854960097377,2,1
SNAPC3,Whole_Blood,DPN,1.9485,0.0513517318131236,1,1
SQLE,Whole_Blood,DPN,3.2948,0.0009847910000911969,1,1
SRSF3,Whole_Blood,DPN,-2.7278,0.006375497691494788,1,1
ST6GALNAC6,Whole_Blood,DPN,-4.019,5.843401863087096e-05,1,1
ST7L,Whole_Blood,DPN,1.043,0.2969452544144116,1,1
STARD4,Whole_Blood,DPN,-2.9611,0.0030659075110565635,2,1
STAT5B,Whole_Blood,DPN,-3.4879,0.0004868235875079422,2,2
STK25,Whole_Blood,DPN,13.1834,1.0929954179016731e-39,1,1
STOML1,Whole_Blood,DPN,1.386,0.1657492687857853,2,2
STOX1,Whole_Blood,DPN,-2.4659,0.01366803130463639,2,2
SYNGR1,Whole_Blood,DPN,0.9445,0.34490181314089197,2,2
SYT1,Whole_Blood,DPN,-0.0062,0.9950800902270471,2,2
SYTL2,Whole_Blood,DPN,4.2484,2.153340844253183e-05,3,2
TAGLN2,Whole_Blood,DPN,-2.2288,0.025825170421817985,2,1
TARM1,Whole_Blood,DPN,-0.3496,0.7266705143564762,3,3
TBC1D14,Whole_Blood,DPN,2.3012,0.02137950189773625,1,1
TBC1D32,Whole_Blood,DPN,31.7082,1.1968963225372718e-220,3,2
TBC1D9,Whole_Blood,DPN,0.5129,0.6080080787697816,2,2
TBCC,Whole_Blood,DPN,5.4711,4.473572892345107e-08,1,1
TCN1,Whole_Blood,DPN,11.7801,4.942985486260287e-32,2,2
TCOF1,Whole_Blood,DPN,-1.2829,0.19954074493928536,2,2
TCTEX1D4,Whole_Blood,DPN,-4.7935,1.6390506227447695e-06,1,1
TDRD3,Whole_Blood,DPN,1.8354,0.06644883747929263,1,1
TFF3,Whole_Blood,DPN,0.0385,0.9692699335301267,1,1
TIGD1,Whole_Blood,DPN,3.1596,0.001579832567260613,1,1
TIRAP,Whole_Blood,DPN,2.9532,0.0031452860535968827,3,3
TJAP1,Whole_Blood,DPN,11.0742,1.6735107939164586e-28,1,1
TLE2,Whole_Blood,DPN,1.6535,0.09823770218594605,2,2
TM2D1,Whole_Blood,DPN,-10.7823,4.172301779165662e-27,1,1
TM7SF2,Whole_Blood,DPN,0.6557,0.5120080916858576,1,1
TMED6,Whole_Blood,DPN,-2.1439,0.03203888928116079,3,3
TMEM163,Whole_Blood,DPN,4.1927,2.7569511569378357e-05,2,2
TMEM168,Whole_Blood,DPN,1.8342,0.06662215098300353,1,1
TMEM222,Whole_Blood,DPN,9.3524,8.564901200037596e-21,1,1
TMEM41B,Whole_Blood,DPN,-2.7534,0.005897803065026229,2,2
TMEM65,Whole_Blood,DPN,3.5474,0.00038909025248979836,3,2
TNFSF12,Whole_Blood,DPN,1.0753,0.2822239669992304,3,3
TOMM40L,Whole_Blood,DPN,6.2649,3.7302477994045754e-10,4,4
TPRKB,Whole_Blood,DPN,-4.2663,1.9873636938280484e-05,1,1
TRAPPC6A,Whole_Blood,DPN,1.2804,0.20040823013449133,1,1
TRIQK,Whole_Blood,DPN,4.7237,2.3155593581590805e-06,2,1
TRNT1,Whole_Blood,DPN,-0.3443,0.7306214336466896,3,3
TRPC4AP,Whole_Blood,DPN,-5.0568,4.2624765292927196e-07,3,2
TRPM2,Whole_Blood,DPN,-2.9564,0.003112810822265404,1,1
TRUB2,Whole_Blood,DPN,-2.4234,0.015374707171587735,1,1
TSPO,Whole_Blood,DPN,-10.2651,1.0126832321651194e-24,2,2
TSPYL4,Whole_Blood,DPN,1.2534,0.21007373371019808,3,3
TSSK4,Whole_Blood,DPN,0.9687,0.33268048309321036,1,1
TTC39B,Whole_Blood,DPN,-4.9116,9.033245347094678e-07,3,3
TTLL12,Whole_Blood,DPN,-1.4791,0.13912530552653649,7,4
TTN,Whole_Blood,DPN,2.154,0.031236580453037226,1,1
TUBA4B,Whole_Blood,DPN,3.3925,0.0006925888880772809,1,1
UACA,Whole_Blood,DPN,-0.0367,0.9707479240320585,1,1
UBN1,Whole_Blood,DPN,-1.9019,0.05718058168529057,2,1
UBOX5,Whole_Blood,DPN,-0.3361,0.7367647304896343,2,1
UCN,Whole_Blood,DPN,5.4732,4.419252107241372e-08,1,1
ULK3,Whole_Blood,DPN,-0.6182,0.5364630047364491,1,1
UNK,Whole_Blood,DPN,-1.5526,0.12052156670476454,2,1
UPP1,Whole_Blood,DPN,0.9598,0.3371382342321027,1,1
USP47,Whole_Blood,DPN,-6.1494,7.778526839779163e-10,1,1
UTP3,Whole_Blood,DPN,-0.7883,0.43050356122253697,2,1
VAMP5,Whole_Blood,DPN,-1.2409,0.21464778722662284,3,3
VNN3,Whole_Blood,DPN,-3.6983,0.00021709056931959838,4,4
VPREB3,Whole_Blood,DPN,0.0666,0.9469072296946001,2,1
VPS37A,Whole_Blood,DPN,-0.1875,0.8512924094357629,1,1
VPS50,Whole_Blood,DPN,-1.4812,0.1385517647434263,1,1
VSIG10L,Whole_Blood,DPN,1.9917,0.04640838683631083,1,1
WASHC2C,Whole_Blood,DPN,-0.1777,0.8589235304371534,4,2
WDPCP,Whole_Blood,DPN,1.7655,0.07747382026275823,3,3
WDR47,Whole_Blood,DPN,4.4647,8.018984918783909e-06,1,1
WDR88,Whole_Blood,DPN,2.8449,0.0044423329970641225,1,1
WI2-87327B8.1,Whole_Blood,DPN,2.1678,0.03017302370492622,2,2
WLS,Whole_Blood,DPN,3.4387,0.000584451428928449,4,3
WWC1,Whole_Blood,DPN,2.5031,0.01230994355999528,1,1
XPNPEP3,Whole_Blood,DPN,-1.1743,0.24029400922456337,1,1
XPO5,Whole_Blood,DPN,-2.2093,0.027156102226923422,2,2
YARS,Whole_Blood,DPN,-7.7862,6.9081168199457766e-15,2,1
YKT6,Whole_Blood,DPN,1.8845,0.0594988894789616,2,1
ZAP70,Whole_Blood,DPN,2.8782,0.0039989528206990236,1,1
ZBTB44,Whole_Blood,DPN,0.0711,0.9433397373130139,1,1
ZBTB8OS,Whole_Blood,DPN,-6.2959,3.055923227531303e-10,1,1
ZC3H12C,Whole_Blood,DPN,0.1219,0.9029572829921726,2,2
ZC3H7B,Whole_Blood,DPN,-3.0491,0.0022949408710877745,2,2
ZDHHC23,Whole_Blood,DPN,-0.4789,0.6319789293369396,1,1
ZFP41,Whole_Blood,DPN,-1.6063,0.10820211855158132,1,1
ZFP82,Whole_Blood,DPN,-4.6013,4.197746368190084e-06,2,2
ZFPM1,Whole_Blood,DPN,2.9285,0.0034056614688386345,1,1
ZFYVE27,Whole_Blood,DPN,1.9373,0.0527052175829431,1,1
ZGPAT,Whole_Blood,DPN,-0.9963,0.3191028739730872,1,1
ZKSCAN7,Whole_Blood,DPN,1.7311,0.08342702391193026,4,4
ZNF317,Whole_Blood,DPN,3.228,0.001246740084247025,3,3
ZNF354A,Whole_Blood,DPN,3.249,0.0011582574313585153,5,5
ZNF385C,Whole_Blood,DPN,-22.5666,9.23419545051967e-113,2,2
ZNF396,Whole_Blood,DPN,0.1253,0.9002654372529605,3,2
ZNF429,Whole_Blood,DPN,0.2121,0.8320181981265662,3,3
ZNF433,Whole_Blood,DPN,3.4352,0.0005921989862055389,2,1
ZNF45,Whole_Blood,DPN,2.9415,0.003265876030397388,2,2
ZNF529,Whole_Blood,DPN,0.9156,0.35989754646280364,2,2
ZNF554,Whole_Blood,DPN,-1.5265,0.12688107556620007,1,1
ZNF584,Whole_Blood,DPN,-1.6098,0.10744655975177941,1,1
ZNF607,Whole_Blood,DPN,-0.1438,0.8856829243181967,2,1
ZNF771,Whole_Blood,DPN,1.771,0.07655950987326356,2,1
ZNF778,Whole_Blood,DPN,5.8995,3.6459323810897893e-09,2,2
ZNF792,Whole_Blood,DPN,2.6214,0.008757796864700572,2,2
ZNHIT2,Whole_Blood,DPN,2.1548,0.031176823787117502,1,1
