gene,tissue,trait,zscore,pvalue,n_snps_model,n_snps_matched
AAMP,Nerve_Tibial,DR,-0.6511,0.5149561534432755,1,1
AAR2,Nerve_Tibial,DR,4.4187,9.927830717489548e-06,1,1
AARS,Nerve_Tibial,DR,2.4746,0.013338856397972512,3,3
AARSD1,Nerve_Tibial,DR,1.6592,0.09708249201437547,1,1
ABCF2,Nerve_Tibial,DR,-0.1774,0.8592036558710079,1,1
ACBD3,Nerve_Tibial,DR,0.7357,0.4619158722665294,2,2
ACBD6,Nerve_Tibial,DR,0.1929,0.847030581227328,1,1
ACTR1A,Nerve_Tibial,DR,-3.0293,0.002451225931087418,1,1
ACTR1B,Nerve_Tibial,DR,-0.438,0.6613670908980931,3,3
ADH5,Nerve_Tibial,DR,0.1241,0.9012636420226896,3,2
ADIPOR2,Nerve_Tibial,DR,-0.1071,0.9146983651236591,1,1
AGAP3,Nerve_Tibial,DR,-7.4643,8.377244411607434e-14,2,1
AHSA1,Nerve_Tibial,DR,0.6416,0.52114000324079,2,1
AK2,Nerve_Tibial,DR,2.1961,0.02808313515675808,2,1
AK3,Nerve_Tibial,DR,-9.2039,3.450666238809661e-20,8,7
AKIRIN2,Nerve_Tibial,DR,0.6086,0.542798008036903,1,1
ALDH9A1,Nerve_Tibial,DR,-2.3505,0.018746040803049997,4,2
ALKBH5,Nerve_Tibial,DR,-0.2404,0.8100050181844449,1,1
AMFR,Nerve_Tibial,DR,-11.7768,5.141657544340458e-32,3,3
ANAPC2,Nerve_Tibial,DR,0.1195,0.9048602999294282,2,2
ANKFY1,Nerve_Tibial,DR,2.1922,0.02836610123421077,1,1
ANKLE2,Nerve_Tibial,DR,0.8087,0.41869588498396737,4,3
ANKRD10,Nerve_Tibial,DR,2.1283,0.033313932731781855,3,3
ANKRD40,Nerve_Tibial,DR,-0.9925,0.3209763942415832,1,1
ANKS1A,Nerve_Tibial,DR,-13.5781,5.4015547536507395e-42,2,2
AP2M1,Nerve_Tibial,DR,1.4372,0.1506698173616032,1,1
AP3M1,Nerve_Tibial,DR,8.7521,2.0940092413957993e-18,1,1
APEH,Nerve_Tibial,DR,-3.5663,0.000362106775098029,2,1
APH1A,Nerve_Tibial,DR,5.6694,1.4330119516145785e-08,1,1
ARCN1,Nerve_Tibial,DR,-0.7392,0.45980360841879414,1,1
ARF4,Nerve_Tibial,DR,-5.9667,2.4205553585078768e-09,2,2
ARFGAP2,Nerve_Tibial,DR,0.5461,0.5849989116901909,2,2
ARFGAP3,Nerve_Tibial,DR,-5.1282,2.925289035391672e-07,2,1
ARFGEF2,Nerve_Tibial,DR,-0.7269,0.4672858057934609,1,1
ARHGAP1,Nerve_Tibial,DR,-2.3635,0.018102283971462275,2,2
ARIH2,Nerve_Tibial,DR,-1.4011,0.16117609546875686,1,1
ARL1,Nerve_Tibial,DR,2.1036,0.03540949029234036,2,1
ARL14EP,Nerve_Tibial,DR,2.2161,0.026687097995979472,3,3
ARL6IP1,Nerve_Tibial,DR,-2.8079,0.004986956992622739,2,2
ARL8B,Nerve_Tibial,DR,-6.878,6.069655560484628e-12,3,3
ARMC1,Nerve_Tibial,DR,-1.0327,0.3017620357701851,2,2
ARNT,Nerve_Tibial,DR,0.3542,0.7231592134757829,3,2
ARPC2,Nerve_Tibial,DR,0.3809,0.7032502159994385,1,1
ARPP19,Nerve_Tibial,DR,24.8723,1.4830238070888273e-136,2,2
ASNSD1,Nerve_Tibial,DR,5.5388,3.045233592873459e-08,2,2
ASXL1,Nerve_Tibial,DR,0.6998,0.4840325825001999,1,1
ATF6,Nerve_Tibial,DR,0.0181,0.9855698693349779,2,2
ATF6B,Nerve_Tibial,DR,104.4445,0.0,2,1
ATG101,Nerve_Tibial,DR,-1.0681,0.2854935386420886,1,1
ATG3,Nerve_Tibial,DR,7.9767,1.5026850169063314e-15,1,1
B4GALT7,Nerve_Tibial,DR,-3.8864,0.00010172953327940128,3,3
BANF1,Nerve_Tibial,DR,-1.918,0.05510489653874417,3,3
BAZ1B,Nerve_Tibial,DR,-10.3359,4.850775810620293e-25,1,1
BCKDK,Nerve_Tibial,DR,1.3835,0.16652251857351108,2,2
BFAR,Nerve_Tibial,DR,24.9377,2.9008370373431167e-137,1,1
BLOC1S2,Nerve_Tibial,DR,14.1915,1.0347320148265864e-45,3,3
BOD1,Nerve_Tibial,DR,2.8421,0.004481313567041761,2,2
BORCS7,Nerve_Tibial,DR,1.1223,0.26173858041448034,2,2
BRD3,Nerve_Tibial,DR,0.6081,0.5431172621662297,3,1
BRD4,Nerve_Tibial,DR,1.6761,0.09371367758210221,1,1
BRK1,Nerve_Tibial,DR,-4.366,1.2656612469519842e-05,2,2
BSDC1,Nerve_Tibial,DR,14.0176,1.2173774409629383e-44,1,1
BTBD1,Nerve_Tibial,DR,-2.2598,0.02383352640776832,2,2
BUD31,Nerve_Tibial,DR,0.6391,0.5227895308857169,2,2
BZW1,Nerve_Tibial,DR,-3.214,0.00130922086564969,1,1
C11ORF98,Nerve_Tibial,DR,0.4971,0.6191173201540179,1,1
C6ORF120,Nerve_Tibial,DR,0.4971,0.6191007799271374,2,2
C9ORF78,Nerve_Tibial,DR,1.6119,0.10698347313779343,2,2
CACTIN,Nerve_Tibial,DR,-1.5562,0.11965178132223062,2,2
CALR,Nerve_Tibial,DR,-2.1077,0.03505794289536456,1,1
CAND1,Nerve_Tibial,DR,2.3367,0.019454317644494054,2,2
CASC3,Nerve_Tibial,DR,-16.7002,1.3053884622386677e-62,5,3
CBX1,Nerve_Tibial,DR,9.1582,5.27755904491214e-20,2,2
CBY1,Nerve_Tibial,DR,-16.7217,9.106929912145785e-63,2,1
CCAR2,Nerve_Tibial,DR,0.4408,0.6593724207882032,2,2
CCDC124,Nerve_Tibial,DR,-0.2202,0.8257313637825844,5,4
CCDC50,Nerve_Tibial,DR,0.1732,0.8625178081039059,3,3
CCDC97,Nerve_Tibial,DR,-6.6547,2.8390473317044558e-11,2,2
CCNK,Nerve_Tibial,DR,-0.8119,0.4168313626200047,1,1
CCZ1,Nerve_Tibial,DR,0.3257,0.7446813591938761,7,5
CD2BP2,Nerve_Tibial,DR,-0.4412,0.6590895149926022,1,1
CDC16,Nerve_Tibial,DR,0.1914,0.8482484573433409,3,3
CDC26,Nerve_Tibial,DR,-4.9052,9.332420724579104e-07,3,3
CDC37L1,Nerve_Tibial,DR,-2.829,0.00466942244719203,4,4
CDC42,Nerve_Tibial,DR,5.8788,4.13373629087347e-09,2,1
CDC42SE1,Nerve_Tibial,DR,5.4077,6.38226890835162e-08,2,1
CDC5L,Nerve_Tibial,DR,-21.4284,7.266681086963763e-102,2,2
CDKN1B,Nerve_Tibial,DR,-1.4195,0.15574629873460039,1,1
CEBPZOS,Nerve_Tibial,DR,0.8144,0.4154212481071875,2,2
CFDP1,Nerve_Tibial,DR,-1.4248,0.15421422540733637,3,2
CFL1,Nerve_Tibial,DR,0.6317,0.5276134084604043,1,1
CGGBP1,Nerve_Tibial,DR,6.0038,1.9278803651205016e-09,2,2
CHMP2A,Nerve_Tibial,DR,-4.3985,1.0897790200080807e-05,2,2
CHMP2B,Nerve_Tibial,DR,4.5108,6.459491830705126e-06,3,3
CHMP3,Nerve_Tibial,DR,-0.0128,0.9897958945062154,3,3
CHMP4B,Nerve_Tibial,DR,-0.1032,0.917780944766269,1,1
CHMP6,Nerve_Tibial,DR,-1.1581,0.24680333547966907,2,2
CLNS1A,Nerve_Tibial,DR,1.9273,0.05394271065602251,1,1
CLPP,Nerve_Tibial,DR,-64.6451,0.0,2,2
CMPK1,Nerve_Tibial,DR,-2.584,0.009765956077818655,2,2
CNBP,Nerve_Tibial,DR,0.8057,0.4204323637686182,1,1
CNOT11,Nerve_Tibial,DR,11.3059,1.2268614542952982e-29,2,2
CNPPD1,Nerve_Tibial,DR,-7.1349,9.684749017992202e-13,3,3
COG3,Nerve_Tibial,DR,-0.3664,0.7141007423047547,2,1
COG7,Nerve_Tibial,DR,-3.1282,0.0017589991757445884,1,1
COMMD7,Nerve_Tibial,DR,1.3544,0.17561168424565826,1,1
COMT,Nerve_Tibial,DR,-7.2531,4.0723805120890894e-13,4,4
COPA,Nerve_Tibial,DR,0.4467,0.6551152901035573,2,2
COPE,Nerve_Tibial,DR,1.6968,0.08972538946186798,1,1
COPS6,Nerve_Tibial,DR,9.3739,6.990372689211563e-21,2,1
COQ5,Nerve_Tibial,DR,-4.8332,1.343401071972537e-06,4,3
COX15,Nerve_Tibial,DR,-2.745,0.006051050299546699,1,1
COX17,Nerve_Tibial,DR,-6.4205,1.357880946387506e-10,3,3
CREBBP,Nerve_Tibial,DR,0.7306,0.4650143807671908,1,1
CRK,Nerve_Tibial,DR,-8.4627,2.6131807110747393e-17,2,2
CRTC3,Nerve_Tibial,DR,-13.4958,1.6565145224299384e-41,2,2
CSNK1A1,Nerve_Tibial,DR,2.2823,0.022471930321772596,1,1
CSNK1D,Nerve_Tibial,DR,2.5492,0.010798261195544634,2,1
CSNK2A2,Nerve_Tibial,DR,-2.8302,0.00465205138735489,1,1
CSNK2B,Nerve_Tibial,DR,-17.9161,8.824676511174773e-72,1,1
CTBP1,Nerve_Tibial,DR,1.6337,0.10231714924892815,3,2
CTDNEP1,Nerve_Tibial,DR,-0.7552,0.4501522283837119,1,1
CTNNB1,Nerve_Tibial,DR,-0.1263,0.899468444050132,1,1
CUL1,Nerve_Tibial,DR,-2.6757,0.007457759153230787,1,1
CUL3,Nerve_Tibial,DR,1.7622,0.07803882713543048,1,1
CYB5B,Nerve_Tibial,DR,-3.4439,0.000573287880016476,2,2
DAD1,Nerve_Tibial,DR,-3.082,0.0020560846190067934,1,1
DARS,Nerve_Tibial,DR,17.6108,2.0360819627126747e-69,2,2
DCAF15,Nerve_Tibial,DR,-0.1403,0.8884236497756632,1,1
DCTN2,Nerve_Tibial,DR,3.7145,0.00020360388354030324,1,1
DCTN4,Nerve_Tibial,DR,1.0442,0.29637761651554695,1,1
DEAF1,Nerve_Tibial,DR,-2.4196,0.01553791541395883,1,1
DENND6A,Nerve_Tibial,DR,-10.9331,8.008148439093752e-28,3,3
DNAJA1,Nerve_Tibial,DR,-0.7969,0.4254976947242445,3,1
DNAJA2,Nerve_Tibial,DR,-4.2977,1.7258484843092764e-05,1,1
DNAJA3,Nerve_Tibial,DR,-1.3554,0.17529750580736958,2,2
DNAJB6,Nerve_Tibial,DR,2.2779,0.022731721157197432,3,3
DNAJC3,Nerve_Tibial,DR,-0.3988,0.6900645978356602,2,2
DNAJC4,Nerve_Tibial,DR,8.3521,6.704212816071379e-17,2,2
DNAJC8,Nerve_Tibial,DR,-4.2417,2.218305254306734e-05,2,1
DNAJC9,Nerve_Tibial,DR,-8.7129,2.960802023760669e-18,1,1
DNLZ,Nerve_Tibial,DR,36.7781,4.136812768504957e-296,5,2
DNTTIP1,Nerve_Tibial,DR,2.6493,0.008065781660791096,2,2
DYNC1LI1,Nerve_Tibial,DR,-3.037,0.002389241351637146,3,1
DYNLRB1,Nerve_Tibial,DR,0.8266,0.4084649269348052,2,1
E2F4,Nerve_Tibial,DR,0.2864,0.7746013347472298,2,2
EAPP,Nerve_Tibial,DR,-1.4969,0.1344078031586834,1,1
EGLN2,Nerve_Tibial,DR,12.789,1.8899843223795554e-37,3,2
ELOF1,Nerve_Tibial,DR,-0.0156,0.9875626656435259,1,1
EMC2,Nerve_Tibial,DR,1.5868,0.11256568164751704,2,2
EMC4,Nerve_Tibial,DR,3.4237,0.0006177797930993909,2,2
EMC6,Nerve_Tibial,DR,-1.7992,0.07198988916965962,1,1
EMC7,Nerve_Tibial,DR,-0.0235,0.9812670089265875,2,2
EMC8,Nerve_Tibial,DR,-0.3396,0.734139339331898,1,1
EPN1,Nerve_Tibial,DR,-3.6635,0.00024875182423916413,2,1
ERGIC1,Nerve_Tibial,DR,-2.1208,0.03394042619649969,2,2
ERGIC3,Nerve_Tibial,DR,-1.2012,0.2296860780185117,1,1
ERH,Nerve_Tibial,DR,1.0691,0.2850217020937884,2,2
ERI3,Nerve_Tibial,DR,-1.1634,0.24467543948248105,1,1
ERP29,Nerve_Tibial,DR,19.9042,3.7424212710342956e-88,1,1
ETF1,Nerve_Tibial,DR,2.685,0.007252030109950403,1,1
FAM122A,Nerve_Tibial,DR,7.5246,5.2869621528286805e-14,1,1
FAM160B1,Nerve_Tibial,DR,0.532,0.5947355127020695,1,1
FAM192A,Nerve_Tibial,DR,8.6026,7.791360252598082e-18,3,3
FAM20B,Nerve_Tibial,DR,-1.5913,0.1115458981978626,3,3
FBL,Nerve_Tibial,DR,2.1624,0.03058979012620416,1,1
FBXL3,Nerve_Tibial,DR,-5.3672,7.994691962897717e-08,1,1
FBXO28,Nerve_Tibial,DR,0.5582,0.5767389631633586,1,1
FBXO42,Nerve_Tibial,DR,0.9377,0.34839153259237565,1,1
FBXW4,Nerve_Tibial,DR,-1.0276,0.3041308559918476,1,1
FCF1,Nerve_Tibial,DR,4.0674,4.7548544576736285e-05,2,1
FIBP,Nerve_Tibial,DR,-1.672,0.09452690770222617,1,1
FIS1,Nerve_Tibial,DR,5.58,2.404736534515928e-08,1,1
FLCN,Nerve_Tibial,DR,-0.9628,0.33562865028849004,3,3
FRG1,Nerve_Tibial,DR,2.2131,0.026891778319471704,2,1
FTSJ3,Nerve_Tibial,DR,0.9853,0.32448295007503325,2,2
FUBP3,Nerve_Tibial,DR,12.1277,7.5308400909651174e-34,2,2
G6PC3,Nerve_Tibial,DR,2.2647,0.023533737023186646,2,1
GABARAPL2,Nerve_Tibial,DR,-1.7723,0.0763480419218567,2,1
GATAD1,Nerve_Tibial,DR,-2.2545,0.024166837494112452,5,3
GATAD2B,Nerve_Tibial,DR,1.6166,0.10595851454958277,2,1
GBF1,Nerve_Tibial,DR,-6.6468,2.9946250228803163e-11,1,1
GDI2,Nerve_Tibial,DR,-2.8211,0.004785669952532811,1,1
GID8,Nerve_Tibial,DR,0.1709,0.8643023516763152,3,3
GLE1,Nerve_Tibial,DR,15.0797,2.2021662310136318e-51,3,3
GNB1,Nerve_Tibial,DR,0.393,0.6943210401376059,1,1
GNL2,Nerve_Tibial,DR,-0.2111,0.8327968883567745,1,1
GNPAT,Nerve_Tibial,DR,-0.8077,0.41925205950482436,2,2
GNPTG,Nerve_Tibial,DR,6.6706,2.5478611746670392e-11,4,3
GOLGA3,Nerve_Tibial,DR,-15.5428,1.7808843766618257e-54,3,3
GOLGA4,Nerve_Tibial,DR,11.2509,2.2913727723389122e-29,1,1
GOLPH3,Nerve_Tibial,DR,-6.0777,1.2194275762515611e-09,1,1
GORASP2,Nerve_Tibial,DR,1.637,0.10162667595382847,1,1
GOSR2,Nerve_Tibial,DR,-2.8341,0.0045954743408160555,2,2
GPBP1,Nerve_Tibial,DR,-2.6295,0.008550427988756219,1,1
GPI,Nerve_Tibial,DR,-0.3436,0.7311620302743014,1,1
GSK3A,Nerve_Tibial,DR,-15.4975,3.608089938612568e-54,1,1
GSPT1,Nerve_Tibial,DR,-7.5464,4.476065599321082e-14,1,1
GSTO1,Nerve_Tibial,DR,-4.5025,6.715574106191878e-06,2,2
GTF2E2,Nerve_Tibial,DR,-1.5884,0.11219206366710158,1,1
GTF2F1,Nerve_Tibial,DR,4.6292,3.6709492445733056e-06,3,3
GTF2F2,Nerve_Tibial,DR,1.3994,0.16170631068923794,1,1
GTF3A,Nerve_Tibial,DR,3.1021,0.0019215343042937496,1,1
GTF3C3,Nerve_Tibial,DR,6.2912,3.1504780809504376e-10,2,2
GTF3C6,Nerve_Tibial,DR,0.4017,0.6879090601861162,1,1
GTPBP1,Nerve_Tibial,DR,-42.7391,0.0,2,2
GUK1,Nerve_Tibial,DR,-0.7811,0.4347545472062346,2,2
HAT1,Nerve_Tibial,DR,0.9164,0.359444649871781,1,1
HDLBP,Nerve_Tibial,DR,4.2366,2.2692191998920972e-05,3,2
HERPUD2,Nerve_Tibial,DR,-1.1925,0.23306888402497605,1,1
HGS,Nerve_Tibial,DR,-4.9823,6.284793341064996e-07,1,1
HINT1,Nerve_Tibial,DR,-0.5416,0.588096222372885,2,2
HIPK1,Nerve_Tibial,DR,-8.0263,1.0042775801469059e-15,2,2
HMGXB3,Nerve_Tibial,DR,-3.0648,0.0021778411673911862,2,2
HNRNPM,Nerve_Tibial,DR,-0.1803,0.856885228130765,2,1
HP1BP3,Nerve_Tibial,DR,-9.4088,5.018515357301704e-21,1,1
HSBP1,Nerve_Tibial,DR,-1.8967,0.05786301406325202,2,2
HSF1,Nerve_Tibial,DR,-7.3155,2.563410025398468e-13,1,1
HTT,Nerve_Tibial,DR,0.8386,0.4017207458577271,2,1
IER3IP1,Nerve_Tibial,DR,-0.5883,0.5563542849853886,1,1
IK,Nerve_Tibial,DR,-7.9303,2.1870473559025436e-15,2,2
ILKAP,Nerve_Tibial,DR,-2.8181,0.004830274532052849,1,1
INTS10,Nerve_Tibial,DR,0.3588,0.7197802752186246,2,1
INTS12,Nerve_Tibial,DR,6.055,1.4038921844059757e-09,1,1
IPO8,Nerve_Tibial,DR,1.4242,0.15438800085032192,3,3
IPO9,Nerve_Tibial,DR,-1.1543,0.24838935373646576,1,1
ITCH,Nerve_Tibial,DR,-0.9154,0.35998807495522245,1,1
IWS1,Nerve_Tibial,DR,1.674,0.0941214913439921,1,1
JAGN1,Nerve_Tibial,DR,1.0727,0.28339710053013734,2,2
JAK1,Nerve_Tibial,DR,-1.1187,0.26327677814883244,2,2
KARS,Nerve_Tibial,DR,4.3025,1.6888919805825908e-05,2,1
KAT8,Nerve_Tibial,DR,-1.6117,0.10703187245019352,3,3
KBTBD2,Nerve_Tibial,DR,-5.4889,4.045571600819373e-08,2,2
KCMF1,Nerve_Tibial,DR,-0.0599,0.952207428544608,1,1
KCTD20,Nerve_Tibial,DR,-2.7274,0.006383983351339151,5,3
KDELR2,Nerve_Tibial,DR,0.1611,0.8719779266253793,3,2
KDM1A,Nerve_Tibial,DR,3.2797,0.001039022442815454,1,1
KDM4B,Nerve_Tibial,DR,-8.5334,1.4207258706276073e-17,1,1
KHSRP,Nerve_Tibial,DR,-2.7542,0.005883315481306908,1,1
KIF1BP,Nerve_Tibial,DR,1.8753,0.0607480276538077,2,1
KPNA1,Nerve_Tibial,DR,-2.3594,0.018306141803490644,2,1
KPNA3,Nerve_Tibial,DR,0.2121,0.832046094927769,2,2
KPNA4,Nerve_Tibial,DR,-0.684,0.49399768819834317,2,2
KPNA6,Nerve_Tibial,DR,-3.7107,0.00020667894498298785,1,1
KXD1,Nerve_Tibial,DR,5.7013,1.188795971441501e-08,2,1
LAMTOR5,Nerve_Tibial,DR,-0.9418,0.34630194020877214,3,2
LARP4B,Nerve_Tibial,DR,-2.4525,0.01418556378248564,2,1
LDB1,Nerve_Tibial,DR,-0.2612,0.7939546016607201,1,1
LEMD2,Nerve_Tibial,DR,-11.1024,1.2210664592076496e-28,4,4
LENG1,Nerve_Tibial,DR,-10.178,2.4864154489472094e-24,3,2
LENG8,Nerve_Tibial,DR,-2.1533,0.031296710404419004,1,1
LMAN2,Nerve_Tibial,DR,0.3966,0.691683392327953,2,2
LMF2,Nerve_Tibial,DR,1.7077,0.08769463059261112,4,4
LONP1,Nerve_Tibial,DR,1.8725,0.061137729213602714,3,2
LRPAP1,Nerve_Tibial,DR,0.0592,0.9527846825963786,2,1
LSM12,Nerve_Tibial,DR,-6.6477,2.9779812558690866e-11,2,2
LSM14A,Nerve_Tibial,DR,-9.9658,2.152051686783264e-23,1,1
LSM14B,Nerve_Tibial,DR,-1.3283,0.18409242351228317,2,2
MAN1A2,Nerve_Tibial,DR,3.0831,0.002048400051199899,3,3
MAP2K1,Nerve_Tibial,DR,5.0518,4.3770442874483374e-07,2,1
MAP2K2,Nerve_Tibial,DR,-12.4871,8.775891669061457e-36,2,2
MAPK1,Nerve_Tibial,DR,0.7524,0.4518272233924188,2,2
MAPK1IP1L,Nerve_Tibial,DR,0.5306,0.5957019209366636,1,1
MAPRE1,Nerve_Tibial,DR,1.2596,0.20780306914224544,2,2
MARCH5,Nerve_Tibial,DR,0.2838,0.7765974302520953,1,1
MAX,Nerve_Tibial,DR,2.4294,0.015123498559268944,1,1
MCMBP,Nerve_Tibial,DR,3.1839,0.0014530163302644361,2,1
MCRS1,Nerve_Tibial,DR,-1.1693,0.24229022877079306,1,1
MEA1,Nerve_Tibial,DR,-1.5235,0.12762451736135333,1,1
MED10,Nerve_Tibial,DR,0.8229,0.4105928092375693,2,2
MED21,Nerve_Tibial,DR,5.2,1.9926512287716466e-07,3,3
MED25,Nerve_Tibial,DR,2.4778,0.01322085114879875,1,1
MED4,Nerve_Tibial,DR,4.1876,2.8194400548139173e-05,2,1
MED9,Nerve_Tibial,DR,2.2241,0.02614414830656387,1,1
METTL9,Nerve_Tibial,DR,4.8034,1.5601093946366957e-06,2,1
MFSD14A,Nerve_Tibial,DR,10.3141,6.081954938228888e-25,1,1
MGRN1,Nerve_Tibial,DR,-1.9526,0.05087153813239508,2,1
MKRN2,Nerve_Tibial,DR,5.6005,2.1369197941423762e-08,2,2
MLEC,Nerve_Tibial,DR,-16.3579,3.822008785319511e-60,3,3
MLF2,Nerve_Tibial,DR,-0.2746,0.7836149256746295,2,2
MORC2,Nerve_Tibial,DR,-2.2204,0.026391404200255635,2,2
MPHOSPH10,Nerve_Tibial,DR,-3.0851,0.0020348075573346463,1,1
MRTO4,Nerve_Tibial,DR,3.6218,0.00029261629884809985,3,3
MSL1,Nerve_Tibial,DR,4.0641,4.8210012356167434e-05,1,1
MSL2,Nerve_Tibial,DR,1.1516,0.24948125826151407,2,2
MTCH1,Nerve_Tibial,DR,0.1914,0.8482487828349985,3,3
MTDH,Nerve_Tibial,DR,9.0563,1.3494038199798948e-19,1,1
MYCBP2,Nerve_Tibial,DR,6.9976,2.604553659478179e-12,1,1
MYDGF,Nerve_Tibial,DR,9.7017,2.9637129383427946e-22,2,2
NACA,Nerve_Tibial,DR,-1.4271,0.1535592542655975,2,2
NAP1L1,Nerve_Tibial,DR,-0.379,0.7046964723829227,1,1
NAP1L4,Nerve_Tibial,DR,-2.0202,0.04335756239092189,2,2
NAPA,Nerve_Tibial,DR,3.0544,0.002255188985155699,2,1
NAPG,Nerve_Tibial,DR,-1.8708,0.061377051798679756,3,3
NARS,Nerve_Tibial,DR,-1.0816,0.2794520815217287,1,1
NCBP1,Nerve_Tibial,DR,2.204,0.027525640493942054,2,2
NDUFAF2,Nerve_Tibial,DR,-5.4711,4.472214601109749e-08,2,2
NDUFB8,Nerve_Tibial,DR,4.4871,7.21864135025939e-06,1,1
NELFB,Nerve_Tibial,DR,-3.7727,0.00016146739299209803,2,2
NFYB,Nerve_Tibial,DR,0.3548,0.7227418326024377,1,1
NGDN,Nerve_Tibial,DR,-1.2624,0.20682067812219204,2,2
NMD3,Nerve_Tibial,DR,2.378,0.01740860389485006,2,1
NOP9,Nerve_Tibial,DR,5.582,2.377578148565594e-08,1,1
NOSIP,Nerve_Tibial,DR,3.0783,0.002081786241393621,1,1
NPEPPS,Nerve_Tibial,DR,3.0266,0.0024729904147350336,3,3
NPLOC4,Nerve_Tibial,DR,4.8198,1.4370962050308e-06,4,2
NRBP1,Nerve_Tibial,DR,-1.4919,0.13572038878542056,1,1
NSA2,Nerve_Tibial,DR,-8.9661,3.0711310897830164e-19,2,2
NSMCE1,Nerve_Tibial,DR,-3.0112,0.0026018731174897555,2,2
NSMCE4A,Nerve_Tibial,DR,-4.8187,1.4447328302729915e-06,3,3
NUCKS1,Nerve_Tibial,DR,-0.7263,0.46766336424818483,1,1
NUDC,Nerve_Tibial,DR,20.5808,4.075954411687946e-94,3,1
NUDT16L1,Nerve_Tibial,DR,1.7577,0.07879574529769519,1,1
NUDT21,Nerve_Tibial,DR,4.2458,2.1778924393025454e-05,2,2
NUDT9,Nerve_Tibial,DR,-1.1462,0.2517188626716732,1,1
NUFIP2,Nerve_Tibial,DR,1.1391,0.25464392480869824,2,2
NUMA1,Nerve_Tibial,DR,1.972,0.04861166021223223,2,2
NUP133,Nerve_Tibial,DR,1.8744,0.060878706370627055,2,2
NUS1,Nerve_Tibial,DR,-4.5917,4.397494490712319e-06,1,1
OS9,Nerve_Tibial,DR,2.8984,0.0037502067515371267,1,1
OTUB1,Nerve_Tibial,DR,3.4873,0.00048789352842939197,2,2
OXSR1,Nerve_Tibial,DR,-9.5678,1.0919792513370198e-21,2,2
PA2G4,Nerve_Tibial,DR,1.0129,0.31110225392670526,1,1
PACS1,Nerve_Tibial,DR,0.335,0.7376500055567734,1,1
PACSIN2,Nerve_Tibial,DR,7.7172,1.1893563922809275e-14,2,2
PAF1,Nerve_Tibial,DR,0.9557,0.3392149964578431,1,1
PAFAH1B1,Nerve_Tibial,DR,-7.5271,5.1880746422962176e-14,2,1
PAFAH1B2,Nerve_Tibial,DR,9.9925,1.6437770707362796e-23,3,2
PARK7,Nerve_Tibial,DR,0.0673,0.9463646841750079,3,3
PARN,Nerve_Tibial,DR,-10.7304,7.325823307519219e-27,2,1
PARP1,Nerve_Tibial,DR,-0.0247,0.9802571261948374,3,3
PATL1,Nerve_Tibial,DR,88.2969,0.0,2,2
PCGF3,Nerve_Tibial,DR,4.6184,3.8666540441552115e-06,4,4
PCIF1,Nerve_Tibial,DR,-0.4023,0.6874419503533828,1,1
PCMT1,Nerve_Tibial,DR,-1.7964,0.0724385514859697,3,2
PCMTD2,Nerve_Tibial,DR,-5.0206,5.150310823580321e-07,4,4
PCYOX1,Nerve_Tibial,DR,6.7396,1.5884003048951946e-11,1,1
PDAP1,Nerve_Tibial,DR,-7.6895,1.477008965164993e-14,1,1
PFDN2,Nerve_Tibial,DR,-2.6865,0.007221540526170352,1,1
PGAM5,Nerve_Tibial,DR,-1.3389,0.18060227354921637,3,3
PGRMC2,Nerve_Tibial,DR,4.2606,2.0389236167687875e-05,2,2
PHF12,Nerve_Tibial,DR,-5.0892,3.596472803750142e-07,1,1
PHRF1,Nerve_Tibial,DR,-5.8954,3.738041940942303e-09,3,1
PIGH,Nerve_Tibial,DR,15.0577,3.072243962428138e-51,3,2
PMPCA,Nerve_Tibial,DR,-5.3594,8.348041579173876e-08,2,2
PNO1,Nerve_Tibial,DR,1.6698,0.09495358790944936,1,1
POFUT1,Nerve_Tibial,DR,2.5733,0.010073510609918235,2,1
POLD2,Nerve_Tibial,DR,1022.2342,0.0,3,3
POLE3,Nerve_Tibial,DR,1.7621,0.07805229033932867,1,1
POLR2C,Nerve_Tibial,DR,-1.0533,0.29220089045807607,2,2
POLR2K,Nerve_Tibial,DR,-1.0357,0.30034084005655715,1,1
POP7,Nerve_Tibial,DR,2.7458,0.006036809127158638,1,1
PPID,Nerve_Tibial,DR,0.7197,0.4716891122219683,2,2
PPP1R11,Nerve_Tibial,DR,3.7482,0.00017812156499133299,3,2
PPP1R37,Nerve_Tibial,DR,1.893,0.05835570289783081,2,2
PPP2CB,Nerve_Tibial,DR,28.2708,7.911797831428348e-176,2,2
PPP2R5A,Nerve_Tibial,DR,-8.2233,1.979506686644726e-16,3,3
PPP2R5E,Nerve_Tibial,DR,2.4885,0.012826979933388681,2,2
PPP5C,Nerve_Tibial,DR,-2.5617,0.010415958923697054,3,3
PPP6C,Nerve_Tibial,DR,0.941,0.346682882244849,1,1
PPP6R1,Nerve_Tibial,DR,-5.5826,2.3692141509013167e-08,3,3
PPP6R2,Nerve_Tibial,DR,-0.0442,0.9647224744178566,2,2
PPT1,Nerve_Tibial,DR,-2.2677,0.02334909376967452,2,1
PPTC7,Nerve_Tibial,DR,-9.789,1.2557304900567933e-22,1,1
PRCC,Nerve_Tibial,DR,-3.5868,0.0003348217823066508,2,1
PRDM4,Nerve_Tibial,DR,-1.6067,0.10812418363861079,3,3
PRDX5,Nerve_Tibial,DR,-6.0474,1.4724246379411596e-09,4,4
PREB,Nerve_Tibial,DR,0.8751,0.38153051816695144,1,1
PREP,Nerve_Tibial,DR,10.2862,8.133995898555105e-25,3,3
PRKAA1,Nerve_Tibial,DR,2.8025,0.0050707044646399494,1,1
PRKAR1A,Nerve_Tibial,DR,5.3147,1.0681405872668715e-07,2,2
PRKAR2A,Nerve_Tibial,DR,0.3689,0.712198662966709,1,1
PRKCSH,Nerve_Tibial,DR,5.7322,9.912836336881237e-09,2,2
PRKRA,Nerve_Tibial,DR,4.3893,1.1371542908683535e-05,2,1
PRPF19,Nerve_Tibial,DR,-0.7855,0.43218055041872727,1,1
PRPSAP1,Nerve_Tibial,DR,-7.5973,3.0246404746313125e-14,4,3
PSMA2,Nerve_Tibial,DR,11.7015,1.2523935372597975e-31,1,1
PSMA6,Nerve_Tibial,DR,2.5344,0.011265336366015668,2,2
PSMA7,Nerve_Tibial,DR,-7.6414,2.14805924619149e-14,2,2
PSMB1,Nerve_Tibial,DR,-0.4228,0.6724145432117561,1,1
PSMB4,Nerve_Tibial,DR,3.0714,0.002130894199498431,1,1
PSMB7,Nerve_Tibial,DR,-0.028,0.9776995894375292,1,1
PSMC1,Nerve_Tibial,DR,1.3458,0.1783774093221886,2,2
PSMC3,Nerve_Tibial,DR,-2.3612,0.018216598643412733,3,3
PSMC5,Nerve_Tibial,DR,-3.1051,0.0019020267929031344,2,2
PSMD11,Nerve_Tibial,DR,2.0585,0.03954430397293172,1,1
PSMD3,Nerve_Tibial,DR,-3.101,0.0019286334839376327,2,2
PSMD4,Nerve_Tibial,DR,-0.6274,0.5304154968064139,3,2
PSMD8,Nerve_Tibial,DR,0.9738,0.3301550979375582,2,2
PSMG3,Nerve_Tibial,DR,-8.7107,3.020095591608175e-18,1,1
PTPN11,Nerve_Tibial,DR,-5.0491,4.438474253712944e-07,2,1
PTRH2,Nerve_Tibial,DR,1.033,0.3015884078317612,2,2
PUM2,Nerve_Tibial,DR,-1.8485,0.06452917363040768,1,1
PURB,Nerve_Tibial,DR,0.9268,0.35404717300022887,1,1
PWP1,Nerve_Tibial,DR,-5.1021,3.35984162351674e-07,2,2
PWP2,Nerve_Tibial,DR,-5.4332,5.5367497263786486e-08,3,3
QRICH1,Nerve_Tibial,DR,2.4555,0.014069264533956391,2,2
R3HCC1,Nerve_Tibial,DR,-0.26,0.7949022013177035,1,1
RAB11A,Nerve_Tibial,DR,-0.798,0.4248678808769799,2,2
RAB11B,Nerve_Tibial,DR,-0.3711,0.710590904847404,1,1
RAB2A,Nerve_Tibial,DR,0.9005,0.3678479840516376,1,1
RAB35,Nerve_Tibial,DR,3.9017,9.552105203200037e-05,1,1
RAB3GAP1,Nerve_Tibial,DR,5.1761,2.2662169142581441e-07,1,1
RAB5A,Nerve_Tibial,DR,2.8197,0.004806351284017887,2,1
RAB6A,Nerve_Tibial,DR,2.0443,0.04092641374615143,3,3
RABGGTB,Nerve_Tibial,DR,-0.5482,0.5835211973121905,3,2
RAC1,Nerve_Tibial,DR,-2.321,0.020286414566619067,3,3
RAD23A,Nerve_Tibial,DR,-2.5641,0.010345235775730379,1,1
RAD23B,Nerve_Tibial,DR,-6.6178,3.645822142997419e-11,3,3
RALA,Nerve_Tibial,DR,0.2639,0.7918773795327667,1,1
RALBP1,Nerve_Tibial,DR,-0.9926,0.3208969219998814,2,2
RALY,Nerve_Tibial,DR,-2.7296,0.006341780454244738,1,1
RANBP1,Nerve_Tibial,DR,2.5867,0.009690722608028023,1,1
RANBP2,Nerve_Tibial,DR,3.0811,0.0020623295984967165,2,2
RANBP9,Nerve_Tibial,DR,-3.3123,0.0009253576063257277,1,1
RANGAP1,Nerve_Tibial,DR,171.9368,0.0,3,2
RARS2,Nerve_Tibial,DR,-0.4808,0.6306573282062842,3,3
RBCK1,Nerve_Tibial,DR,7.8985,2.8218321149499503e-15,3,3
RBM42,Nerve_Tibial,DR,-24.2896,2.5276754893208537e-130,1,1
RBM8A,Nerve_Tibial,DR,2.5985,0.00936402806331029,2,1
RBX1,Nerve_Tibial,DR,0.1935,0.8465737368912573,1,1
RER1,Nerve_Tibial,DR,-4.8366,1.3207391307115172e-06,2,2
RERE,Nerve_Tibial,DR,-0.3945,0.6931818742053002,1,1
RGP1,Nerve_Tibial,DR,0.4756,0.6343449424847907,2,2
RHBDD2,Nerve_Tibial,DR,24.5297,7.124577246546447e-133,2,2
RHOT2,Nerve_Tibial,DR,3.8521,0.0001171206236802132,3,2
RING1,Nerve_Tibial,DR,2.4072,0.016076012632089954,1,1
RMND5A,Nerve_Tibial,DR,-6.5063,7.701213785348076e-11,1,1
RNF139,Nerve_Tibial,DR,-1.2741,0.2026316528084664,1,1
RNF167,Nerve_Tibial,DR,-0.1684,0.866250667104589,2,1
RNF168,Nerve_Tibial,DR,1.3944,0.16320943585714576,3,3
RNF20,Nerve_Tibial,DR,0.8782,0.37983495519372384,1,1
RNF216,Nerve_Tibial,DR,11.5924,4.501174102596097e-31,2,2
RNPS1,Nerve_Tibial,DR,-0.349,0.7270739356439893,2,2
RPA1,Nerve_Tibial,DR,-0.68,0.49651894040463995,4,3
RPA2,Nerve_Tibial,DR,8.9441,3.749601236106328e-19,2,2
RRP9,Nerve_Tibial,DR,-9.3905,5.969840876089189e-21,1,1
RTCB,Nerve_Tibial,DR,-4.6181,3.8724675802411735e-06,1,1
RTF1,Nerve_Tibial,DR,-67.8406,0.0,2,2
RUVBL1,Nerve_Tibial,DR,-2.0495,0.04041284315887468,1,1
SAR1A,Nerve_Tibial,DR,0.5001,0.6170310126068438,2,2
SARNP,Nerve_Tibial,DR,-3.4831,0.0004956128731829998,2,2
SARS,Nerve_Tibial,DR,3.9426,8.060420067989244e-05,1,1
SART3,Nerve_Tibial,DR,-0.8769,0.3805371424861371,1,1
SAV1,Nerve_Tibial,DR,0.7017,0.4828546466217499,3,2
SBDS,Nerve_Tibial,DR,8.6914,3.58007046539135e-18,2,2
SCYL1,Nerve_Tibial,DR,-2.1066,0.03515199769220479,1,1
SCYL2,Nerve_Tibial,DR,-10.5304,6.254008297413458e-26,3,3
SDHAF2,Nerve_Tibial,DR,8.2011,2.3818646766828545e-16,2,1
SEC13,Nerve_Tibial,DR,-0.1451,0.8846442045025511,2,1
SEC24B,Nerve_Tibial,DR,-0.9021,0.36700213452441893,1,1
SEC31A,Nerve_Tibial,DR,-3.8819,0.00010363916340782406,1,1
SEC62,Nerve_Tibial,DR,-0.627,0.5306546202486206,2,1
SENP2,Nerve_Tibial,DR,-1.3883,0.1650482155115681,2,2
SENP5,Nerve_Tibial,DR,0.4574,0.6474031664606086,1,1
SETD5,Nerve_Tibial,DR,-26.8919,2.73476873545807e-159,1,1
SF1,Nerve_Tibial,DR,-1.4494,0.14723217579430548,2,1
SF3A2,Nerve_Tibial,DR,2.5471,0.010862532753479204,2,1
SF3A3,Nerve_Tibial,DR,0.6744,0.5000643635333979,3,2
SF3B1,Nerve_Tibial,DR,-4.2666,1.9843668112213594e-05,1,1
SF3B4,Nerve_Tibial,DR,2.4267,0.015236941421159758,1,1
SF3B6,Nerve_Tibial,DR,4.9842,6.221833198910027e-07,1,1
SGTA,Nerve_Tibial,DR,2.6749,0.007475936857554087,1,1
SHARPIN,Nerve_Tibial,DR,9.5885,8.941178134482926e-22,1,1
SKP1,Nerve_Tibial,DR,-11.5474,7.609357124456077e-31,2,1
SLIRP,Nerve_Tibial,DR,25.5352,8.020109626649562e-144,2,2
SLTM,Nerve_Tibial,DR,-1.2333,0.2174501805367306,2,1
SLU7,Nerve_Tibial,DR,3.2242,0.0012632661616203962,2,1
SMAP1,Nerve_Tibial,DR,-8.5759,9.832277259730785e-18,1,1
SMARCB1,Nerve_Tibial,DR,-2.726,0.006409887175465109,2,2
SMDT1,Nerve_Tibial,DR,-0.0313,0.9750054128941409,3,3
SMPD1,Nerve_Tibial,DR,-3.0047,0.0026583058454780124,2,1
SMYD5,Nerve_Tibial,DR,2.8962,0.003777685030119819,2,2
SNAP29,Nerve_Tibial,DR,0.2874,0.7738294908598595,3,3
SNAPIN,Nerve_Tibial,DR,-3.2767,0.0010502434045854825,1,1
SND1,Nerve_Tibial,DR,-0.8925,0.37213207503656875,1,1
SNF8,Nerve_Tibial,DR,3.6149,0.00030046812750221985,1,1
SNRNP35,Nerve_Tibial,DR,-7.2804,3.3285932050630166e-13,2,2
SNRNP70,Nerve_Tibial,DR,-1.4024,0.1608058042266426,3,2
SNRPA,Nerve_Tibial,DR,-1.6389,0.10124220290230009,1,1
SNX1,Nerve_Tibial,DR,-0.8075,0.41937030964609767,2,2
SNX19,Nerve_Tibial,DR,3.976,7.007953884665903e-05,2,2
SNX3,Nerve_Tibial,DR,3.5937,0.0003260258212661477,2,1
SP1,Nerve_Tibial,DR,6.7813,1.1913321663063956e-11,2,2
SP2,Nerve_Tibial,DR,-1.8382,0.06603868556168233,2,2
SPAG7,Nerve_Tibial,DR,-6.0926,1.1106400298545047e-09,4,4
SPAG9,Nerve_Tibial,DR,2.3231,0.020172714647584356,1,1
SPPL3,Nerve_Tibial,DR,-2.5259,0.011540440091378945,3,1
SPTSSA,Nerve_Tibial,DR,-1.1902,0.23396663546894864,1,1
SRM,Nerve_Tibial,DR,0.6266,0.5309541501602683,2,2
SRP14,Nerve_Tibial,DR,-1.7476,0.08053384789364615,3,2
SRP9,Nerve_Tibial,DR,0.2502,0.8024027842836021,3,2
SRSF3,Nerve_Tibial,DR,-1.043,0.2969291125461318,1,1
SRSF6,Nerve_Tibial,DR,-2.5553,0.010611091799257103,1,1
SSNA1,Nerve_Tibial,DR,-1.2321,0.21790416583710376,1,1
SSR2,Nerve_Tibial,DR,-12.1724,4.3618399733480845e-34,2,1
SSR3,Nerve_Tibial,DR,-1.3082,0.19078874116083,1,1
SSRP1,Nerve_Tibial,DR,2.3854,0.01706101226285848,1,1
ST13,Nerve_Tibial,DR,-2.7938,0.005208737351938998,1,1
STAT3,Nerve_Tibial,DR,-0.7374,0.46088688450487364,1,1
STAU1,Nerve_Tibial,DR,-2.1695,0.0300419851073294,1,1
STK24,Nerve_Tibial,DR,1.0633,0.287646948877096,1,1
STK38,Nerve_Tibial,DR,-1.0741,0.28278987604998757,3,3
STRAP,Nerve_Tibial,DR,-2.532,0.011341603821402079,1,1
STRN4,Nerve_Tibial,DR,2.7676,0.005646554902592434,1,1
STUB1,Nerve_Tibial,DR,0.0582,0.9535837165118752,2,1
STX4,Nerve_Tibial,DR,-1.8078,0.07064050748590502,1,1
STX5,Nerve_Tibial,DR,-17.8156,5.346491863731855e-71,1,1
STX8,Nerve_Tibial,DR,3.2053,0.0013492091837783232,2,1
SUGT1,Nerve_Tibial,DR,0.0949,0.9244216517612511,1,1
SUPT6H,Nerve_Tibial,DR,-22.005,2.582033361241489e-107,1,1
SURF4,Nerve_Tibial,DR,-2.3234,0.02015897834381843,2,2
SYF2,Nerve_Tibial,DR,-1.8521,0.06401437131606379,1,1
TAB1,Nerve_Tibial,DR,1.7983,0.07212809082499759,2,2
TAF10,Nerve_Tibial,DR,0.7672,0.44293533936326446,1,1
TAOK2,Nerve_Tibial,DR,6.526,6.756203382754331e-11,3,2
TARDBP,Nerve_Tibial,DR,-4.7505,2.0293180003289667e-06,1,1
TBCA,Nerve_Tibial,DR,-1.73,0.08363012230275657,2,1
TBCB,Nerve_Tibial,DR,-0.5414,0.5882479247087358,1,1
TBCD,Nerve_Tibial,DR,-1.2141,0.22470443320613273,3,2
TBK1,Nerve_Tibial,DR,3.194,0.001403383183706794,1,1
TBL1XR1,Nerve_Tibial,DR,0.6107,0.5413771431900894,1,1
TCP1,Nerve_Tibial,DR,5.9256,3.1123020674899655e-09,2,2
TERF2IP,Nerve_Tibial,DR,-0.2817,0.7781900216317947,2,1
TEX261,Nerve_Tibial,DR,-2.6603,0.0078073383050380404,4,3
THOC7,Nerve_Tibial,DR,-2.6058,0.009167199762931842,2,2
THRAP3,Nerve_Tibial,DR,-14.9151,2.628891533173507e-50,1,1
TIMM17A,Nerve_Tibial,DR,0.1327,0.8944642346298952,4,3
TMED1,Nerve_Tibial,DR,10.6828,1.2251384034620935e-26,1,1
TMED10,Nerve_Tibial,DR,0.0466,0.9627979703559549,2,1
TMED4,Nerve_Tibial,DR,-0.1386,0.8897370649112257,2,2
TMED9,Nerve_Tibial,DR,0.6784,0.49752903623413347,4,3
TMEM101,Nerve_Tibial,DR,2.8267,0.004703211586493259,2,2
TMEM127,Nerve_Tibial,DR,1.8101,0.07027954377047206,2,2
TMEM165,Nerve_Tibial,DR,0.2668,0.7896264278267644,2,1
TMEM203,Nerve_Tibial,DR,3.1552,0.0016039740550098393,1,1
TMEM230,Nerve_Tibial,DR,-0.3317,0.7401305273849915,2,2
TMEM245,Nerve_Tibial,DR,-5.8443,5.08639485207642e-09,3,3
TMEM248,Nerve_Tibial,DR,-10.8131,2.9834965145687853e-27,2,2
TMEM256,Nerve_Tibial,DR,-4.0614,4.8789256927255794e-05,3,2
TMEM258,Nerve_Tibial,DR,-1.8864,0.05924703244062932,3,3
TMEM30A,Nerve_Tibial,DR,4.5293,5.9178585045618005e-06,1,1
TMEM42,Nerve_Tibial,DR,-15.6107,6.1515788097278176e-55,1,1
TMEM50A,Nerve_Tibial,DR,0.0198,0.9841684478841292,2,1
TMEM60,Nerve_Tibial,DR,2.1014,0.03560414321783342,1,1
TMX3,Nerve_Tibial,DR,-3.4847,0.0004926508345390202,2,1
TNKS2,Nerve_Tibial,DR,2.2275,0.0259113657427107,4,3
TOLLIP,Nerve_Tibial,DR,0.5816,0.560837182015317,2,2
TOMM20,Nerve_Tibial,DR,1.5243,0.1274272365221117,2,2
TOMM22,Nerve_Tibial,DR,-1.1049,0.26921025727730846,2,1
TOMM70,Nerve_Tibial,DR,1.7889,0.07362385514418486,2,2
TOR1A,Nerve_Tibial,DR,-3.377,0.0007329227294480339,1,1
TOR1B,Nerve_Tibial,DR,2.006,0.044858101468798865,3,3
TPP2,Nerve_Tibial,DR,-3.53,0.0004156066854857573,2,1
TRAM1,Nerve_Tibial,DR,-3.8745,0.00010682255302779477,3,3
TRIP4,Nerve_Tibial,DR,-8.1043,5.3055405355973185e-16,3,2
TRMT112,Nerve_Tibial,DR,-0.1474,0.8828121708938391,2,2
TSPYL1,Nerve_Tibial,DR,-0.6655,0.5057022587916302,2,1
TTC37,Nerve_Tibial,DR,7.1493,8.724256768666304e-13,3,3
TUBG1,Nerve_Tibial,DR,-3.064,0.0021837120730796803,1,1
TXN2,Nerve_Tibial,DR,-5.0223,5.10640550662886e-07,1,1
TXNL1,Nerve_Tibial,DR,-7.2474,4.2495977240351475e-13,1,1
U2AF2,Nerve_Tibial,DR,3.3648,0.0007658576721362605,2,1
UBE2F,Nerve_Tibial,DR,-2.2369,0.02529240865602052,2,2
UBE2I,Nerve_Tibial,DR,2.1326,0.03295710738581952,3,2
UBE2Q1,Nerve_Tibial,DR,2.9983,0.0027152329077974164,1,1
UBE2Z,Nerve_Tibial,DR,-0.7834,0.4333914134572698,1,1
UBFD1,Nerve_Tibial,DR,0.9666,0.3337402042119141,1,1
UBL5,Nerve_Tibial,DR,0.185,0.8532457288800166,1,1
UBL7,Nerve_Tibial,DR,3.0927,0.001983213567365121,2,1
UBP1,Nerve_Tibial,DR,-2.6358,0.008393637338685235,2,1
UBQLN1,Nerve_Tibial,DR,-2.2863,0.022235600411820114,2,1
UBR4,Nerve_Tibial,DR,0.6652,0.5059401972663111,1,1
UFC1,Nerve_Tibial,DR,-39.639,0.0,2,2
UFL1,Nerve_Tibial,DR,-3.3854,0.0007108355584937194,3,3
UGP2,Nerve_Tibial,DR,-2.8274,0.0046933787088906265,1,1
UROD,Nerve_Tibial,DR,5.1086,3.246059488526655e-07,2,2
USB1,Nerve_Tibial,DR,1.7546,0.07932471533463598,1,1
USP14,Nerve_Tibial,DR,2.7842,0.005366127440579237,2,2
USP22,Nerve_Tibial,DR,3.7771,0.0001586570823166969,1,1
USP4,Nerve_Tibial,DR,0.1891,0.8499814732566965,1,1
USP48,Nerve_Tibial,DR,-6.925,4.361189473791743e-12,3,3
UTP18,Nerve_Tibial,DR,2.6518,0.008007034073538418,4,4
UTP3,Nerve_Tibial,DR,-2.5794,0.009898158489009906,2,1
VDAC1,Nerve_Tibial,DR,0.1299,0.8966806455543426,2,2
VEZF1,Nerve_Tibial,DR,-10.0205,1.2391985213984286e-23,2,2
VPS26B,Nerve_Tibial,DR,1.6708,0.094762791130838,1,1
VPS29,Nerve_Tibial,DR,-2.9604,0.0030721254092489765,1,1
VPS36,Nerve_Tibial,DR,-1.9314,0.053438328403904056,1,1
VPS37C,Nerve_Tibial,DR,-2.4331,0.014969279535414843,2,1
VPS52,Nerve_Tibial,DR,2.9046,0.003676650052949189,1,1
VTI1B,Nerve_Tibial,DR,0.3344,0.7380988953375079,2,1
WAC,Nerve_Tibial,DR,1.1936,0.2326468646297662,3,1
WASL,Nerve_Tibial,DR,-0.6582,0.5104231269965549,2,2
WDR45B,Nerve_Tibial,DR,-1.3184,0.18738626789349577,4,2
WDR46,Nerve_Tibial,DR,15.1503,7.536877515068958e-52,2,2
WDR55,Nerve_Tibial,DR,-0.7725,0.4398178494394318,2,1
WDR83OS,Nerve_Tibial,DR,-16.8971,4.725468821774513e-64,2,2
WHAMM,Nerve_Tibial,DR,1.5784,0.11447640300487202,2,2
WIPI2,Nerve_Tibial,DR,5.1353,2.8170335221186223e-07,3,3
YARS,Nerve_Tibial,DR,1.0901,0.2756721715852881,2,2
YIF1A,Nerve_Tibial,DR,-0.0794,0.9366850221402973,1,1
YIPF3,Nerve_Tibial,DR,2.8111,0.004937751574965016,2,1
YWHAB,Nerve_Tibial,DR,-3.7589,0.00017063157757633824,2,2
YY1,Nerve_Tibial,DR,-4.144,3.412329603557306e-05,1,1
ZC3H15,Nerve_Tibial,DR,-4.8791,1.0659179232771146e-06,1,1
ZC3H18,Nerve_Tibial,DR,-7.7411,9.859237841551437e-15,1,1
ZC3H3,Nerve_Tibial,DR,-2.9716,0.0029629185246240557,3,3
ZDHHC6,Nerve_Tibial,DR,-9.1449,5.966499378402215e-20,2,2
ZDHHC7,Nerve_Tibial,DR,3.2459,0.001170826453209467,2,2
ZFP91,Nerve_Tibial,DR,0.9322,0.3512460433415189,1,1
ZFPL1,Nerve_Tibial,DR,-0.0644,0.9486698688990615,1,1
ZMAT2,Nerve_Tibial,DR,-0.5913,0.5543193997090266,1,1
ZMPSTE24,Nerve_Tibial,DR,4.1592,3.1936158327098353e-05,2,2
ZNF330,Nerve_Tibial,DR,0.4067,0.6842478180797595,2,1
ZNF777,Nerve_Tibial,DR,0.5177,0.6046987456986357,3,2
ZRANB1,Nerve_Tibial,DR,-1.6139,0.10654127671349038,1,1
ZRANB2,Nerve_Tibial,DR,-6.3133,2.7318791416385625e-10,2,2
AAMP,Whole_Blood,DR,-0.6511,0.5149561534432754,1,1
AAR2,Whole_Blood,DR,4.4187,9.927830717489548e-06,1,1
AARS,Whole_Blood,DR,4.0839,4.428414175422641e-05,1,1
AARSD1,Whole_Blood,DR,-5.9187,3.244635627494888e-09,1,1
ABCF2,Whole_Blood,DR,7.1959,6.203134273542757e-13,3,2
ACBD3,Whole_Blood,DR,0.0313,0.9749974609510372,1,1
ACBD6,Whole_Blood,DR,-2.3574,0.018405645681535486,1,1
ACTR1A,Whole_Blood,DR,2.759,0.00579744669941114,2,1
ACTR1B,Whole_Blood,DR,-2.8814,0.003959746291635337,2,2
ADH5,Whole_Blood,DR,-1.858,0.06316800600644058,3,1
ADIPOR2,Whole_Blood,DR,-1.2896,0.19718056288704922,2,2
AGAP3,Whole_Blood,DR,-2.7962,0.005170587474862336,4,4
AGGF1,Whole_Blood,DR,0.6934,0.4880871581572292,2,2
AIDA,Whole_Blood,DR,4.4132,1.0185981545438125e-05,1,1
AK2,Whole_Blood,DR,2.1277,0.03336000600448905,2,2
AK3,Whole_Blood,DR,4.0724,4.653331420054493e-05,2,2
AKIRIN1,Whole_Blood,DR,-2.1932,0.028296258726743653,2,2
AKIRIN2,Whole_Blood,DR,-0.8327,0.40504086540355966,1,1
ALDH9A1,Whole_Blood,DR,-3.289,0.0010055085789747505,3,3
ALKBH5,Whole_Blood,DR,0.383,0.7017174161142535,2,2
AMFR,Whole_Blood,DR,-6.1078,1.010335506492489e-09,2,2
ANAPC2,Whole_Blood,DR,-3.1521,0.0016211847448101533,2,2
ANKLE2,Whole_Blood,DR,0.7047,0.48099017400029975,4,3
ANKRD10,Whole_Blood,DR,4.0473,5.181170865950556e-05,3,3
ANKRD40,Whole_Blood,DR,-0.8469,0.39703478412195137,2,2
ANKS1A,Whole_Blood,DR,-7.9332,2.1363771770562574e-15,1,1
ANP32B,Whole_Blood,DR,-0.6209,0.5346589127130754,2,1
AP2M1,Whole_Blood,DR,1.4372,0.1506698173616032,2,1
AP3M1,Whole_Blood,DR,1.0068,0.3140143656707569,2,2
APEH,Whole_Blood,DR,-40.6539,0.0,1,1
APH1A,Whole_Blood,DR,0.0713,0.9431202618809232,1,1
API5,Whole_Blood,DR,0.0258,0.9793795221315837,2,2
ARCN1,Whole_Blood,DR,0.9662,0.3339428860926763,2,2
ARF4,Whole_Blood,DR,-5.603,2.1067845962389528e-08,3,3
ARFGAP2,Whole_Blood,DR,15.4666,5.831408132166776e-54,2,2
ARFGAP3,Whole_Blood,DR,-0.9818,0.32620729442063107,2,2
ARFGEF2,Whole_Blood,DR,-0.1669,0.867437167003668,2,2
ARHGAP1,Whole_Blood,DR,-0.5845,0.5588796179238977,2,2
ARIH2,Whole_Blood,DR,-1.4011,0.16117609546875686,1,1
ARL1,Whole_Blood,DR,-1.1256,0.26033648765263045,2,1
ARL14EP,Whole_Blood,DR,-0.3896,0.6968062563557372,1,1
ARL6IP1,Whole_Blood,DR,-1.1963,0.23157664071762743,2,2
ARL8B,Whole_Blood,DR,-3.921,8.818294040775153e-05,1,1
ARPC2,Whole_Blood,DR,2.2661,0.023443945209150767,3,3
ARPP19,Whole_Blood,DR,31.4776,1.7580289098287699e-217,3,3
ASNSD1,Whole_Blood,DR,1.8739,0.0609392012214927,1,1
ASXL1,Whole_Blood,DR,0.6998,0.4840325825001999,1,1
ATF6,Whole_Blood,DR,2.9608,0.003068311757058467,2,2
ATF6B,Whole_Blood,DR,130.8748,0.0,1,1
ATG101,Whole_Blood,DR,-1.0225,0.3065253984909696,2,1
ATG3,Whole_Blood,DR,5.8339,5.413272191340434e-09,1,1
B4GALT7,Whole_Blood,DR,-0.2885,0.7729792359955643,2,2
BAD,Whole_Blood,DR,31.748,3.3826487541153553e-221,1,1
BAG6,Whole_Blood,DR,22.3919,4.715303557080476e-111,2,2
BANF1,Whole_Blood,DR,-1.858,0.06316753340569684,2,2
BAZ1B,Whole_Blood,DR,-10.3359,4.850775810620293e-25,1,1
BCKDK,Whole_Blood,DR,2.3813,0.0172521977817662,2,2
BFAR,Whole_Blood,DR,24.9377,2.9008370373431167e-137,1,1
BLOC1S2,Whole_Blood,DR,-2.9272,0.0034202075109104483,3,3
BORCS7,Whole_Blood,DR,1.9157,0.055400992228875984,3,3
BRD3,Whole_Blood,DR,-0.4863,0.6267844436751832,2,1
BRD4,Whole_Blood,DR,-2.8723,0.004074863332641573,1,1
BRK1,Whole_Blood,DR,1.2459,0.2128056707717295,3,3
BSDC1,Whole_Blood,DR,6.7741,1.2517823942672173e-11,1,1
BTBD1,Whole_Blood,DR,-0.0707,0.9436681690978947,1,1
BUB3,Whole_Blood,DR,-0.2681,0.788631745621984,1,1
BUD31,Whole_Blood,DR,1.295,0.19530466578091102,2,2
BZW1,Whole_Blood,DR,-1.2487,0.21177156145844017,2,2
C11ORF98,Whole_Blood,DR,-5.0628,4.1314843887301353e-07,1,1
C14ORF119,Whole_Blood,DR,6.2762,3.469106446708445e-10,2,1
C16ORF70,Whole_Blood,DR,-9.7811,1.3573836628693566e-22,1,1
C6ORF120,Whole_Blood,DR,-0.2224,0.8239819781606128,3,3
C9ORF78,Whole_Blood,DR,2.9275,0.003417199328973941,1,1
CAB39,Whole_Blood,DR,0.5858,0.558006032133376,2,1
CACTIN,Whole_Blood,DR,-2.0216,0.04321569143457272,3,3
CALR,Whole_Blood,DR,-2.184,0.028959180844480927,2,2
CBX1,Whole_Blood,DR,0.194,0.8461592198196631,3,2
CBY1,Whole_Blood,DR,-5.4368,5.4234305564138226e-08,2,2
CCAR2,Whole_Blood,DR,0.4838,0.6284959470839256,1,1
CCDC124,Whole_Blood,DR,-1.0393,0.29865704275189275,3,3
CCDC50,Whole_Blood,DR,3.848,0.00011909023630065729,2,2
CCDC97,Whole_Blood,DR,-2.2437,0.02485002409753633,1,1
CCNI,Whole_Blood,DR,-0.1539,0.8776971821440182,1,1
CCNK,Whole_Blood,DR,-0.9325,0.3510828347271533,2,2
CCZ1,Whole_Blood,DR,0.3483,0.7275916028366622,4,3
CD2BP2,Whole_Blood,DR,11.0672,1.810658111961236e-28,2,2
CDC123,Whole_Blood,DR,0.7936,0.4274200673993891,1,1
CDC16,Whole_Blood,DR,-0.2207,0.8253209700253941,1,1
CDC26,Whole_Blood,DR,-1.1069,0.26833717814305025,2,2
CDC37L1,Whole_Blood,DR,-2.1864,0.028784318434349254,2,2
CDC42,Whole_Blood,DR,-0.1217,0.9031361263305174,2,2
CDC42SE1,Whole_Blood,DR,5.4077,6.38226890835162e-08,1,1
CDKN1B,Whole_Blood,DR,-1.4195,0.1557462987346005,1,1
CEBPZOS,Whole_Blood,DR,1.0978,0.2722716461099246,1,1
CFDP1,Whole_Blood,DR,-0.7623,0.4458714639051018,3,1
CFL1,Whole_Blood,DR,0.6289,0.5293906556384774,1,1
CGGBP1,Whole_Blood,DR,7.9456,1.9327428605874413e-15,2,2
CHMP2A,Whole_Blood,DR,0.3448,0.7302481277577664,2,2
CHMP2B,Whole_Blood,DR,4.9604,7.034391664455299e-07,4,4
CHMP3,Whole_Blood,DR,1.5382,0.12399946379452359,3,3
CHMP4B,Whole_Blood,DR,-0.7159,0.4740329284046188,2,2
CHMP6,Whole_Blood,DR,-1.0687,0.28521412373411376,3,3
CHTOP,Whole_Blood,DR,-1.0856,0.27765140216926354,1,1
CIPC,Whole_Blood,DR,-1.3269,0.1845264256313161,3,1
CLNS1A,Whole_Blood,DR,1.9273,0.05394271065602251,1,1
CLPP,Whole_Blood,DR,-7.7119,1.2393572351546288e-14,1,1
CNBP,Whole_Blood,DR,1.8932,0.05833435351409629,1,1
CNOT11,Whole_Blood,DR,11.2956,1.3799967046252653e-29,2,2
COA5,Whole_Blood,DR,-2.2116,0.026993803850910873,1,1
COA6,Whole_Blood,DR,-0.8849,0.3762308755242767,3,2
COG7,Whole_Blood,DR,-3.1282,0.0017589991757445884,1,1
COPA,Whole_Blood,DR,0.6184,0.5363111891245906,2,2
COPE,Whole_Blood,DR,-0.2459,0.8057655665568697,2,2
COPG1,Whole_Blood,DR,3.6023,0.0003154116232055523,1,1
COQ5,Whole_Blood,DR,-7.4465,9.585720512057717e-14,3,3
COX15,Whole_Blood,DR,-2.745,0.006051050299546706,1,1
COX17,Whole_Blood,DR,-27.4037,2.479843045337692e-165,1,1
CREBBP,Whole_Blood,DR,0.7306,0.4650143807671908,1,1
CRTC3,Whole_Blood,DR,1.3836,0.16647049392353327,2,2
CSNK1A1,Whole_Blood,DR,-0.1579,0.8745031678945672,1,1
CSNK1D,Whole_Blood,DR,-2.1647,0.030410611160674013,3,1
CSNK2A2,Whole_Blood,DR,-10.3077,6.506197411841346e-25,1,1
CSNK2B,Whole_Blood,DR,4.5338,5.794520588220269e-06,2,2
CTBP1,Whole_Blood,DR,4.1488,3.3424607430311295e-05,2,2
CTDNEP1,Whole_Blood,DR,-0.9342,0.35021230888158716,1,1
CTNNB1,Whole_Blood,DR,0.6396,0.5224061141606232,1,1
CTNNBL1,Whole_Blood,DR,-5.1886,2.1192353883187943e-07,2,2
CUL1,Whole_Blood,DR,-1.6527,0.09838865985369755,2,2
CUL3,Whole_Blood,DR,-0.9807,0.3267222923549135,1,1
CUTA,Whole_Blood,DR,-8.4992,1.9096905866853162e-17,2,2
CYB5B,Whole_Blood,DR,-0.4427,0.6579583602238044,1,1
DAD1,Whole_Blood,DR,-6.8123,9.602034632673971e-12,2,1
DAP3,Whole_Blood,DR,6.8557,7.0951359837026785e-12,1,1
DARS,Whole_Blood,DR,5.4179,6.031745723628962e-08,2,2
DCAF12,Whole_Blood,DR,-4.9866,6.14590163757973e-07,1,1
DCAF15,Whole_Blood,DR,0.1551,0.8767456169203254,1,1
DCTN2,Whole_Blood,DR,3.7145,0.00020360388354030324,1,1
DCTN4,Whole_Blood,DR,0.9821,0.3260560746546942,1,1
DEAF1,Whole_Blood,DR,-2.2808,0.0225608401356556,1,1
DENND6A,Whole_Blood,DR,-9.3076,1.3080515950050063e-20,2,2
DERL1,Whole_Blood,DR,-0.7464,0.4553976707158775,2,1
DNAJA1,Whole_Blood,DR,-1.2093,0.2265651714443202,2,1
DNAJA2,Whole_Blood,DR,-4.2977,1.7258484843092666e-05,1,1
DNAJA3,Whole_Blood,DR,-6.054,1.4132238618308148e-09,1,1
DNAJB6,Whole_Blood,DR,0.5554,0.5786124193510619,2,2
DNAJC13,Whole_Blood,DR,2.2362,0.02533975556306923,2,2
DNAJC3,Whole_Blood,DR,-0.5589,0.57622770083903,1,1
DNAJC4,Whole_Blood,DR,1.7116,0.08696141456199424,2,2
DNAJC9,Whole_Blood,DR,-8.7129,2.960802023760669e-18,1,1
DNLZ,Whole_Blood,DR,8.4869,2.121843668718322e-17,4,1
DNTTIP1,Whole_Blood,DR,3.0169,0.002554130883978032,2,2
DPY30,Whole_Blood,DR,-5.9031,3.5669535761261446e-09,1,1
DYNC1LI1,Whole_Blood,DR,1.6826,0.09245935926710502,3,1
E2F4,Whole_Blood,DR,-1.1349,0.2564295096800703,2,2
E4F1,Whole_Blood,DR,0.0317,0.9747203178566575,1,1
EBAG9,Whole_Blood,DR,-10.2598,1.0695422730434364e-24,2,2
EBNA1BP2,Whole_Blood,DR,2.6052,0.00918331226939117,2,1
EGLN2,Whole_Blood,DR,2.8711,0.004090291857019455,4,3
ELOF1,Whole_Blood,DR,-0.0156,0.9875626656435259,2,1
EMC2,Whole_Blood,DR,3.6962,0.00021888119237222268,1,1
EMC3,Whole_Blood,DR,2.745,0.006050455303554756,1,1
EMC4,Whole_Blood,DR,2.9783,0.002898553705875216,2,2
EMC6,Whole_Blood,DR,-1.7992,0.07198988916965962,1,1
EMC7,Whole_Blood,DR,-0.0551,0.9560508903906326,1,1
EMC8,Whole_Blood,DR,-7.9795,1.4695895661165184e-15,2,2
EPN1,Whole_Blood,DR,-35.0845,1.1626127502631665e-269,2,2
ERGIC1,Whole_Blood,DR,-0.6501,0.5156488020310273,1,1
ERGIC3,Whole_Blood,DR,-2.1278,0.03335213194472671,1,1
ERH,Whole_Blood,DR,2.9304,0.003385001338488186,2,2
ERI3,Whole_Blood,DR,2.7386,0.0061696760999807735,1,1
ERLEC1,Whole_Blood,DR,-5.4561,4.866722331011113e-08,2,1
ERP29,Whole_Blood,DR,19.9042,3.7424212710342956e-88,1,1
ETF1,Whole_Blood,DR,-0.2135,0.8309204705440971,1,1
FAM122A,Whole_Blood,DR,7.5246,5.2869621528286294e-14,1,1
FAM160B1,Whole_Blood,DR,0.1737,0.862117319864503,2,2
FAM168A,Whole_Blood,DR,-2.2367,0.025307782748129306,3,1
FAM192A,Whole_Blood,DR,4.1595,3.1890552954810624e-05,2,2
FAM20B,Whole_Blood,DR,-0.705,0.4808150980411062,1,1
FBL,Whole_Blood,DR,2.1624,0.03058979012620416,1,1
FBXL3,Whole_Blood,DR,-2.1223,0.033810244387244684,2,2
FBXO42,Whole_Blood,DR,0.9377,0.34839153259237565,1,1
FBXW4,Whole_Blood,DR,2.8131,0.004906506222926696,1,1
FCF1,Whole_Blood,DR,-0.5694,0.5690922960470302,1,1
FEM1B,Whole_Blood,DR,-1.8243,0.06810511200793426,1,1
FIBP,Whole_Blood,DR,-1.672,0.09452690770222605,1,1
FIZ1,Whole_Blood,DR,1.229,0.2190814844642878,1,1
FLCN,Whole_Blood,DR,0.8088,0.41865774535421335,1,1
FTSJ3,Whole_Blood,DR,0.9283,0.3532602746688016,2,2
FUBP3,Whole_Blood,DR,11.0387,2.4851876839092784e-28,1,1
G3BP1,Whole_Blood,DR,3.1125,0.0018552684938787643,1,1
G3BP2,Whole_Blood,DR,-4.7611,1.925756204285336e-06,2,2
G6PC3,Whole_Blood,DR,2.2647,0.023533737023186646,2,1
GABARAPL2,Whole_Blood,DR,-1.7723,0.0763480419218567,2,1
GATAD1,Whole_Blood,DR,2.8308,0.004642921602656535,2,2
GATAD2B,Whole_Blood,DR,-0.082,0.9346153994878212,2,1
GBF1,Whole_Blood,DR,-6.6468,2.9946250228803163e-11,1,1
GDI2,Whole_Blood,DR,-1.3187,0.1872767742834904,2,2
GID8,Whole_Blood,DR,3.5705,0.00035635358514569135,2,2
GNB1,Whole_Blood,DR,-2.5041,0.012276980612081906,1,1
GNPAT,Whole_Blood,DR,4.1431,3.4269201904144716e-05,1,1
GNPTG,Whole_Blood,DR,-0.7615,0.44636201249504526,2,2
GOLGA3,Whole_Blood,DR,-3.3877,0.0007047273920514123,2,2
GOLGA4,Whole_Blood,DR,2.7425,0.006096831973756986,1,1
GOLPH3,Whole_Blood,DR,-43.9623,0.0,3,3
GORASP2,Whole_Blood,DR,-0.205,0.8375960133261016,1,1
GOSR2,Whole_Blood,DR,0.365,0.7151221155844572,2,1
GPI,Whole_Blood,DR,1.4237,0.15454648038315313,1,1
GPN2,Whole_Blood,DR,-2.5196,0.011747403675101577,2,2
GPN3,Whole_Blood,DR,2.9386,0.0032964944970089952,1,1
GSK3A,Whole_Blood,DR,-15.4975,3.6080899386124276e-54,1,1
GSPT1,Whole_Blood,DR,-7.1204,1.0757912269218044e-12,2,2
GSTO1,Whole_Blood,DR,-2.3622,0.018166946383490836,1,1
GTF2F1,Whole_Blood,DR,5.3041,1.1321755112904255e-07,3,3
GTF2F2,Whole_Blood,DR,1.3994,0.1617063106892379,1,1
GTF3A,Whole_Blood,DR,-1.5664,0.11725620815332072,2,2
GTF3C3,Whole_Blood,DR,11.9877,4.121135442905342e-33,1,1
GTF3C6,Whole_Blood,DR,-3.0484,0.00230026358819493,1,1
GTPBP1,Whole_Blood,DR,24.1877,2.995367456281251e-129,1,1
GUK1,Whole_Blood,DR,-2.8142,0.00488987768998939,2,2
H3F3B,Whole_Blood,DR,3.2282,0.0012456384832999752,2,2
HDLBP,Whole_Blood,DR,-0.4621,0.6439810203652166,2,2
HERPUD2,Whole_Blood,DR,-0.4287,0.6681058343050577,2,2
HGS,Whole_Blood,DR,-3.7556,0.00017295471046571267,1,1
HINT1,Whole_Blood,DR,-5.4963,3.878027051366948e-08,1,1
HIPK1,Whole_Blood,DR,2.4899,0.012779081356955975,3,2
HMGXB3,Whole_Blood,DR,0.7743,0.4387771850348605,1,1
HNRNPD,Whole_Blood,DR,0.0852,0.9321114277362166,1,1
HP1BP3,Whole_Blood,DR,1.4008,0.16128074411115007,1,1
HSBP1,Whole_Blood,DR,-2.8992,0.003740899979919353,1,1
HSF1,Whole_Blood,DR,-0.8061,0.42017336656459114,2,1
HTT,Whole_Blood,DR,0.4511,0.6519194949248787,2,1
ICMT,Whole_Blood,DR,0.2588,0.7957974559478,3,3
IER3IP1,Whole_Blood,DR,-0.7012,0.4831510990854308,2,2
IK,Whole_Blood,DR,-4.6804,2.8633548997402153e-06,2,1
ILKAP,Whole_Blood,DR,-1.2177,0.22335584502730363,2,2
INTS10,Whole_Blood,DR,1.5006,0.1334571581822843,2,2
INTS12,Whole_Blood,DR,6.055,1.4038921844059757e-09,1,1
IPO8,Whole_Blood,DR,2.8585,0.004256420525545359,2,2
IPO9,Whole_Blood,DR,3.6888,0.00022528930079765148,2,2
ISCU,Whole_Blood,DR,-5.4289,5.6714410948820505e-08,3,2
IWS1,Whole_Blood,DR,11.9161,9.759353992622372e-33,3,3
JAK1,Whole_Blood,DR,0.9123,0.36163594566307805,2,2
JOSD1,Whole_Blood,DR,-2.4781,0.013207136378410483,2,1
KARS,Whole_Blood,DR,1.2957,0.1950893901312357,2,2
KAT8,Whole_Blood,DR,-1.486,0.13728045865983202,2,2
KBTBD2,Whole_Blood,DR,0.1452,0.884566673792595,2,2
KCMF1,Whole_Blood,DR,-0.0599,0.952207428544608,1,1
KCTD20,Whole_Blood,DR,-2.4703,0.01349943416555677,1,1
KCTD5,Whole_Blood,DR,4.775,1.7974025816741805e-06,2,1
KDELR2,Whole_Blood,DR,-0.9298,0.3524933247533056,2,1
KHSRP,Whole_Blood,DR,-2.7122,0.00668459486819164,1,1
KPNA1,Whole_Blood,DR,25.6526,3.956326310123352e-145,2,2
KPNA3,Whole_Blood,DR,-11.1924,4.4400049615505204e-29,1,1
KPNA4,Whole_Blood,DR,-1.2123,0.22538995743881096,1,1
KPNA6,Whole_Blood,DR,0.6188,0.5360472424982861,1,1
KXD1,Whole_Blood,DR,-1.3925,0.1637716031156991,2,2
LAMTOR5,Whole_Blood,DR,1.4424,0.14918932250849437,2,2
LARP1,Whole_Blood,DR,0.6573,0.5109853068634165,1,1
LARP4B,Whole_Blood,DR,0.3432,0.7314703297042631,1,1
LARS,Whole_Blood,DR,-0.5012,0.6162182323787893,1,1
LDB1,Whole_Blood,DR,3.5339,0.00040948519884584963,1,1
LEMD2,Whole_Blood,DR,-5.8556,4.7533901053587505e-09,2,2
LENG8,Whole_Blood,DR,-2.65,0.008048295683992426,1,1
LMAN1,Whole_Blood,DR,0.5269,0.5982597550944486,1,1
LMAN2,Whole_Blood,DR,3.4146,0.0006387865394755967,2,2
LMF2,Whole_Blood,DR,-2.8124,0.004917824134276105,3,3
LONP1,Whole_Blood,DR,1.8543,0.06369894094985755,2,1
LRRC41,Whole_Blood,DR,-0.9865,0.32389419444278966,2,1
LSM12,Whole_Blood,DR,-9.6478,5.022632938080533e-22,2,1
LSM14A,Whole_Blood,DR,-1.2056,0.22795934104419646,1,1
LSM14B,Whole_Blood,DR,1.156,0.24768033321046604,2,2
LSM4,Whole_Blood,DR,-5.9092,3.4367826715206523e-09,3,3
LUC7L3,Whole_Blood,DR,-1.0864,0.2772948957990267,1,1
MAN1A2,Whole_Blood,DR,2.7434,0.006081548033038981,1,1
MAP2K2,Whole_Blood,DR,-0.0308,0.975422381385062,2,2
MAPK1IP1L,Whole_Blood,DR,0.2493,0.8031008132933403,2,1
MAPK8IP3,Whole_Blood,DR,0.6359,0.5248550413478119,1,1
MARCH5,Whole_Blood,DR,-0.71,0.4776965347683817,2,2
MAU2,Whole_Blood,DR,-10.8984,1.1728112143030681e-27,3,1
MAX,Whole_Blood,DR,1.9066,0.05656968133643013,2,2
MCMBP,Whole_Blood,DR,-3.2204,0.001280051437743329,3,2
MEA1,Whole_Blood,DR,-1.5235,0.12762451736135333,1,1
MED10,Whole_Blood,DR,4.8179,1.450414316110483e-06,2,2
MED21,Whole_Blood,DR,3.5968,0.0003221061697507848,2,1
MED25,Whole_Blood,DR,3.5121,0.00044455727913493933,2,2
MED28,Whole_Blood,DR,1.9054,0.05673187564093852,2,1
MED4,Whole_Blood,DR,-3.9523,7.741592406382813e-05,2,1
MED9,Whole_Blood,DR,-0.4766,0.6336138983587556,1,1
METTL9,Whole_Blood,DR,1.7136,0.08660143871631369,1,1
MFN2,Whole_Blood,DR,-1.3524,0.17624758959919753,5,2
MFSD14A,Whole_Blood,DR,10.4199,2.0114358711918398e-25,2,2
MGRN1,Whole_Blood,DR,1.8171,0.0691966633083816,3,1
MKRN2,Whole_Blood,DR,2.7251,0.006428475645505139,3,3
MLEC,Whole_Blood,DR,0.2561,0.7978854943838823,1,1
MLF2,Whole_Blood,DR,-0.7151,0.4745328749048867,1,1
MORC2,Whole_Blood,DR,-0.9685,0.332772054407937,1,1
MPHOSPH10,Whole_Blood,DR,-2.8232,0.0047553022692189304,2,2
MRTO4,Whole_Blood,DR,2.3648,0.018041805214846836,1,1
MSL1,Whole_Blood,DR,6.6072,3.916491845826234e-11,2,2
MTCH1,Whole_Blood,DR,-1.7458,0.08085282364361253,2,1
MTDH,Whole_Blood,DR,9.0563,1.3494038199799258e-19,1,1
MTOR,Whole_Blood,DR,-3.2476,0.0011639495287261022,2,2
MTPN,Whole_Blood,DR,0.3388,0.7347302330864915,2,2
MYDGF,Whole_Blood,DR,11.1671,5.908067548462905e-29,2,2
NACA,Whole_Blood,DR,1.1611,0.24560224102242464,2,2
NAP1L1,Whole_Blood,DR,-0.379,0.7046964723829225,1,1
NAPA,Whole_Blood,DR,3.0544,0.002255188985155695,1,1
NAPG,Whole_Blood,DR,-1.6565,0.09762720083208637,2,2
NARS,Whole_Blood,DR,-1.9815,0.047532871269302175,2,2
NAT10,Whole_Blood,DR,5.142,2.718672960680344e-07,1,1
NCBP2,Whole_Blood,DR,7.5592,4.056759740572897e-14,2,1
NCOA5,Whole_Blood,DR,1.8372,0.06618655270031383,1,1
NDUFAF2,Whole_Blood,DR,2.2424,0.02493794462188865,2,2
NDUFB8,Whole_Blood,DR,4.4871,7.218641350259415e-06,1,1
NELFB,Whole_Blood,DR,-2.3461,0.018971995330710936,2,2
NFYB,Whole_Blood,DR,0.3548,0.7227418326024376,1,1
NGDN,Whole_Blood,DR,10.2287,1.4745631785829492e-24,1,1
NMD3,Whole_Blood,DR,1.0472,0.29499598046817255,1,1
NOP14,Whole_Blood,DR,-0.0306,0.9755849968183441,2,2
NOP9,Whole_Blood,DR,5.582,2.3775781485655767e-08,1,1
NPEPPS,Whole_Blood,DR,3.4639,0.0005323963737282379,2,2
NPLOC4,Whole_Blood,DR,-4.169,3.058801407246118e-05,3,1
NRBP1,Whole_Blood,DR,-1.4611,0.1439929649719095,2,2
NSA2,Whole_Blood,DR,-8.0363,9.260767961928922e-16,3,3
NSMCE1,Whole_Blood,DR,-8.05,8.28179975436119e-16,2,2
NSMCE4A,Whole_Blood,DR,3.131,0.001741894066090145,1,1
NT5C2,Whole_Blood,DR,-10.3956,2.59517482451186e-25,3,3
NUCKS1,Whole_Blood,DR,-1.4243,0.15437157307465482,1,1
NUDT16L1,Whole_Blood,DR,2.58,0.009879558832722981,1,1
NUDT21,Whole_Blood,DR,4.2142,2.5069691352782853e-05,2,2
NUDT9,Whole_Blood,DR,-1.1531,0.24888553949656073,3,3
NUFIP2,Whole_Blood,DR,2.1966,0.028047125731121395,2,2
NUMA1,Whole_Blood,DR,2.4343,0.014922227714856358,2,2
NUS1,Whole_Blood,DR,-4.7483,2.0510434531417915e-06,2,2
OS9,Whole_Blood,DR,2.8984,0.0037502067515371267,1,1
OTUB1,Whole_Blood,DR,1.9012,0.05728200935529086,1,1
P4HB,Whole_Blood,DR,2.1536,0.031274715687345044,1,1
PA2G4,Whole_Blood,DR,-7.5228,5.361175058831418e-14,2,2
PACS1,Whole_Blood,DR,6.0403,1.5381954379813977e-09,2,2
PACSIN2,Whole_Blood,DR,7.8094,5.747444658978284e-15,2,1
PAF1,Whole_Blood,DR,-0.9557,0.3392149964578431,2,1
PAFAH1B1,Whole_Blood,DR,-7.5271,5.1880746422962176e-14,1,1
PAFAH1B2,Whole_Blood,DR,11.7937,4.206145027680761e-32,2,1
PARK7,Whole_Blood,DR,1.3311,0.18316506723145465,3,3
PARN,Whole_Blood,DR,-24.9377,2.9008370373431167e-137,1,1
PARP1,Whole_Blood,DR,-0.9269,0.3539791394181207,3,2
PATL1,Whole_Blood,DR,1.847,0.06474654611846067,1,1
PCGF3,Whole_Blood,DR,1.4278,0.1533494648563045,5,4
PCIF1,Whole_Blood,DR,-7.2657,3.7106565456776457e-13,3,3
PCMT1,Whole_Blood,DR,-2.175,0.029630236563797208,1,1
PCMTD2,Whole_Blood,DR,-1.3306,0.18331444440614422,1,1
PCSK7,Whole_Blood,DR,1.225,0.22056429078050618,1,1
PCYOX1,Whole_Blood,DR,-36.8972,5.131724181505287e-298,2,2
PDAP1,Whole_Blood,DR,-10.1313,4.013997259829121e-24,2,2
PFDN2,Whole_Blood,DR,-2.6865,0.007221540526170352,1,1
PGAM5,Whole_Blood,DR,-15.3528,3.3924246953161296e-53,1,1
PGRMC2,Whole_Blood,DR,-0.5857,0.5580476638413847,3,3
PHF12,Whole_Blood,DR,-5.0892,3.596472803750142e-07,1,1
PHRF1,Whole_Blood,DR,1.6942,0.09023255298301508,3,2
PIGH,Whole_Blood,DR,3.1983,0.0013826315298384234,3,3
PIP5K1C,Whole_Blood,DR,3.2453,0.001173429052074841,2,2
PMPCA,Whole_Blood,DR,-5.6098,2.0250589904706592e-08,2,1
PNO1,Whole_Blood,DR,-0.7835,0.4333390824080927,1,1
POFUT1,Whole_Blood,DR,2.5733,0.010073510609918256,2,1
POLD2,Whole_Blood,DR,46.9016,0.0,2,2
POLE3,Whole_Blood,DR,1.598,0.11004190795023705,1,1
POLR2C,Whole_Blood,DR,-4.9888,6.074072942812507e-07,2,1
POLR2J,Whole_Blood,DR,16.8255,1.5871349517143194e-63,2,2
POLR2K,Whole_Blood,DR,2.9723,0.0029554199037462796,1,1
POLR3C,Whole_Blood,DR,3.3803,0.0007239786775685193,1,1
POP7,Whole_Blood,DR,2.7379,0.0061836421240020565,1,1
PPIB,Whole_Blood,DR,-0.2695,0.7875151892866178,2,1
PPID,Whole_Blood,DR,2.5809,0.00985495584005344,1,1
PPP1CC,Whole_Blood,DR,8.1793,2.854759083743083e-16,1,1
PPP1R11,Whole_Blood,DR,-5.6584,1.5277475966502674e-08,1,1
PPP1R37,Whole_Blood,DR,0.4519,0.6513523953201503,2,1
PPP2CB,Whole_Blood,DR,-14.015,1.2614445168580046e-44,3,3
PPP2R5A,Whole_Blood,DR,-1.7012,0.08891289729154238,1,1
PPP2R5C,Whole_Blood,DR,-1.2437,0.21361299919586288,2,2
PPP2R5E,Whole_Blood,DR,-1.2738,0.20273979067542822,2,2
PPP6C,Whole_Blood,DR,1.1832,0.2367180523615059,2,2
PPP6R1,Whole_Blood,DR,-1.1339,0.25684933673492777,1,1
PPP6R2,Whole_Blood,DR,2.4722,0.013427444629204267,2,2
PPT1,Whole_Blood,DR,3.1712,0.0015182611832826672,4,3
PRDM4,Whole_Blood,DR,0.5762,0.5644945004726971,2,2
PRDX5,Whole_Blood,DR,5.9038,3.5527051405917974e-09,3,3
PREB,Whole_Blood,DR,0.8751,0.38153051816695144,1,1
PREP,Whole_Blood,DR,6.0803,1.1997282131113181e-09,3,2
PRKAA1,Whole_Blood,DR,2.8025,0.005070704464639955,1,1
PRKAR1A,Whole_Blood,DR,-1.912,0.055872465761846984,2,2
PRKAR2A,Whole_Blood,DR,-7.0147,2.3041934313260387e-12,1,1
PRKCSH,Whole_Blood,DR,9.0549,1.366669920877301e-19,2,2
PRKRA,Whole_Blood,DR,4.3893,1.1371542908683535e-05,1,1
PRPF18,Whole_Blood,DR,1.0826,0.27900796596695276,1,1
PRPF38A,Whole_Blood,DR,5.7591,8.457798397278917e-09,1,1
PRPSAP1,Whole_Blood,DR,-0.8424,0.39959027008245135,1,1
PSMA2,Whole_Blood,DR,1.2595,0.20784091551552902,2,1
PSMA6,Whole_Blood,DR,0.7792,0.4358751691791553,2,2
PSMA7,Whole_Blood,DR,-3.4195,0.00062741321606337,1,1
PSMB1,Whole_Blood,DR,-3.711,0.0002064133798723805,2,2
PSMB2,Whole_Blood,DR,-4.1649,3.1150627020779114e-05,1,1
PSMB4,Whole_Blood,DR,3.0714,0.002130894199498436,1,1
PSMB7,Whole_Blood,DR,-4.7381,2.157347956319463e-06,2,2
PSMC1,Whole_Blood,DR,-1.7341,0.08289272225485332,1,1
PSMC3,Whole_Blood,DR,-0.062,0.9505886922070254,2,2
PSMC5,Whole_Blood,DR,-7.5786,3.492565451459175e-14,1,1
PSMD11,Whole_Blood,DR,2.0585,0.03954430397293175,1,1
PSMD3,Whole_Blood,DR,-10.0837,6.520212111618828e-24,2,2
PSMD4,Whole_Blood,DR,-1.1774,0.239039831439279,3,3
PSMD8,Whole_Blood,DR,1.8306,0.06716098771138376,2,2
PSMG2,Whole_Blood,DR,-21.8682,5.219748744381022e-106,1,1
PSMG3,Whole_Blood,DR,0.7311,0.46472655539423297,3,3
PTRH2,Whole_Blood,DR,1.4716,0.14112531573317205,2,2
PUM2,Whole_Blood,DR,-7.0525,1.7567808676711382e-12,2,2
PURB,Whole_Blood,DR,0.9268,0.354047173000229,1,1
PWP1,Whole_Blood,DR,-3.0664,0.0021668667365315163,3,3
PWP2,Whole_Blood,DR,-5.0959,3.471463183988626e-07,3,3
QRICH1,Whole_Blood,DR,3.0472,0.002309917068235732,2,2
R3HCC1,Whole_Blood,DR,1.7731,0.07620848179526063,2,1
RAB11A,Whole_Blood,DR,-0.2759,0.7826447615510892,1,1
RAB11B,Whole_Blood,DR,0.4367,0.662365160753225,2,1
RAB2A,Whole_Blood,DR,1.8347,0.06655441095536067,2,1
RAB35,Whole_Blood,DR,10.9876,4.382159516750701e-28,1,1
RAB3GAP1,Whole_Blood,DR,-5.1761,2.2662169142581365e-07,1,1
RAB5A,Whole_Blood,DR,-2.8197,0.0048063512840178756,2,1
RAB6A,Whole_Blood,DR,3.1405,0.0016868400842867924,2,2
RABGGTB,Whole_Blood,DR,-2.7456,0.006039873016213209,1,1
RAC1,Whole_Blood,DR,-0.7312,0.4646770677305596,5,4
RAD21,Whole_Blood,DR,-1.1785,0.23858566023167643,2,2
RAD23A,Whole_Blood,DR,-2.5641,0.010345235775730379,1,1
RAD23B,Whole_Blood,DR,-4.5909,4.413321549491255e-06,3,3
RALA,Whole_Blood,DR,-0.4092,0.682360570958261,1,1
RALBP1,Whole_Blood,DR,-4.4081,1.0429796692032305e-05,4,4
RALY,Whole_Blood,DR,-1.1431,0.2529927520982197,1,1
RANBP1,Whole_Blood,DR,2.5867,0.00969072260802804,1,1
RANBP2,Whole_Blood,DR,1.3739,0.16947006225056757,2,2
RANBP9,Whole_Blood,DR,-1.746,0.08081281361511021,1,1
RANGAP1,Whole_Blood,DR,-0.4485,0.6538177605892823,2,1
RARS2,Whole_Blood,DR,-0.5304,0.5958194970096822,1,1
RBCK1,Whole_Blood,DR,10.9991,3.859304417983189e-28,2,2
RBM25,Whole_Blood,DR,-4.3486,1.3702023506810946e-05,2,1
RBM8A,Whole_Blood,DR,4.1196,3.7948577783053094e-05,2,1
RBX1,Whole_Blood,DR,0.1935,0.8465737368912573,1,1
RER1,Whole_Blood,DR,-1.2248,0.22066724114994762,2,1
RERE,Whole_Blood,DR,-0.9168,0.35926270351919376,1,1
RGP1,Whole_Blood,DR,0.5918,0.5539615688899657,2,2
RHBDD2,Whole_Blood,DR,4.326,1.5187047508390636e-05,1,1
RHEB,Whole_Blood,DR,-1.4034,0.16048535878347803,1,1
RHOT2,Whole_Blood,DR,18.2208,3.5305883803144555e-74,2,1
RING1,Whole_Blood,DR,2.4072,0.016076012632089954,1,1
RMND5A,Whole_Blood,DR,3.1584,0.0015866303533648134,1,1
RNF139,Whole_Blood,DR,1.2741,0.2026316528084665,2,1
RNF167,Whole_Blood,DR,-2.9137,0.003571603032279914,2,2
RNF168,Whole_Blood,DR,-5.2351,1.6491410554381805e-07,2,2
RNF181,Whole_Blood,DR,-0.5215,0.6020054339339276,2,1
RNF20,Whole_Blood,DR,-1.8856,0.059342841404254776,1,1
RNPS1,Whole_Blood,DR,0.3728,0.7093338938284288,1,1
RPA1,Whole_Blood,DR,-1.1421,0.25339598996779694,2,1
RPA2,Whole_Blood,DR,12.2808,1.1489547338518872e-34,2,2
RRN3,Whole_Blood,DR,-0.8933,0.37167085974774744,1,1
RRP36,Whole_Blood,DR,-220.3639,0.0,2,2
RRP7A,Whole_Blood,DR,1.4705,0.14141483378014952,8,6
RRP9,Whole_Blood,DR,-9.3905,5.96984087608926e-21,2,1
RSL24D1,Whole_Blood,DR,-8.4893,2.079111066399479e-17,4,4
RSRC2,Whole_Blood,DR,1.2453,0.21303527891645668,1,1
RTF1,Whole_Blood,DR,0.3568,0.7212721246464406,2,1
RUVBL1,Whole_Blood,DR,-0.7346,0.46260362353409373,2,2
SAR1A,Whole_Blood,DR,-0.22,0.8258527268312054,3,1
SARNP,Whole_Blood,DR,0.8252,0.4092608895977653,1,1
SARS,Whole_Blood,DR,3.925,8.674393330100815e-05,2,2
SAV1,Whole_Blood,DR,-4.3168,1.582917988621285e-05,2,2
SBDS,Whole_Blood,DR,10.4407,1.6153978898716208e-25,1,1
SCYL2,Whole_Blood,DR,1.5652,0.11752958059150663,1,1
SDF4,Whole_Blood,DR,0.0831,0.933762109462796,2,2
SEC24B,Whole_Blood,DR,-9.3279,1.0796458918322565e-20,1,1
SEC31A,Whole_Blood,DR,0.3097,0.7567915337085172,2,1
SENP2,Whole_Blood,DR,8.6349,5.8779967108695034e-18,1,1
SENP5,Whole_Blood,DR,0.6041,0.5458066984256187,1,1
SETD5,Whole_Blood,DR,-26.8919,2.73476873545807e-159,1,1
SF1,Whole_Blood,DR,-1.4494,0.14723217579430548,1,1
SF3B1,Whole_Blood,DR,-4.2666,1.9843668112213594e-05,1,1
SF3B2,Whole_Blood,DR,2.5081,0.012137324477250687,1,1
SF3B4,Whole_Blood,DR,2.4355,0.014873206918709608,1,1
SF3B5,Whole_Blood,DR,-3.0237,0.002497119465170594,1,1
SF3B6,Whole_Blood,DR,-4.9842,6.221833198910069e-07,1,1
SGTA,Whole_Blood,DR,-1.3152,0.1884316406675448,1,1
SH2B1,Whole_Blood,DR,0.5927,0.5533977848960137,2,1
SHARPIN,Whole_Blood,DR,9.5885,8.941178134483144e-22,1,1
SKP1,Whole_Blood,DR,-11.5539,7.055393710470756e-31,2,1
SLU7,Whole_Blood,DR,3.1424,0.0016754717173902481,1,1
SMAD2,Whole_Blood,DR,4.3811,1.1807837451052666e-05,2,2
SMAP1,Whole_Blood,DR,1.9282,0.05383519190180073,1,1
SMARCB1,Whole_Blood,DR,-2.459,0.01393123667962222,1,1
SMDT1,Whole_Blood,DR,0.0262,0.9791196882652659,1,1
SMU1,Whole_Blood,DR,-0.7834,0.433389467848551,3,3
SMYD5,Whole_Blood,DR,3.0081,0.0026292312458645706,2,1
SNAP29,Whole_Blood,DR,-0.1587,0.8738821511668657,2,2
SNAPIN,Whole_Blood,DR,-0.3056,0.7599361528788102,1,1
SND1,Whole_Blood,DR,-0.8923,0.37224411981233735,1,1
SNF8,Whole_Blood,DR,3.6149,0.0003004681275022192,1,1
SNRNP35,Whole_Blood,DR,-5.4757,4.3581560726833464e-08,2,2
SNRNP70,Whole_Blood,DR,-1.7051,0.08817107083078161,3,2
SNRPA,Whole_Blood,DR,-20.4464,6.467437996451368e-93,2,1
SNRPB,Whole_Blood,DR,0.4537,0.6500507918662963,1,1
SNX1,Whole_Blood,DR,0.3128,0.7544344861771809,1,1
SNX19,Whole_Blood,DR,2.1619,0.03062349690179667,2,1
SNX27,Whole_Blood,DR,-0.3488,0.7272318203097905,1,1
SNX3,Whole_Blood,DR,-3.5937,0.00032602582126614685,2,1
SOD1,Whole_Blood,DR,35.3803,3.4342178480217056e-274,2,2
SP1,Whole_Blood,DR,6.7135,1.9003312408050317e-11,1,1
SP2,Whole_Blood,DR,-0.2848,0.775800645351384,1,1
SPAG7,Whole_Blood,DR,-5.2448,1.5647341434108227e-07,2,1
SPAG9,Whole_Blood,DR,5.2735,1.338247992938397e-07,1,1
SPG7,Whole_Blood,DR,-1.3553,0.1753295509045441,1,1
SPPL3,Whole_Blood,DR,1.3394,0.18042476573537292,2,1
SPTSSA,Whole_Blood,DR,-3.8831,0.00010312602475830682,2,2
SRM,Whole_Blood,DR,-10.1163,4.6797510880547384e-24,2,2
SRP14,Whole_Blood,DR,-0.6456,0.5185255678542711,2,2
SRP9,Whole_Blood,DR,2.9991,0.002707682083522706,1,1
SRSF3,Whole_Blood,DR,-0.3021,0.7625719400296003,1,1
SRSF6,Whole_Blood,DR,-2.5553,0.010611091799257094,1,1
SSNA1,Whole_Blood,DR,-0.8222,0.4109488505656479,1,1
SSR3,Whole_Blood,DR,4.7848,1.7119272312389629e-06,2,2
SSRP1,Whole_Blood,DR,-4.609,4.046096174688565e-06,1,1
SSU72,Whole_Blood,DR,1.607,0.10806205679416753,1,1
ST13,Whole_Blood,DR,-2.2469,0.02464945071739954,1,1
STAT3,Whole_Blood,DR,-1.7963,0.07244820234108112,1,1
STIM1,Whole_Blood,DR,3.2399,0.00119574444592564,2,2
STK24,Whole_Blood,DR,0.8551,0.3924923269466057,2,2
STK38,Whole_Blood,DR,-0.038,0.9696535003792698,1,1
STRAP,Whole_Blood,DR,-27.862,7.697497541567701e-171,2,2
STRN4,Whole_Blood,DR,2.947,0.0032082579139383937,2,2
STUB1,Whole_Blood,DR,1.96,0.0499912708266464,1,1
STX4,Whole_Blood,DR,-2.1158,0.034361371045008214,1,1
STX5,Whole_Blood,DR,-17.8156,5.346491863731855e-71,1,1
SUGT1,Whole_Blood,DR,0.8793,0.37923685780553135,2,2
SUMO1,Whole_Blood,DR,-0.1497,0.8810353637676112,1,1
SURF4,Whole_Blood,DR,-0.5285,0.5971618114952923,1,1
SYF2,Whole_Blood,DR,-1.8521,0.06401437131606379,1,1
TAB1,Whole_Blood,DR,4.8257,1.3949329209132597e-06,1,1
TADA3,Whole_Blood,DR,4.2843,1.833491247240621e-05,1,1
TAF10,Whole_Blood,DR,1.7487,0.08033679945861436,1,1
TARDBP,Whole_Blood,DR,-6.3986,1.5679638491656603e-10,2,2
TAX1BP1,Whole_Blood,DR,1.4748,0.14025743510024283,1,1
TBC1D20,Whole_Blood,DR,0.0374,0.9701620489991107,1,1
TBCA,Whole_Blood,DR,0.8883,0.37440521868437443,2,2
TBCB,Whole_Blood,DR,2.9398,0.003283906957744888,2,2
TBCD,Whole_Blood,DR,-0.996,0.31926251414000667,3,3
TBK1,Whole_Blood,DR,6.048,1.4669493898027457e-09,1,1
TBL1XR1,Whole_Blood,DR,1.1337,0.2569364484142946,1,1
TCP1,Whole_Blood,DR,5.8239,5.7499559368320955e-09,2,2
TEX261,Whole_Blood,DR,-2.2821,0.022481111215082047,3,2
THOC7,Whole_Blood,DR,-1.5771,0.11477642134419071,1,1
THRAP3,Whole_Blood,DR,-14.0589,6.790729554008373e-45,1,1
TIMM17A,Whole_Blood,DR,-2.3851,0.017073714358573383,1,1
TMBIM6,Whole_Blood,DR,-3.8679,0.00010977972039882605,1,1
TMCO1,Whole_Blood,DR,-6.3442,2.235534985843876e-10,2,2
TMED1,Whole_Blood,DR,10.6828,1.2251384034620935e-26,2,1
TMED10,Whole_Blood,DR,13.4919,1.745463569138462e-41,2,1
TMED9,Whole_Blood,DR,-0.3307,0.7409024001474124,4,4
TMEM127,Whole_Blood,DR,1.9268,0.05399906888682938,2,2
TMEM147,Whole_Blood,DR,-0.4327,0.6652567005389187,2,2
TMEM165,Whole_Blood,DR,-0.2331,0.8156772951991785,2,1
TMEM203,Whole_Blood,DR,2.5366,0.011194172204933338,1,1
TMEM230,Whole_Blood,DR,12.0883,1.2182215747436742e-33,2,1
TMEM245,Whole_Blood,DR,-2.0545,0.03992853013456423,2,2
TMEM248,Whole_Blood,DR,-0.6399,0.5222449252946482,1,1
TMEM256,Whole_Blood,DR,3.1421,0.001677645355168914,3,3
TMEM258,Whole_Blood,DR,-2.1345,0.032798039583489,2,2
TMEM30A,Whole_Blood,DR,4.4988,6.8328189606183105e-06,2,1
TMEM42,Whole_Blood,DR,-15.6107,6.1515788097280596e-55,1,1
TMEM50A,Whole_Blood,DR,-0.0198,0.9841684478841292,3,1
TMX4,Whole_Blood,DR,3.4458,0.0005693429156812163,3,3
TNKS2,Whole_Blood,DR,3.9692,7.212637178820146e-05,2,2
TOMM20,Whole_Blood,DR,3.4235,0.0006182647279648399,3,3
TOMM22,Whole_Blood,DR,-2.4781,0.013207136378410483,1,1
TOR1A,Whole_Blood,DR,-0.0759,0.9395267680035573,3,1
TOR1B,Whole_Blood,DR,4.8249,1.4005017475360773e-06,4,4
TPP2,Whole_Blood,DR,0.6347,0.5256436106505229,2,1
TRAM1,Whole_Blood,DR,-0.2144,0.8302110689094748,1,1
TRAPPC3,Whole_Blood,DR,-1.4544,0.14582336209209792,1,1
TRIM28,Whole_Blood,DR,3.2592,0.0011171014825763687,2,2
TRIP12,Whole_Blood,DR,-0.342,0.7323648135448547,2,1
TRIP4,Whole_Blood,DR,-2.6172,0.0088652373021894,2,1
TRMT112,Whole_Blood,DR,-1.3981,0.16209182005480396,1,1
TRPC4AP,Whole_Blood,DR,-8.973,2.886058754704124e-19,3,2
TSPYL1,Whole_Blood,DR,-0.2921,0.7702268210992409,2,2
TSR3,Whole_Blood,DR,3.0729,0.002120105635396814,1,1
TTC1,Whole_Blood,DR,-3.7171,0.00020155122390792525,1,1
TTC37,Whole_Blood,DR,5.6365,1.735548016803385e-08,2,1
TUBG1,Whole_Blood,DR,1.4033,0.1605273955598807,1,1
TXN2,Whole_Blood,DR,-9.3659,7.537536228826554e-21,2,2
TXNL1,Whole_Blood,DR,-2.762,0.0057452686251312935,1,1
U2AF2,Whole_Blood,DR,3.3648,0.0007658576721362621,1,1
UBE2F,Whole_Blood,DR,-3.448,0.0005647497325751608,3,3
UBE2G1,Whole_Blood,DR,0.4668,0.6406236709656832,1,1
UBE2I,Whole_Blood,DR,-2.0507,0.040294886439660234,2,1
UBE2J1,Whole_Blood,DR,-6.3467,2.1997478423351987e-10,1,1
UBE2Q1,Whole_Blood,DR,11.4948,1.4005005691327459e-30,2,2
UBE2Z,Whole_Blood,DR,-2.5908,0.00957632280407271,2,2
UBFD1,Whole_Blood,DR,-0.9666,0.33374020421191414,1,1
UBL5,Whole_Blood,DR,-0.185,0.8532457288800166,1,1
UBL7,Whole_Blood,DR,2.9933,0.002759993384192024,2,2
UBP1,Whole_Blood,DR,-2.6358,0.008393637338685242,1,1
UBQLN1,Whole_Blood,DR,1.9788,0.04784283521891921,2,1
UBR4,Whole_Blood,DR,0.6652,0.5059401972663111,1,1
UFC1,Whole_Blood,DR,-2.202,0.027666525706748234,1,1
UFM1,Whole_Blood,DR,0.0642,0.9488316929921016,1,1
UGP2,Whole_Blood,DR,-3.2793,0.0010408056394896575,3,3
UROD,Whole_Blood,DR,3.5513,0.0003833531484922856,1,1
USB1,Whole_Blood,DR,-1.3793,0.1678065864411531,3,3
USP14,Whole_Blood,DR,0.8079,0.41912088435354766,1,1
USP39,Whole_Blood,DR,-2.7695,0.005613696786216934,2,2
USP4,Whole_Blood,DR,0.1891,0.8499814732566965,1,1
USP48,Whole_Blood,DR,-12.9836,1.5148714503048614e-38,2,2
UTP18,Whole_Blood,DR,3.5222,0.00042795102537643997,3,3
UTP3,Whole_Blood,DR,-2.5794,0.009898158489009906,2,1
VDAC1,Whole_Blood,DR,-1.2875,0.19790948249127427,2,2
VEZF1,Whole_Blood,DR,-7.6632,1.8138152121780715e-14,1,1
VPS16,Whole_Blood,DR,-5.6626,1.4912302433061233e-08,5,5
VPS26A,Whole_Blood,DR,9.3374,9.874344996632452e-21,1,1
VPS26B,Whole_Blood,DR,1.5586,0.11908769195302919,2,2
VPS29,Whole_Blood,DR,-7.804,5.995532750421519e-15,1,1
VPS36,Whole_Blood,DR,1.7598,0.07843823696060209,2,2
VPS37C,Whole_Blood,DR,-8.4705,2.4443176294561274e-17,1,1
VPS52,Whole_Blood,DR,6.7053,2.009323637818903e-11,2,2
VTI1B,Whole_Blood,DR,0.3344,0.7380988953375079,1,1
WASL,Whole_Blood,DR,-0.3264,0.744126562391528,2,2
WBP4,Whole_Blood,DR,3.7743,0.0001604414794542779,1,1
WDR45B,Whole_Blood,DR,-0.4217,0.6732336698877706,2,2
WDR46,Whole_Blood,DR,5.2484,1.53399086893979e-07,3,3
WDR82,Whole_Blood,DR,-4.3275,1.5077808063684687e-05,2,2
WDR83OS,Whole_Blood,DR,-20.6318,1.422949699955775e-94,3,3
WHAMM,Whole_Blood,DR,1.2908,0.19678548609318147,2,2
WIPI2,Whole_Blood,DR,-0.3987,0.6901504789188195,3,2
YARS,Whole_Blood,DR,0.1373,0.8907649762121949,2,1
YIF1A,Whole_Blood,DR,-0.56,0.5754745542739139,2,2
YIPF3,Whole_Blood,DR,62.0814,0.0,3,2
YKT6,Whole_Blood,DR,4.6921,2.7041508999028085e-06,2,1
YME1L1,Whole_Blood,DR,0.6526,0.5139942026643679,2,1
YWHAB,Whole_Blood,DR,-2.0306,0.04229184054182008,2,2
YY1,Whole_Blood,DR,-4.144,3.412329603557306e-05,1,1
ZBTB17,Whole_Blood,DR,0.5215,0.6020116350066975,1,1
ZC3H18,Whole_Blood,DR,-0.5575,0.5771997923143841,2,2
ZC3H3,Whole_Blood,DR,-1.9914,0.046441599475691486,2,2
ZDHHC6,Whole_Blood,DR,-6.4974,8.174192056822635e-11,2,2
ZDHHC7,Whole_Blood,DR,3.0419,0.002351267686997417,3,3
ZFP91,Whole_Blood,DR,0.6805,0.49621194296510535,1,1
ZFPL1,Whole_Blood,DR,-0.0644,0.9486698688990615,1,1
ZMAT2,Whole_Blood,DR,-0.8839,0.3767541441571055,2,2
ZMPSTE24,Whole_Blood,DR,12.6079,1.909691938155995e-36,2,2
ZNF146,Whole_Blood,DR,-0.3931,0.6942683942123201,2,1
ZNF330,Whole_Blood,DR,0.4785,0.6322821188484127,2,1
ZNF777,Whole_Blood,DR,-0.1436,0.8858453342838317,2,1
ZNF865,Whole_Blood,DR,-2.8698,0.004106911822030938,1,1
ZRANB1,Whole_Blood,DR,1.6139,0.10654127671349044,1,1
ZRANB2,Whole_Blood,DR,-4.9482,7.491296637315092e-07,2,2
ZYG11B,Whole_Blood,DR,0.848,0.39644020243578026,1,1
AAMP,Nerve_Tibial,DN,-1.5914,0.1115130066827694,1,1
AAR2,Nerve_Tibial,DN,4.5241,6.064765054161079e-06,1,1
AARS,Nerve_Tibial,DN,-0.4026,0.687245584886218,3,3
AARSD1,Nerve_Tibial,DN,-2.1642,0.030448344590890363,1,1
ABCF2,Nerve_Tibial,DN,1.6483,0.09928189222682643,1,1
ACBD3,Nerve_Tibial,DN,-3.0745,0.0021088642652008806,2,2
ACBD6,Nerve_Tibial,DN,-0.3634,0.7163099164286651,1,1
ACTR1A,Nerve_Tibial,DN,-1.4277,0.1533685186971352,1,1
ACTR1B,Nerve_Tibial,DN,0.3477,0.7280474529091159,3,3
ADH5,Nerve_Tibial,DN,3.6724,0.00024029202848880793,3,2
ADIPOR2,Nerve_Tibial,DN,-2.1516,0.031432507832669,1,1
AGAP3,Nerve_Tibial,DN,-11.4842,1.5836940580000665e-30,2,1
AHSA1,Nerve_Tibial,DN,-1.2827,0.199598668933928,2,1
AK2,Nerve_Tibial,DN,2.097,0.03598983444518156,2,1
AK3,Nerve_Tibial,DN,4.6873,2.768479496008218e-06,8,7
AKIRIN2,Nerve_Tibial,DN,1.4231,0.15472057597226077,1,1
ALDH9A1,Nerve_Tibial,DN,0.2914,0.770760752031758,4,2
ALKBH5,Nerve_Tibial,DN,-0.0201,0.9839653887567705,1,1
AMFR,Nerve_Tibial,DN,1.03,0.30300490192821755,3,3
ANAPC2,Nerve_Tibial,DN,3.421,0.000623950853253708,2,2
ANKFY1,Nerve_Tibial,DN,-0.6233,0.5330935800414949,1,1
ANKLE2,Nerve_Tibial,DN,3.1852,0.0014467277139120678,4,3
ANKRD10,Nerve_Tibial,DN,1.5652,0.11753029899994738,3,3
ANKRD40,Nerve_Tibial,DN,-0.9542,0.3399594628762056,1,1
ANKS1A,Nerve_Tibial,DN,-2.448,0.014364676744115273,2,2
AP2M1,Nerve_Tibial,DN,-5.879,4.127210019924954e-09,1,1
AP3M1,Nerve_Tibial,DN,-4.3657,1.2674394129919384e-05,1,1
APEH,Nerve_Tibial,DN,-0.8605,0.38954061236698523,2,1
APH1A,Nerve_Tibial,DN,-3.0191,0.002535613242344043,1,1
ARCN1,Nerve_Tibial,DN,3.4032,0.0006660345769085436,1,1
ARF4,Nerve_Tibial,DN,-1.1993,0.23040839894513607,2,2
ARFGAP2,Nerve_Tibial,DN,-1.4967,0.13448167222910054,2,2
ARFGAP3,Nerve_Tibial,DN,4.0266,5.660067518249159e-05,2,1
ARFGEF2,Nerve_Tibial,DN,0.2537,0.7997016727576493,1,1
ARHGAP1,Nerve_Tibial,DN,4.6075,4.075020586126826e-06,2,2
ARIH2,Nerve_Tibial,DN,-2.8075,0.004992024777206474,1,1
ARL1,Nerve_Tibial,DN,1.8055,0.07100319202099088,2,1
ARL14EP,Nerve_Tibial,DN,-0.1801,0.8570459040441808,3,3
ARL6IP1,Nerve_Tibial,DN,-0.6972,0.48569212672349876,2,2
ARL8B,Nerve_Tibial,DN,0.2036,0.8386857500797656,3,3
ARMC1,Nerve_Tibial,DN,-1.893,0.05835912975458301,2,2
ARNT,Nerve_Tibial,DN,1.5823,0.11356983434113539,3,2
ARPC2,Nerve_Tibial,DN,-0.4581,0.6468488637017873,1,1
ARPP19,Nerve_Tibial,DN,2.7926,0.0052289764510561575,2,2
ASNSD1,Nerve_Tibial,DN,-0.8254,0.40912663039918906,2,2
ASXL1,Nerve_Tibial,DN,4.8406,1.294224040350814e-06,1,1
ATF6,Nerve_Tibial,DN,-3.6663,0.0002460551498724918,2,2
ATF6B,Nerve_Tibial,DN,74.3824,0.0,2,1
ATG101,Nerve_Tibial,DN,0.8225,0.4107723569624759,1,1
ATG3,Nerve_Tibial,DN,-9.7738,1.4582901900205104e-22,1,1
B4GALT7,Nerve_Tibial,DN,2.2089,0.02718010729357057,3,3
BANF1,Nerve_Tibial,DN,-1.6928,0.09049802438049546,3,3
BAZ1B,Nerve_Tibial,DN,8.1187,4.710930498692582e-16,1,1
BCKDK,Nerve_Tibial,DN,1.5548,0.11998823410659437,2,2
BFAR,Nerve_Tibial,DN,6.7454,1.526080993330593e-11,1,1
BLOC1S2,Nerve_Tibial,DN,2.1778,0.02942356941687606,3,3
BOD1,Nerve_Tibial,DN,0.0531,0.9576722810273295,2,2
BORCS7,Nerve_Tibial,DN,-4.3773,1.2017525787273702e-05,2,2
BRD3,Nerve_Tibial,DN,0.1313,0.895516153439993,3,1
BRD4,Nerve_Tibial,DN,0.4642,0.6425131793429033,1,1
BRK1,Nerve_Tibial,DN,2.9105,0.0036086311894351526,2,2
BSDC1,Nerve_Tibial,DN,1.1659,0.24363510015992454,1,1
BTBD1,Nerve_Tibial,DN,-4.1194,3.798871607899217e-05,2,2
BUD31,Nerve_Tibial,DN,4.6727,2.972967493656304e-06,2,2
BZW1,Nerve_Tibial,DN,-1.9486,0.05134012331132397,1,1
C11ORF98,Nerve_Tibial,DN,-1.6538,0.09816930929767954,1,1
C6ORF120,Nerve_Tibial,DN,1.3048,0.19197541970112245,2,2
C9ORF78,Nerve_Tibial,DN,-0.3682,0.7127359228832304,2,2
CACTIN,Nerve_Tibial,DN,-0.4012,0.6883089974595424,2,2
CALR,Nerve_Tibial,DN,-2.0119,0.04422663992704369,1,1
CAND1,Nerve_Tibial,DN,-1.2159,0.22402839757492335,2,2
CASC3,Nerve_Tibial,DN,0.8947,0.37094883398011974,5,3
CBX1,Nerve_Tibial,DN,2.7595,0.005788466275179763,2,2
CBY1,Nerve_Tibial,DN,-0.0543,0.9566661714972313,2,1
CCAR2,Nerve_Tibial,DN,4.7989,1.5956328473378207e-06,2,2
CCDC124,Nerve_Tibial,DN,2.9967,0.002729156210711312,5,4
CCDC50,Nerve_Tibial,DN,-2.112,0.03468978643512221,3,3
CCDC97,Nerve_Tibial,DN,2.3163,0.02054100871319433,2,2
CCNK,Nerve_Tibial,DN,-1.2733,0.20291962274914016,1,1
CCZ1,Nerve_Tibial,DN,3.0129,0.0025872962016131188,7,5
CD2BP2,Nerve_Tibial,DN,0.5603,0.5752487071164518,1,1
CDC16,Nerve_Tibial,DN,-0.4427,0.6579933195422678,3,3
CDC26,Nerve_Tibial,DN,0.0242,0.9806897836512349,3,3
CDC37L1,Nerve_Tibial,DN,1.2388,0.21540881041107351,4,4
CDC42,Nerve_Tibial,DN,-6.8213,9.021415450462394e-12,2,1
CDC42SE1,Nerve_Tibial,DN,-6.2932,3.1102052308583746e-10,2,1
CDC5L,Nerve_Tibial,DN,-2.8375,0.004547544687673645,2,2
CDKN1B,Nerve_Tibial,DN,-6.2774,3.4419647716136816e-10,1,1
CEBPZOS,Nerve_Tibial,DN,3.4365,0.0005893825695715821,2,2
CFDP1,Nerve_Tibial,DN,-0.1085,0.9135914864296534,3,2
CFL1,Nerve_Tibial,DN,-1.7824,0.07469007658848521,1,1
CGGBP1,Nerve_Tibial,DN,1.6008,0.10941742087477263,2,2
CHMP2A,Nerve_Tibial,DN,-1.5936,0.11103282056511045,2,2
CHMP2B,Nerve_Tibial,DN,-0.9323,0.35116138891367715,3,3
CHMP3,Nerve_Tibial,DN,2.9802,0.002880653607532775,3,3
CHMP4B,Nerve_Tibial,DN,1.1959,0.23175260450286608,1,1
CHMP6,Nerve_Tibial,DN,1.7171,0.08596838818677163,2,2
CLNS1A,Nerve_Tibial,DN,-0.8858,0.37574131659572796,1,1
CLPP,Nerve_Tibial,DN,40.1341,0.0,2,2
CMPK1,Nerve_Tibial,DN,-0.9581,0.3379899673920515,2,2
CNBP,Nerve_Tibial,DN,1.6692,0.0950691670849378,1,1
CNOT11,Nerve_Tibial,DN,4.4223,9.764930792908203e-06,2,2
CNPPD1,Nerve_Tibial,DN,-6.892,5.500813580524432e-12,3,3
COG3,Nerve_Tibial,DN,-0.9429,0.3457164603738559,2,1
COG7,Nerve_Tibial,DN,-15.6121,6.021360687612093e-55,1,1
COMMD7,Nerve_Tibial,DN,1.4295,0.15287444359523772,1,1
COMT,Nerve_Tibial,DN,-5.5756,2.4672878661374535e-08,4,4
COPA,Nerve_Tibial,DN,-0.2136,0.8308652690530125,2,2
COPE,Nerve_Tibial,DN,0.58,0.5619382100913948,1,1
COPS6,Nerve_Tibial,DN,22.0375,1.259705932237429e-107,2,1
COQ5,Nerve_Tibial,DN,-0.727,0.4672262002650977,4,3
COX15,Nerve_Tibial,DN,-4.3478,1.375376848982285e-05,1,1
COX17,Nerve_Tibial,DN,-5.3237,1.0165916657572847e-07,3,3
CREBBP,Nerve_Tibial,DN,-8.1231,4.545091243457954e-16,1,1
CRK,Nerve_Tibial,DN,-0.0873,0.9304306131298616,2,2
CRTC3,Nerve_Tibial,DN,-4.3038,1.6790865508907728e-05,2,2
CSNK1A1,Nerve_Tibial,DN,-4.2556,2.0844323360138598e-05,1,1
CSNK1D,Nerve_Tibial,DN,-1.123,0.26145823645718297,2,1
CSNK2A2,Nerve_Tibial,DN,-0.1596,0.873230350463832,1,1
CSNK2B,Nerve_Tibial,DN,-8.4834,2.1868913180202696e-17,1,1
CTBP1,Nerve_Tibial,DN,0.5845,0.5589014443365656,3,2
CTDNEP1,Nerve_Tibial,DN,-2.8134,0.0049020660649705654,1,1
CTNNB1,Nerve_Tibial,DN,1.2939,0.19570893672760759,1,1
CUL1,Nerve_Tibial,DN,0.7917,0.4285157353313123,1,1
CUL3,Nerve_Tibial,DN,3.2038,0.0013562228974048664,1,1
CYB5B,Nerve_Tibial,DN,1.7714,0.07648891518862125,2,2
DAD1,Nerve_Tibial,DN,-1.9101,0.05612511808202985,1,1
DARS,Nerve_Tibial,DN,9.4715,2.7574288627420782e-21,2,2
DCAF15,Nerve_Tibial,DN,-1.7727,0.07628443407821058,1,1
DCTN2,Nerve_Tibial,DN,1.5525,0.12055238827395559,1,1
DCTN4,Nerve_Tibial,DN,7.5024,6.264365354903318e-14,1,1
DEAF1,Nerve_Tibial,DN,2.2593,0.023864752197202247,1,1
DENND6A,Nerve_Tibial,DN,0.4241,0.6714821550073901,3,3
DNAJA1,Nerve_Tibial,DN,-2.3685,0.017859043062331843,3,1
DNAJA2,Nerve_Tibial,DN,-8.2988,1.0515069771436227e-16,1,1
DNAJA3,Nerve_Tibial,DN,1.1391,0.2546544430790964,2,2
DNAJB6,Nerve_Tibial,DN,3.1172,0.0018259538465929834,3,3
DNAJC3,Nerve_Tibial,DN,0.9482,0.34300561027226517,2,2
DNAJC4,Nerve_Tibial,DN,-0.2404,0.8099840722242357,2,2
DNAJC8,Nerve_Tibial,DN,12.4992,7.540581602490514e-36,2,1
DNAJC9,Nerve_Tibial,DN,3.0425,0.002346497346773034,1,1
DNLZ,Nerve_Tibial,DN,18.0585,6.758951621891934e-73,5,2
DNTTIP1,Nerve_Tibial,DN,0.1199,0.9045540815603365,2,2
DYNC1LI1,Nerve_Tibial,DN,1.0493,0.29405278521082817,3,1
DYNLRB1,Nerve_Tibial,DN,-1.5549,0.1199752942779543,2,1
E2F4,Nerve_Tibial,DN,3.7,0.00021563133660152878,2,2
EAPP,Nerve_Tibial,DN,-0.6156,0.5381590805606853,1,1
EGLN2,Nerve_Tibial,DN,-41.3174,0.0,3,2
ELOF1,Nerve_Tibial,DN,-1.6867,0.09165702752718921,1,1
EMC2,Nerve_Tibial,DN,-0.9016,0.3672593948651373,2,2
EMC4,Nerve_Tibial,DN,-3.8494,0.0001184080687014775,2,2
EMC6,Nerve_Tibial,DN,0.3941,0.6935106387263408,1,1
EMC7,Nerve_Tibial,DN,0.6645,0.5063888212658482,2,2
EMC8,Nerve_Tibial,DN,-2.4272,0.015216810703705516,1,1
EPN1,Nerve_Tibial,DN,0.918,0.3585973768090228,2,1
ERGIC1,Nerve_Tibial,DN,-6.9028,5.098289395588347e-12,2,2
ERGIC3,Nerve_Tibial,DN,1.839,0.06591995846174428,1,1
ERH,Nerve_Tibial,DN,-0.2172,0.8280882300846778,2,2
ERI3,Nerve_Tibial,DN,-1.7554,0.0791843534046599,1,1
ERP29,Nerve_Tibial,DN,6.2805,3.37554125974762e-10,1,1
ETF1,Nerve_Tibial,DN,13.6349,2.4839616450391836e-42,1,1
FAM122A,Nerve_Tibial,DN,5.4832,4.176456546436561e-08,1,1
FAM160B1,Nerve_Tibial,DN,1.2333,0.21746081509043688,1,1
FAM192A,Nerve_Tibial,DN,15.8265,2.0426674983349878e-56,3,3
FAM20B,Nerve_Tibial,DN,-0.9398,0.34732199631138044,3,3
FBL,Nerve_Tibial,DN,0.6211,0.5345311188076602,1,1
FBXL3,Nerve_Tibial,DN,0.9298,0.3524657349787061,1,1
FBXO28,Nerve_Tibial,DN,-0.8193,0.41260015147869544,1,1
FBXO42,Nerve_Tibial,DN,0.7693,0.44169555436592767,1,1
FBXW4,Nerve_Tibial,DN,1.1263,0.2600459385898684,1,1
FCF1,Nerve_Tibial,DN,-4.4858,7.262649538197626e-06,2,1
FIBP,Nerve_Tibial,DN,3.048,0.0023033407964031713,1,1
FIS1,Nerve_Tibial,DN,-14.2673,3.5006219289902325e-46,1,1
FLCN,Nerve_Tibial,DN,0.6421,0.520801494141674,3,3
FRG1,Nerve_Tibial,DN,-1.5901,0.11181255633320833,2,1
FTSJ3,Nerve_Tibial,DN,0.7765,0.4374466057701445,2,2
FUBP3,Nerve_Tibial,DN,7.9663,1.6349124636293653e-15,2,2
G6PC3,Nerve_Tibial,DN,2.2108,0.02704916943494945,2,1
GABARAPL2,Nerve_Tibial,DN,0.0172,0.98630949726641,2,1
GATAD1,Nerve_Tibial,DN,8.4475,2.975185977914269e-17,5,3
GATAD2B,Nerve_Tibial,DN,1.1484,0.25080011613281405,2,1
GBF1,Nerve_Tibial,DN,-1.2386,0.2154965889149253,1,1
GDI2,Nerve_Tibial,DN,-0.1579,0.8745421145792182,1,1
GID8,Nerve_Tibial,DN,-0.5203,0.6028304277732164,3,3
GLE1,Nerve_Tibial,DN,60.0486,0.0,3,3
GNB1,Nerve_Tibial,DN,0.0937,0.9253407448986797,1,1
GNL2,Nerve_Tibial,DN,0.1096,0.9127089589766116,1,1
GNPAT,Nerve_Tibial,DN,-0.0105,0.991597722503412,2,2
GNPTG,Nerve_Tibial,DN,7.3062,2.7474239819518134e-13,4,3
GOLGA3,Nerve_Tibial,DN,-7.9371,2.070081201337283e-15,3,3
GOLGA4,Nerve_Tibial,DN,0.2541,0.7994072654166855,1,1
GOLPH3,Nerve_Tibial,DN,-7.8513,4.117483205736328e-15,1,1
GORASP2,Nerve_Tibial,DN,-2.5548,0.010623668822306084,1,1
GOSR2,Nerve_Tibial,DN,-3.411,0.0006473092472085468,2,2
GPBP1,Nerve_Tibial,DN,-3.1943,0.001401655289913181,1,1
GPI,Nerve_Tibial,DN,-0.2486,0.8036763139901433,1,1
GSK3A,Nerve_Tibial,DN,4.6762,2.9221931913601352e-06,1,1
GSPT1,Nerve_Tibial,DN,2.6832,0.007291716900879395,1,1
GSTO1,Nerve_Tibial,DN,-6.5662,5.1611285042480353e-11,2,2
GTF2E2,Nerve_Tibial,DN,-0.3783,0.7051943184171122,1,1
GTF2F1,Nerve_Tibial,DN,-5.1472,2.643680236251862e-07,3,3
GTF2F2,Nerve_Tibial,DN,-11.4266,3.078902956524239e-30,1,1
GTF3A,Nerve_Tibial,DN,-2.8137,0.004897776650208534,1,1
GTF3C3,Nerve_Tibial,DN,-0.4996,0.6173829512180917,2,2
GTF3C6,Nerve_Tibial,DN,-4.366,1.2652856132960242e-05,1,1
GTPBP1,Nerve_Tibial,DN,87.8192,0.0,2,2
GUK1,Nerve_Tibial,DN,2.2179,0.026562021103418567,2,2
HAT1,Nerve_Tibial,DN,2.4118,0.01587402432112836,1,1
HDLBP,Nerve_Tibial,DN,5.3967,6.789490917710282e-08,3,2
HERPUD2,Nerve_Tibial,DN,0.0939,0.9251660332972833,1,1
HGS,Nerve_Tibial,DN,-1.3066,0.1913620379492389,1,1
HINT1,Nerve_Tibial,DN,0.7036,0.4817078443801895,2,2
HIPK1,Nerve_Tibial,DN,5.5505,2.8491253138606888e-08,2,2
HMGXB3,Nerve_Tibial,DN,-4.1327,3.585846412756916e-05,2,2
HNRNPM,Nerve_Tibial,DN,-6.0858,1.159352718624768e-09,2,1
HP1BP3,Nerve_Tibial,DN,-10.56,4.5647349731005973e-26,1,1
HSBP1,Nerve_Tibial,DN,-0.9205,0.3573320766699472,2,2
HSF1,Nerve_Tibial,DN,-4.9493,7.448212086200381e-07,1,1
HTT,Nerve_Tibial,DN,0.676,0.49903610661129627,2,1
IER3IP1,Nerve_Tibial,DN,-1.1026,0.27022035377299486,1,1
IK,Nerve_Tibial,DN,2.6657,0.007683839394761569,2,2
ILKAP,Nerve_Tibial,DN,-1.1335,0.256991087979012,1,1
INTS10,Nerve_Tibial,DN,-0.0214,0.9828982270839202,2,1
INTS12,Nerve_Tibial,DN,-3.3585,0.0007836604019676424,1,1
IPO8,Nerve_Tibial,DN,4.0931,4.256222307458033e-05,3,3
IPO9,Nerve_Tibial,DN,1.2817,0.19993050830288517,1,1
ITCH,Nerve_Tibial,DN,1.5048,0.13236678979248487,1,1
IWS1,Nerve_Tibial,DN,3.7868,0.00015261527385184123,1,1
JAGN1,Nerve_Tibial,DN,1.0552,0.29134830740742057,2,2
JAK1,Nerve_Tibial,DN,-3.269,0.001079160480919296,2,2
KARS,Nerve_Tibial,DN,-2.4938,0.012639962242112135,2,1
KAT8,Nerve_Tibial,DN,-1.7064,0.08792769405676515,3,3
KBTBD2,Nerve_Tibial,DN,-4.7398,2.1397428147721083e-06,2,2
KCMF1,Nerve_Tibial,DN,0.3389,0.7346489469308985,1,1
KCTD20,Nerve_Tibial,DN,-21.6539,5.582694349051938e-104,5,3
KDELR2,Nerve_Tibial,DN,-1.0178,0.30878297978600994,3,2
KDM1A,Nerve_Tibial,DN,-0.5405,0.588823503957761,1,1
KDM4B,Nerve_Tibial,DN,-8.8877,6.237490687492958e-19,1,1
KHSRP,Nerve_Tibial,DN,1.17,0.24201249260097632,1,1
KIF1BP,Nerve_Tibial,DN,3.4119,0.0006450868430024297,2,1
KPNA1,Nerve_Tibial,DN,-1.2331,0.21753622790076094,2,1
KPNA3,Nerve_Tibial,DN,-2.955,0.00312638164945419,2,2
KPNA4,Nerve_Tibial,DN,-0.723,0.469669277924062,2,2
KPNA6,Nerve_Tibial,DN,-2.1004,0.035690361751827694,1,1
KXD1,Nerve_Tibial,DN,0.3866,0.6990462453851722,2,1
LAMTOR5,Nerve_Tibial,DN,-0.4807,0.6307121681727743,3,2
LARP4B,Nerve_Tibial,DN,0.5435,0.5867899291997534,2,1
LDB1,Nerve_Tibial,DN,-0.8179,0.4133933708367817,1,1
LEMD2,Nerve_Tibial,DN,-4.8517,1.2238334938724e-06,4,4
LENG1,Nerve_Tibial,DN,-5.8911,3.835830038684403e-09,3,2
LENG8,Nerve_Tibial,DN,-2.7586,0.00580544650867257,1,1
LMAN2,Nerve_Tibial,DN,-0.194,0.8461724333079876,2,2
LMF2,Nerve_Tibial,DN,8.9184,4.731646367821354e-19,4,4
LONP1,Nerve_Tibial,DN,-0.6807,0.49604100911757476,3,2
LRPAP1,Nerve_Tibial,DN,0.6047,0.5453671771130322,2,1
LSM12,Nerve_Tibial,DN,-2.7264,0.006402737591338645,2,2
LSM14A,Nerve_Tibial,DN,-4.008,6.122269306491368e-05,1,1
LSM14B,Nerve_Tibial,DN,4.6851,2.7976208267654853e-06,2,2
MAN1A2,Nerve_Tibial,DN,1.294,0.19567101756744157,3,3
MAP2K1,Nerve_Tibial,DN,1.7864,0.07403247273793416,2,1
MAP2K2,Nerve_Tibial,DN,-6.8615,6.812854450932505e-12,2,2
MAPK1,Nerve_Tibial,DN,-2.3294,0.019838490632916168,2,2
MAPK1IP1L,Nerve_Tibial,DN,1.5295,0.1261505426842479,1,1
MAPRE1,Nerve_Tibial,DN,5.3189,1.0438940539318235e-07,2,2
MARCH5,Nerve_Tibial,DN,-2.2683,0.02330886956191221,1,1
MAX,Nerve_Tibial,DN,2.0612,0.03928533820198715,1,1
MCMBP,Nerve_Tibial,DN,3.1773,0.001486546647677529,2,1
MCRS1,Nerve_Tibial,DN,1.7262,0.08430496886358721,1,1
MEA1,Nerve_Tibial,DN,-1.3284,0.1840515061857978,1,1
MED10,Nerve_Tibial,DN,-2.2201,0.026414947731560185,2,2
MED21,Nerve_Tibial,DN,8.6608,4.686447237554403e-18,3,3
MED25,Nerve_Tibial,DN,-1.0171,0.30909952882076686,1,1
MED4,Nerve_Tibial,DN,3.1564,0.0015974774886101965,2,1
MED9,Nerve_Tibial,DN,0.4111,0.6810348297955877,1,1
METTL9,Nerve_Tibial,DN,-5.1798,2.2213508887497032e-07,2,1
MFSD14A,Nerve_Tibial,DN,-1.3089,0.19056762672395264,1,1
MGRN1,Nerve_Tibial,DN,-2.7927,0.005227194295716224,2,1
MKRN2,Nerve_Tibial,DN,-6.1074,1.0124537782921442e-09,2,2
MLEC,Nerve_Tibial,DN,21.9806,4.413605129836735e-107,3,3
MLF2,Nerve_Tibial,DN,-2.7966,0.005164951365374526,2,2
MORC2,Nerve_Tibial,DN,-0.3848,0.7003608089002697,2,2
MPHOSPH10,Nerve_Tibial,DN,-0.5658,0.5715122036984153,1,1
MRTO4,Nerve_Tibial,DN,6.3775,1.8004642700363748e-10,3,3
MSL1,Nerve_Tibial,DN,-2.3579,0.018380788911447985,1,1
MSL2,Nerve_Tibial,DN,1.0661,0.28638655531492924,2,2
MTCH1,Nerve_Tibial,DN,3.7,0.00021557818184060007,3,3
MTDH,Nerve_Tibial,DN,-4.4201,9.863837163571185e-06,1,1
MYCBP2,Nerve_Tibial,DN,-8.3158,9.117170074426756e-17,1,1
MYDGF,Nerve_Tibial,DN,9.1392,6.290271555943399e-20,2,2
NACA,Nerve_Tibial,DN,0.3018,0.7627736438584075,2,2
NAP1L1,Nerve_Tibial,DN,1.8087,0.07049798495351349,1,1
NAP1L4,Nerve_Tibial,DN,-4.222,2.421117906289911e-05,2,2
NAPA,Nerve_Tibial,DN,-0.9922,0.3210966734133542,2,1
NAPG,Nerve_Tibial,DN,-1.3555,0.17525285754565875,3,3
NARS,Nerve_Tibial,DN,1.708,0.08762855499788902,1,1
NCBP1,Nerve_Tibial,DN,0.4815,0.630151691602051,2,2
NDUFAF2,Nerve_Tibial,DN,1.367,0.1716151725145606,2,2
NDUFB8,Nerve_Tibial,DN,-3.1729,0.0015089856749583767,1,1
NELFB,Nerve_Tibial,DN,0.7626,0.4456795076696878,2,2
NFYB,Nerve_Tibial,DN,2.6005,0.009309456096603597,1,1
NGDN,Nerve_Tibial,DN,-25.7273,5.785503473419536e-146,2,2
NMD3,Nerve_Tibial,DN,-2.8701,0.004102804860374228,2,1
NOP9,Nerve_Tibial,DN,4.7326,2.216329985533532e-06,1,1
NOSIP,Nerve_Tibial,DN,-3.7811,0.0001561331223381454,1,1
NPEPPS,Nerve_Tibial,DN,3.1141,0.0018449117751179133,3,3
NPLOC4,Nerve_Tibial,DN,1.3143,0.1887345142614765,4,2
NRBP1,Nerve_Tibial,DN,-2.6286,0.008572827540223066,1,1
NSA2,Nerve_Tibial,DN,-5.4878,4.0698042715489913e-08,2,2
NSMCE1,Nerve_Tibial,DN,-0.6439,0.5196252689901404,2,2
NSMCE4A,Nerve_Tibial,DN,2.0754,0.03795329803825763,3,3
NUCKS1,Nerve_Tibial,DN,1.4802,0.13883298311211728,1,1
NUDC,Nerve_Tibial,DN,5.1769,2.2555078214076042e-07,3,1
NUDT16L1,Nerve_Tibial,DN,-4.6417,3.4548752235766877e-06,1,1
NUDT21,Nerve_Tibial,DN,-5.162,2.443830689417507e-07,2,2
NUDT9,Nerve_Tibial,DN,0.051,0.9593461568606514,1,1
NUFIP2,Nerve_Tibial,DN,-2.81,0.004953776616563053,2,2
NUMA1,Nerve_Tibial,DN,-2.1601,0.030761116443651912,2,2
NUP133,Nerve_Tibial,DN,4.9655,6.853559629888612e-07,2,2
NUS1,Nerve_Tibial,DN,-6.0115,1.8382756675919274e-09,1,1
OS9,Nerve_Tibial,DN,0.2987,0.765163532537162,1,1
OTUB1,Nerve_Tibial,DN,-7.8387,4.553388119483288e-15,2,2
OXSR1,Nerve_Tibial,DN,-10.5644,4.355416008290613e-26,2,2
PA2G4,Nerve_Tibial,DN,-1.0872,0.2769297498644064,1,1
PACS1,Nerve_Tibial,DN,0.6697,0.5030552584277262,1,1
PACSIN2,Nerve_Tibial,DN,-2.0432,0.041031246751490995,2,2
PAF1,Nerve_Tibial,DN,5.6728,1.404922901733095e-08,1,1
PAFAH1B1,Nerve_Tibial,DN,13.6951,1.0867950281513145e-42,2,1
PAFAH1B2,Nerve_Tibial,DN,-16.5767,1.0270615456139003e-61,3,2
PARK7,Nerve_Tibial,DN,-2.5992,0.009343851283935473,3,3
PARN,Nerve_Tibial,DN,-11.4868,1.5367298543029255e-30,2,1
PARP1,Nerve_Tibial,DN,-0.635,0.5254256215608124,3,3
PATL1,Nerve_Tibial,DN,194.9284,0.0,2,2
PCGF3,Nerve_Tibial,DN,2.6689,0.007610802673892228,4,4
PCIF1,Nerve_Tibial,DN,-0.2548,0.7988591020777538,1,1
PCMT1,Nerve_Tibial,DN,0.3723,0.709661069506542,3,2
PCMTD2,Nerve_Tibial,DN,-4.0061,6.173576385433089e-05,4,4
PCYOX1,Nerve_Tibial,DN,11.2131,3.5168610695562903e-29,1,1
PDAP1,Nerve_Tibial,DN,-0.2414,0.8092361923836855,1,1
PFDN2,Nerve_Tibial,DN,-1.6855,0.09189622972596458,1,1
PGAM5,Nerve_Tibial,DN,-4.5048,6.644971570891348e-06,3,3
PGRMC2,Nerve_Tibial,DN,5.0036,5.627859664966838e-07,2,2
PHF12,Nerve_Tibial,DN,-1.1329,0.2572696300759621,1,1
PHRF1,Nerve_Tibial,DN,-2.3836,0.017143249528110673,3,1
PIGH,Nerve_Tibial,DN,-6.5077,7.631047127014724e-11,3,2
PMPCA,Nerve_Tibial,DN,-4.2778,1.887879020823046e-05,2,2
PNO1,Nerve_Tibial,DN,0.8454,0.3978610448867511,1,1
POFUT1,Nerve_Tibial,DN,1.094,0.2739466123317141,2,1
POLD2,Nerve_Tibial,DN,4570.305,0.0,3,3
POLE3,Nerve_Tibial,DN,7.9573,1.7581817227591075e-15,1,1
POLR2C,Nerve_Tibial,DN,-0.7137,0.47538444337549923,2,2
POLR2K,Nerve_Tibial,DN,-0.5968,0.5506161801439735,1,1
POP7,Nerve_Tibial,DN,6.1734,6.683754936774662e-10,1,1
PPID,Nerve_Tibial,DN,3.2763,0.001051706662018945,2,2
PPP1R11,Nerve_Tibial,DN,3.8971,9.73602666414653e-05,3,2
PPP1R37,Nerve_Tibial,DN,2.2314,0.025652406915443127,2,2
PPP2CB,Nerve_Tibial,DN,-112.7201,0.0,2,2
PPP2R5A,Nerve_Tibial,DN,-7.6379,2.2072496586598108e-14,3,3
PPP2R5E,Nerve_Tibial,DN,-5.0576,4.2447002739872406e-07,2,2
PPP5C,Nerve_Tibial,DN,-2.7847,0.0053572547054902475,3,3
PPP6C,Nerve_Tibial,DN,0.2583,0.7961687128973025,1,1
PPP6R1,Nerve_Tibial,DN,-1.628,0.10351839420845454,3,3
PPP6R2,Nerve_Tibial,DN,-1.7646,0.07763479788993119,2,2
PPT1,Nerve_Tibial,DN,2.2615,0.02372917913294204,2,1
PPTC7,Nerve_Tibial,DN,11.5744,5.55771195371666e-31,1,1
PRCC,Nerve_Tibial,DN,-1.8319,0.06696290106652604,2,1
PRDM4,Nerve_Tibial,DN,-1.9389,0.052509308435574845,3,3
PRDX5,Nerve_Tibial,DN,0.0312,0.9751028932059131,4,4
PREB,Nerve_Tibial,DN,-2.32,0.020338990019002166,1,1
PREP,Nerve_Tibial,DN,-5.5392,3.0387730979832156e-08,3,3
PRKAA1,Nerve_Tibial,DN,2.0489,0.04046862868036994,1,1
PRKAR1A,Nerve_Tibial,DN,6.022,1.722814137068155e-09,2,2
PRKAR2A,Nerve_Tibial,DN,4.5301,5.896132832242905e-06,1,1
PRKCSH,Nerve_Tibial,DN,-0.3757,0.7071336988233712,2,2
PRKRA,Nerve_Tibial,DN,12.7646,2.5859286905106034e-37,2,1
PRPF19,Nerve_Tibial,DN,-0.8683,0.3852093987385478,1,1
PRPSAP1,Nerve_Tibial,DN,-2.9098,0.0036168319576879502,4,3
PSMA2,Nerve_Tibial,DN,4.3687,1.2499895126911943e-05,1,1
PSMA6,Nerve_Tibial,DN,-1.3365,0.18137048018242533,2,2
PSMA7,Nerve_Tibial,DN,-7.199,6.064723211007499e-13,2,2
PSMB1,Nerve_Tibial,DN,1.0314,0.30234198748628927,1,1
PSMB4,Nerve_Tibial,DN,0.8833,0.37709278250319145,1,1
PSMB7,Nerve_Tibial,DN,0.9982,0.31819325701979495,1,1
PSMC1,Nerve_Tibial,DN,-1.5406,0.12341669132475669,2,2
PSMC3,Nerve_Tibial,DN,1.7088,0.0874795940175552,3,3
PSMC5,Nerve_Tibial,DN,-2.9473,0.003205561288357425,2,2
PSMD11,Nerve_Tibial,DN,-0.2879,0.7734311338149429,1,1
PSMD3,Nerve_Tibial,DN,-2.2684,0.02330723629457476,2,2
PSMD4,Nerve_Tibial,DN,-2.4546,0.014104396030756125,3,2
PSMD8,Nerve_Tibial,DN,2.3421,0.01917452542119449,2,2
PSMG3,Nerve_Tibial,DN,-7.2545,4.032726696542628e-13,1,1
PTPN11,Nerve_Tibial,DN,-0.7877,0.43084419108449773,2,1
PTRH2,Nerve_Tibial,DN,-3.9549,7.656923744518273e-05,2,2
PUM2,Nerve_Tibial,DN,0.6291,0.5292954567918735,1,1
PURB,Nerve_Tibial,DN,-0.2716,0.7859077502082485,1,1
PWP1,Nerve_Tibial,DN,5.2932,1.2021629424963745e-07,2,2
PWP2,Nerve_Tibial,DN,-5.0445,4.5472722289030133e-07,3,3
QRICH1,Nerve_Tibial,DN,2.8835,0.0039334369170749076,2,2
R3HCC1,Nerve_Tibial,DN,3.9985,6.375681783363797e-05,1,1
RAB11A,Nerve_Tibial,DN,1.0997,0.2714501435707929,2,2
RAB11B,Nerve_Tibial,DN,-2.0266,0.04270121026433509,1,1
RAB2A,Nerve_Tibial,DN,2.0889,0.03671943787739151,1,1
RAB35,Nerve_Tibial,DN,-2.4055,0.016151948377905578,1,1
RAB3GAP1,Nerve_Tibial,DN,2.5999,0.009324973965261135,1,1
RAB5A,Nerve_Tibial,DN,-0.1414,0.8875186951791952,2,1
RAB6A,Nerve_Tibial,DN,1.9645,0.049473232871774735,3,3
RABGGTB,Nerve_Tibial,DN,2.7582,0.005812807735225826,3,2
RAC1,Nerve_Tibial,DN,-1.5711,0.11616983179844231,3,3
RAD23A,Nerve_Tibial,DN,-1.9701,0.0488321772952798,1,1
RAD23B,Nerve_Tibial,DN,-6.7289,1.709770485093404e-11,3,3
RALA,Nerve_Tibial,DN,5.2315,1.6817960454717509e-07,1,1
RALBP1,Nerve_Tibial,DN,-1.4936,0.1352901658738142,2,2
RALY,Nerve_Tibial,DN,20.1147,5.484486148700034e-90,1,1
RANBP1,Nerve_Tibial,DN,8.5433,1.3044602863842664e-17,1,1
RANBP2,Nerve_Tibial,DN,11.6928,1.3876816550087833e-31,2,2
RANBP9,Nerve_Tibial,DN,1.6464,0.09968792464535371,1,1
RANGAP1,Nerve_Tibial,DN,157.5635,0.0,3,2
RARS2,Nerve_Tibial,DN,1.8412,0.06559940417313413,3,3
RBCK1,Nerve_Tibial,DN,-3.8272,0.0001296183408073455,3,3
RBM42,Nerve_Tibial,DN,-18.7254,3.0740258516202855e-78,1,1
RBM8A,Nerve_Tibial,DN,-6.7906,1.117006219476789e-11,2,1
RBX1,Nerve_Tibial,DN,5.7065,1.1534244414877612e-08,1,1
RER1,Nerve_Tibial,DN,-3.3153,0.0009153484708186176,2,2
RERE,Nerve_Tibial,DN,-4.0875,4.3611898669953726e-05,1,1
RGP1,Nerve_Tibial,DN,1.447,0.14789891917591474,2,2
RHBDD2,Nerve_Tibial,DN,46.5669,0.0,2,2
RHOT2,Nerve_Tibial,DN,-1.1712,0.24152069578771243,3,2
RING1,Nerve_Tibial,DN,5.0578,4.240611924431628e-07,1,1
RMND5A,Nerve_Tibial,DN,-0.4472,0.6547567375922269,1,1
RNF139,Nerve_Tibial,DN,1.6608,0.09675513657879364,1,1
RNF167,Nerve_Tibial,DN,-2.5253,0.011558347220620921,2,1
RNF168,Nerve_Tibial,DN,0.2592,0.7954446310488292,3,3
RNF20,Nerve_Tibial,DN,0.0664,0.9470601436164381,1,1
RNF216,Nerve_Tibial,DN,31.2468,2.4685491879023925e-214,2,2
RNPS1,Nerve_Tibial,DN,-0.3865,0.6990994041446315,2,2
RPA1,Nerve_Tibial,DN,-2.2056,0.02741217199417028,4,3
RPA2,Nerve_Tibial,DN,-7.5798,3.459707739720159e-14,2,2
RRP9,Nerve_Tibial,DN,0.6807,0.49609196860786364,1,1
RTCB,Nerve_Tibial,DN,-5.1732,2.301554365563917e-07,1,1
RTF1,Nerve_Tibial,DN,-75.5185,0.0,2,2
RUVBL1,Nerve_Tibial,DN,1.8974,0.057776260861353734,1,1
SAR1A,Nerve_Tibial,DN,-1.8611,0.06272632289731603,2,2
SARNP,Nerve_Tibial,DN,-1.8476,0.06466038078224709,2,2
SARS,Nerve_Tibial,DN,11.1647,6.06965768213023e-29,1,1
SART3,Nerve_Tibial,DN,2.0052,0.04493690249814536,1,1
SAV1,Nerve_Tibial,DN,2.073,0.03816783698379021,3,2
SBDS,Nerve_Tibial,DN,-6.8382,8.01984796242719e-12,2,2
SCYL1,Nerve_Tibial,DN,-5.992,2.0723565916531845e-09,1,1
SCYL2,Nerve_Tibial,DN,-8.3087,9.67906846717404e-17,3,3
SDHAF2,Nerve_Tibial,DN,-1.3822,0.16689558903436308,2,1
SEC13,Nerve_Tibial,DN,0.2085,0.8348666580141239,2,1
SEC24B,Nerve_Tibial,DN,-3.4484,0.0005639949528310444,1,1
SEC31A,Nerve_Tibial,DN,-1.4453,0.14837763111145336,1,1
SEC62,Nerve_Tibial,DN,2.6648,0.00770299308156809,2,1
SENP2,Nerve_Tibial,DN,-3.4022,0.0006684463774799274,2,2
SENP5,Nerve_Tibial,DN,1.3217,0.1862536251210187,1,1
SETD5,Nerve_Tibial,DN,-2.1142,0.03450220962262208,1,1
SF1,Nerve_Tibial,DN,-2.0601,0.03938809095532927,2,1
SF3A2,Nerve_Tibial,DN,-2.8784,0.003996383150826548,2,1
SF3A3,Nerve_Tibial,DN,0.4693,0.6388765438979829,3,2
SF3B1,Nerve_Tibial,DN,-3.9823,6.824433402269434e-05,1,1
SF3B4,Nerve_Tibial,DN,0.4852,0.6275659095238559,1,1
SF3B6,Nerve_Tibial,DN,7.9426,1.9802428579039673e-15,1,1
SGTA,Nerve_Tibial,DN,0.6575,0.5108474667552667,1,1
SHARPIN,Nerve_Tibial,DN,-3.5108,0.0004467032857297955,1,1
SKP1,Nerve_Tibial,DN,-6.2541,3.998213992595536e-10,2,1
SLIRP,Nerve_Tibial,DN,-3.7874,0.00015224950406320881,2,2
SLTM,Nerve_Tibial,DN,5.3589,8.370895388336322e-08,2,1
SLU7,Nerve_Tibial,DN,1.0495,0.2939677251296464,2,1
SMAP1,Nerve_Tibial,DN,-8.5312,1.4481846357089754e-17,1,1
SMARCB1,Nerve_Tibial,DN,-3.0225,0.002506775176966972,2,2
SMDT1,Nerve_Tibial,DN,2.1791,0.029320715554741583,3,3
SMPD1,Nerve_Tibial,DN,1.3412,0.17985868474539732,2,1
SMYD5,Nerve_Tibial,DN,3.32,0.0009001575215537168,2,2
SNAP29,Nerve_Tibial,DN,-1.5579,0.11925520418164101,3,3
SNAPIN,Nerve_Tibial,DN,-1.1848,0.2361005742527122,1,1
SND1,Nerve_Tibial,DN,2.9553,0.00312368601394867,1,1
SNF8,Nerve_Tibial,DN,1.8443,0.06513515952422329,1,1
SNRNP35,Nerve_Tibial,DN,-2.0399,0.04136016792778707,2,2
SNRNP70,Nerve_Tibial,DN,-0.2099,0.8337663054512326,3,2
SNRPA,Nerve_Tibial,DN,0.095,0.9243456208651297,1,1
SNX1,Nerve_Tibial,DN,-1.3142,0.18877109515114515,2,2
SNX19,Nerve_Tibial,DN,3.6066,0.00031023090365622465,2,2
SNX3,Nerve_Tibial,DN,-1.7435,0.08125321817444994,2,1
SP1,Nerve_Tibial,DN,-0.52,0.6030944005042809,2,2
SP2,Nerve_Tibial,DN,2.9474,0.0032047840629880696,2,2
SPAG7,Nerve_Tibial,DN,4.6376,3.524282854052598e-06,4,4
SPAG9,Nerve_Tibial,DN,0.1839,0.854071340160503,1,1
SPPL3,Nerve_Tibial,DN,-5.1586,2.488005484428942e-07,3,1
SPTSSA,Nerve_Tibial,DN,-1.0878,0.27669368002286887,1,1
SRM,Nerve_Tibial,DN,-0.0847,0.9325219002988426,2,2
SRP14,Nerve_Tibial,DN,0.3077,0.7583015444044141,3,2
SRP9,Nerve_Tibial,DN,-0.0973,0.9224999757307256,3,2
SRSF3,Nerve_Tibial,DN,3.4849,0.0004923724979636365,1,1
SRSF6,Nerve_Tibial,DN,-1.9258,0.05412549119931477,1,1
SSNA1,Nerve_Tibial,DN,0.3142,0.7533443644782234,1,1
SSR2,Nerve_Tibial,DN,3.966,7.30904528264608e-05,2,1
SSR3,Nerve_Tibial,DN,0.8269,0.4082755446518322,1,1
SSRP1,Nerve_Tibial,DN,4.1448,3.4013340215200726e-05,1,1
ST13,Nerve_Tibial,DN,-0.3709,0.7107379089028829,1,1
STAT3,Nerve_Tibial,DN,-0.0257,0.9795250450603789,1,1
STAU1,Nerve_Tibial,DN,-3.0268,0.0024717747273468125,1,1
STK24,Nerve_Tibial,DN,-2.019,0.043490837266547004,1,1
STK38,Nerve_Tibial,DN,-7.4259,1.1205621805604366e-13,3,3
STRAP,Nerve_Tibial,DN,-0.5628,0.5735734043636878,1,1
STRN4,Nerve_Tibial,DN,4.6922,2.7025878462803945e-06,1,1
STUB1,Nerve_Tibial,DN,1.163,0.24484448656959282,2,1
STX4,Nerve_Tibial,DN,-1.4484,0.14751559410230886,1,1
STX5,Nerve_Tibial,DN,-13.0452,6.772320973910332e-39,1,1
STX8,Nerve_Tibial,DN,4.2377,2.2586350044269704e-05,2,1
SUGT1,Nerve_Tibial,DN,-6.054,1.4128904959770772e-09,1,1
SUPT6H,Nerve_Tibial,DN,1.6446,0.10005295775154492,1,1
SURF4,Nerve_Tibial,DN,-10.4569,1.3617356312690734e-25,2,2
SYF2,Nerve_Tibial,DN,5.8711,4.329518756776059e-09,1,1
TAB1,Nerve_Tibial,DN,0.8314,0.40573036904338206,2,2
TAF10,Nerve_Tibial,DN,-0.161,0.8721187827993477,1,1
TAOK2,Nerve_Tibial,DN,-3.3891,0.0007010997065985365,3,2
TARDBP,Nerve_Tibial,DN,-1.6118,0.10699991756191057,1,1
TBCA,Nerve_Tibial,DN,1.7696,0.07678551113390102,2,1
TBCB,Nerve_Tibial,DN,-1.1797,0.23812238144264714,1,1
TBCD,Nerve_Tibial,DN,-0.1925,0.8473813574283396,3,2
TBK1,Nerve_Tibial,DN,-3.7395,0.0001843692849313314,1,1
TBL1XR1,Nerve_Tibial,DN,-0.0447,0.9643714713280249,1,1
TCP1,Nerve_Tibial,DN,-1.165,0.24400969361157876,2,2
TERF2IP,Nerve_Tibial,DN,-0.3863,0.6993087269511826,2,1
TEX261,Nerve_Tibial,DN,1.5401,0.12353810380101685,4,3
THOC7,Nerve_Tibial,DN,-0.349,0.7270755816541263,2,2
THRAP3,Nerve_Tibial,DN,-4.601,4.203932746017747e-06,1,1
TIMM17A,Nerve_Tibial,DN,0.6483,0.5168035690034747,4,3
TMED1,Nerve_Tibial,DN,-1.3226,0.18597248881229206,1,1
TMED10,Nerve_Tibial,DN,0.3559,0.7218875577437168,2,1
TMED4,Nerve_Tibial,DN,-2.6929,0.007082989816714898,2,2
TMED9,Nerve_Tibial,DN,-1.1912,0.23356462826929517,4,3
TMEM101,Nerve_Tibial,DN,-11.3431,8.029422167333987e-30,2,2
TMEM127,Nerve_Tibial,DN,1.584,0.11319439123816573,2,2
TMEM165,Nerve_Tibial,DN,2.0763,0.03786423303249951,2,1
TMEM203,Nerve_Tibial,DN,3.7945,0.00014794950344658445,1,1
TMEM230,Nerve_Tibial,DN,0.3359,0.7369458942247672,2,2
TMEM245,Nerve_Tibial,DN,-0.3104,0.7562315601190944,3,3
TMEM248,Nerve_Tibial,DN,-5.2198,1.7912310224886525e-07,2,2
TMEM256,Nerve_Tibial,DN,9.519,1.7478732680559023e-21,3,2
TMEM258,Nerve_Tibial,DN,0.8597,0.38997419229031066,3,3
TMEM30A,Nerve_Tibial,DN,4.7239,2.31361644114742e-06,1,1
TMEM42,Nerve_Tibial,DN,-13.9704,2.362708572878839e-44,1,1
TMEM50A,Nerve_Tibial,DN,0.9086,0.3635652207075891,2,1
TMEM60,Nerve_Tibial,DN,-1.6346,0.10212601773757743,1,1
TMX3,Nerve_Tibial,DN,-2.2206,0.026377196429609066,2,1
TNKS2,Nerve_Tibial,DN,2.7185,0.006558270127275789,4,3
TOLLIP,Nerve_Tibial,DN,4.6474,3.3621725514526326e-06,2,2
TOMM20,Nerve_Tibial,DN,0.3551,0.7225031363308566,2,2
TOMM22,Nerve_Tibial,DN,2.5413,0.011044887252503325,2,1
TOMM70,Nerve_Tibial,DN,1.1446,0.25237240080638945,2,2
TOR1A,Nerve_Tibial,DN,-0.8927,0.37199471193531336,1,1
TOR1B,Nerve_Tibial,DN,10.0581,8.462009920248196e-24,3,3
TPP2,Nerve_Tibial,DN,2.389,0.016896304758029595,2,1
TRAM1,Nerve_Tibial,DN,1.502,0.13310613173530952,3,3
TRIP4,Nerve_Tibial,DN,-8.349,6.885669306968292e-17,3,2
TRMT112,Nerve_Tibial,DN,3.4652,0.0005298708466223662,2,2
TSPYL1,Nerve_Tibial,DN,-1.2594,0.20787937263514536,2,1
TTC37,Nerve_Tibial,DN,-3.4885,0.00048578419596906705,3,3
TUBG1,Nerve_Tibial,DN,-1.0003,0.3171483385783336,1,1
TXN2,Nerve_Tibial,DN,-1.2961,0.1949431981783623,1,1
TXNL1,Nerve_Tibial,DN,-3.0861,0.002028210092311607,1,1
U2AF2,Nerve_Tibial,DN,1.9351,0.052980216081925026,2,1
UBE2F,Nerve_Tibial,DN,1.1502,0.2500636871437491,2,2
UBE2I,Nerve_Tibial,DN,-2.3942,0.01665662774177815,3,2
UBE2Q1,Nerve_Tibial,DN,-0.2472,0.8047752512222699,1,1
UBE2Z,Nerve_Tibial,DN,-0.2387,0.8113033307863438,1,1
UBFD1,Nerve_Tibial,DN,4.6053,4.1195880572181005e-06,1,1
UBL5,Nerve_Tibial,DN,1.7269,0.08418007286687772,1,1
UBL7,Nerve_Tibial,DN,-15.9211,4.521948730673397e-57,2,1
UBP1,Nerve_Tibial,DN,-0.6039,0.5459005500000549,2,1
UBQLN1,Nerve_Tibial,DN,1.1426,0.2532216017465229,2,1
UBR4,Nerve_Tibial,DN,-3.7682,0.0001644302530596749,1,1
UFC1,Nerve_Tibial,DN,27.5899,1.471843406162233e-167,2,2
UFL1,Nerve_Tibial,DN,-1.7574,0.07884184638925197,3,3
UGP2,Nerve_Tibial,DN,7.3325,2.258464932898503e-13,1,1
UROD,Nerve_Tibial,DN,3.2532,0.0011413062681992095,2,2
USB1,Nerve_Tibial,DN,-2.6367,0.008371383605102466,1,1
USP14,Nerve_Tibial,DN,2.8785,0.003995604832817362,2,2
USP22,Nerve_Tibial,DN,-2.8998,0.003733958974468259,1,1
USP4,Nerve_Tibial,DN,1.8211,0.0685984018081588,1,1
USP48,Nerve_Tibial,DN,-9.229,2.73250299781337e-20,3,3
UTP18,Nerve_Tibial,DN,0.7929,0.42781365306021474,4,4
UTP3,Nerve_Tibial,DN,-0.0142,0.9886703659383604,2,1
VDAC1,Nerve_Tibial,DN,-0.2497,0.8028380122656816,2,2
VEZF1,Nerve_Tibial,DN,3.7636,0.00016748069539473354,2,2
VPS26B,Nerve_Tibial,DN,0.4715,0.6372736006036086,1,1
VPS29,Nerve_Tibial,DN,-2.4126,0.015841110793315957,1,1
VPS36,Nerve_Tibial,DN,0.0103,0.9918051452115983,1,1
VPS37C,Nerve_Tibial,DN,-3.0632,0.0021900891553165176,2,1
VPS52,Nerve_Tibial,DN,3.0928,0.0019826385225405713,1,1
VTI1B,Nerve_Tibial,DN,3.5778,0.0003464747535487113,2,1
WAC,Nerve_Tibial,DN,1.21,0.22628572396616536,3,1
WASL,Nerve_Tibial,DN,1.2536,0.20996996785180044,2,2
WDR45B,Nerve_Tibial,DN,1.9335,0.05317228584058584,4,2
WDR46,Nerve_Tibial,DN,3.5987,0.0003198529056978423,2,2
WDR55,Nerve_Tibial,DN,2.6835,0.007285448841252803,2,1
WDR83OS,Nerve_Tibial,DN,-12.9081,4.0531925834304427e-38,2,2
WHAMM,Nerve_Tibial,DN,2.3458,0.01898533281181383,2,2
WIPI2,Nerve_Tibial,DN,0.7144,0.47499244390257894,3,3
YARS,Nerve_Tibial,DN,0.7373,0.460947874669114,2,2
YIF1A,Nerve_Tibial,DN,1.46,0.14430256128028457,1,1
YIPF3,Nerve_Tibial,DN,0.8527,0.3938156261306686,2,1
YWHAB,Nerve_Tibial,DN,3.2179,0.0012912110377020565,2,2
YY1,Nerve_Tibial,DN,-0.9811,0.32653171342712833,1,1
ZC3H15,Nerve_Tibial,DN,6.4626,1.0294295949682859e-10,1,1
ZC3H18,Nerve_Tibial,DN,-3.785,0.00015371798302074276,1,1
ZC3H3,Nerve_Tibial,DN,2.3331,0.019644202066126683,3,3
ZDHHC6,Nerve_Tibial,DN,-2.0882,0.03677734718975913,2,2
ZDHHC7,Nerve_Tibial,DN,3.4828,0.0004961936626820036,2,2
ZFP91,Nerve_Tibial,DN,0.107,0.9148070940234948,1,1
ZFPL1,Nerve_Tibial,DN,-2.9377,0.003306944855318271,1,1
ZMAT2,Nerve_Tibial,DN,1.8201,0.06875043904712076,1,1
ZMPSTE24,Nerve_Tibial,DN,-2.6921,0.007100773230403643,2,2
ZNF330,Nerve_Tibial,DN,-0.2403,0.8101068338978687,2,1
ZNF777,Nerve_Tibial,DN,2.2451,0.024763467286655936,3,2
ZRANB1,Nerve_Tibial,DN,-5.1595,2.47608986872885e-07,1,1
ZRANB2,Nerve_Tibial,DN,-0.0212,0.9830608424955393,2,2
AAMP,Whole_Blood,DN,-1.5914,0.11151300668276934,1,1
AAR2,Whole_Blood,DN,4.5241,6.064765054161061e-06,1,1
AARS,Whole_Blood,DN,-4.5089,6.51715432315274e-06,1,1
AARSD1,Whole_Blood,DN,-7.0144,2.3100232142088127e-12,1,1
ABCF2,Whole_Blood,DN,4.9723,6.615908831107435e-07,3,2
ACBD3,Whole_Blood,DN,-2.2081,0.027236191671769095,1,1
ACBD6,Whole_Blood,DN,4.7734,1.8112516114237965e-06,1,1
ACTR1A,Whole_Blood,DN,3.2463,0.0011693516757056194,2,1
ACTR1B,Whole_Blood,DN,-1.7239,0.08472348774771891,2,2
ADH5,Whole_Blood,DN,0.2533,0.8000525215266803,3,1
ADIPOR2,Whole_Blood,DN,1.4216,0.15513066067457115,2,2
AGAP3,Whole_Blood,DN,-5.6646,1.4740099384250908e-08,4,4
AGGF1,Whole_Blood,DN,1.9876,0.046861165714769386,2,2
AIDA,Whole_Blood,DN,0.209,0.8344411806908614,1,1
AK2,Whole_Blood,DN,2.4467,0.014415495174270128,2,2
AK3,Whole_Blood,DN,7.7287,1.0869255604640386e-14,2,2
AKIRIN1,Whole_Blood,DN,-7.1979,6.114660529033647e-13,2,2
AKIRIN2,Whole_Blood,DN,-2.6603,0.007806197436215186,1,1
ALDH9A1,Whole_Blood,DN,-6.2275,4.738323580203416e-10,3,3
ALKBH5,Whole_Blood,DN,-0.6947,0.4872576267927102,2,2
AMFR,Whole_Blood,DN,-1.2387,0.21547449393445736,2,2
ANAPC2,Whole_Blood,DN,0.1998,0.8416370160894368,2,2
ANKLE2,Whole_Blood,DN,3.5733,0.00035249707131432034,4,3
ANKRD10,Whole_Blood,DN,2.2074,0.02728768749377524,3,3
ANKRD40,Whole_Blood,DN,-0.0555,0.9557140670339903,2,2
ANKS1A,Whole_Blood,DN,2.8977,0.0037589881063457326,1,1
ANP32B,Whole_Blood,DN,-0.0836,0.9333658856721496,2,1
AP2M1,Whole_Blood,DN,-5.879,4.127210019924954e-09,2,1
AP3M1,Whole_Blood,DN,0.8333,0.40468695891495293,2,2
APEH,Whole_Blood,DN,-4.7945,1.6311779312592453e-06,1,1
APH1A,Whole_Blood,DN,-0.1413,0.8876023608415458,1,1
API5,Whole_Blood,DN,0.1117,0.9110791020612238,2,2
ARCN1,Whole_Blood,DN,2.7914,0.005248029971992877,2,2
ARF4,Whole_Blood,DN,-4.3649,1.2715982014591436e-05,3,3
ARFGAP2,Whole_Blood,DN,5.9422,2.8127857642491494e-09,2,2
ARFGAP3,Whole_Blood,DN,-1.0746,0.28254448226899964,2,2
ARFGEF2,Whole_Blood,DN,0.5714,0.5677053089612146,2,2
ARHGAP1,Whole_Blood,DN,2.5926,0.00952470416239839,2,2
ARIH2,Whole_Blood,DN,-2.8075,0.004992024777206484,1,1
ARL1,Whole_Blood,DN,1.7267,0.08421906548956198,2,1
ARL14EP,Whole_Blood,DN,-0.8143,0.41547503265335467,1,1
ARL6IP1,Whole_Blood,DN,-0.6986,0.4847710403713373,2,2
ARL8B,Whole_Blood,DN,1.1276,0.259509895970001,1,1
ARPC2,Whole_Blood,DN,-1.1025,0.2702506696203763,3,3
ARPP19,Whole_Blood,DN,14.4086,4.566238765708599e-47,3,3
ASNSD1,Whole_Blood,DN,-0.8587,0.39050351337855865,1,1
ASXL1,Whole_Blood,DN,4.8406,1.294224040350814e-06,1,1
ATF6,Whole_Blood,DN,-14.1735,1.3363625151464617e-45,2,2
ATF6B,Whole_Blood,DN,44.6219,0.0,1,1
ATG101,Whole_Blood,DN,0.7556,0.4499186403146736,2,1
ATG3,Whole_Blood,DN,4.3365,1.4477544378721706e-05,1,1
B4GALT7,Whole_Blood,DN,1.8815,0.05990638995865139,2,2
BAD,Whole_Blood,DN,11.0975,1.2897242099887066e-28,1,1
BAG6,Whole_Blood,DN,12.2889,1.039529331904461e-34,2,2
BANF1,Whole_Blood,DN,-1.2994,0.19382076428773193,2,2
BAZ1B,Whole_Blood,DN,8.1187,4.710930498692533e-16,1,1
BCKDK,Whole_Blood,DN,2.145,0.03195291759410142,2,2
BFAR,Whole_Blood,DN,6.7454,1.526080993330593e-11,1,1
BLOC1S2,Whole_Blood,DN,0.9549,0.33961590490280946,3,3
BORCS7,Whole_Blood,DN,-6.3119,2.756430836353056e-10,3,3
BRD3,Whole_Blood,DN,-0.0937,0.9253185920727751,2,1
BRD4,Whole_Blood,DN,1.1453,0.25207514718502516,1,1
BRK1,Whole_Blood,DN,2.0183,0.043563599758396576,3,3
BSDC1,Whole_Blood,DN,2.7884,0.00529662467856067,1,1
BTBD1,Whole_Blood,DN,1.3552,0.17534842233575568,1,1
BUB3,Whole_Blood,DN,1.428,0.15328572864299445,1,1
BUD31,Whole_Blood,DN,5.0597,4.198421222231604e-07,2,2
BZW1,Whole_Blood,DN,-5.963,2.4767575747937e-09,2,2
C11ORF98,Whole_Blood,DN,-1.1942,0.23238038889042142,1,1
C14ORF119,Whole_Blood,DN,0.2821,0.7778694151969345,2,1
C16ORF70,Whole_Blood,DN,4.5424,5.562922869592228e-06,1,1
C6ORF120,Whole_Blood,DN,2.4858,0.012924782815595056,3,3
C9ORF78,Whole_Blood,DN,0.6568,0.5112887693963586,1,1
CAB39,Whole_Blood,DN,11.5081,1.2003565692714346e-30,2,1
CACTIN,Whole_Blood,DN,-0.9291,0.3528425738352265,3,3
CALR,Whole_Blood,DN,-0.4915,0.6230544512198608,2,2
CBX1,Whole_Blood,DN,0.801,0.4231264056343693,3,2
CBY1,Whole_Blood,DN,-9.3561,8.272810440671178e-21,2,2
CCAR2,Whole_Blood,DN,3.8989,9.662269995136908e-05,1,1
CCDC124,Whole_Blood,DN,-0.7376,0.4607829639780354,3,3
CCDC50,Whole_Blood,DN,-0.7603,0.44707690593353633,2,2
CCDC97,Whole_Blood,DN,3.7227,0.00019709148332133832,1,1
CCNI,Whole_Blood,DN,0.6101,0.5417888861803162,1,1
CCNK,Whole_Blood,DN,1.0363,0.3000514452493236,2,2
CCZ1,Whole_Blood,DN,1.0216,0.3069473022516677,4,3
CD2BP2,Whole_Blood,DN,11.1338,8.590915898099811e-29,2,2
CDC123,Whole_Blood,DN,1.3969,0.16244593798462262,1,1
CDC16,Whole_Blood,DN,-0.3491,0.7269829615567935,1,1
CDC26,Whole_Blood,DN,0.3212,0.7480648796344549,2,2
CDC37L1,Whole_Blood,DN,2.0293,0.04242348926109915,2,2
CDC42,Whole_Blood,DN,0.6235,0.5329669190503049,2,2
CDC42SE1,Whole_Blood,DN,-6.2932,3.1102052308583493e-10,1,1
CDKN1B,Whole_Blood,DN,-6.2774,3.4419647716136816e-10,1,1
CEBPZOS,Whole_Blood,DN,2.22,0.026419961861763396,1,1
CFDP1,Whole_Blood,DN,-0.1828,0.8549263690203844,3,1
CFL1,Whole_Blood,DN,-1.7838,0.0744520151183642,1,1
CGGBP1,Whole_Blood,DN,6.8148,9.439901688540839e-12,2,2
CHMP2A,Whole_Blood,DN,-2.0598,0.039415184560451046,2,2
CHMP2B,Whole_Blood,DN,0.8419,0.3998403615195167,4,4
CHMP3,Whole_Blood,DN,3.7221,0.0001976092674958543,3,3
CHMP4B,Whole_Blood,DN,1.9361,0.052850043564454385,2,2
CHMP6,Whole_Blood,DN,1.2547,0.20959171383676925,3,3
CHTOP,Whole_Blood,DN,-0.8655,0.3867914023275426,1,1
CIPC,Whole_Blood,DN,1.1201,0.2626702220291365,3,1
CLNS1A,Whole_Blood,DN,-0.8858,0.37574131659572796,1,1
CLPP,Whole_Blood,DN,2.602,0.00926818169888993,1,1
CNBP,Whole_Blood,DN,-1.3144,0.18871095535889187,1,1
CNOT11,Whole_Blood,DN,4.6344,3.5796943087101604e-06,2,2
COA5,Whole_Blood,DN,0.8483,0.39629230276036453,1,1
COA6,Whole_Blood,DN,0.4527,0.6507812193712222,3,2
COG7,Whole_Blood,DN,-15.6121,6.0213606876123284e-55,1,1
COPA,Whole_Blood,DN,0.2766,0.7820558731227079,2,2
COPE,Whole_Blood,DN,3.2723,0.0010666301418883924,2,2
COPG1,Whole_Blood,DN,17.1062,1.3339299628990626e-65,1,1
COQ5,Whole_Blood,DN,-3.2559,0.0011304734997949922,3,3
COX15,Whole_Blood,DN,-4.3478,1.375376848982285e-05,1,1
COX17,Whole_Blood,DN,-0.1219,0.9029817545846547,1,1
CREBBP,Whole_Blood,DN,-8.1231,4.545091243457908e-16,1,1
CRTC3,Whole_Blood,DN,-1.561,0.11851873605387805,2,2
CSNK1A1,Whole_Blood,DN,0.6222,0.5338377237210883,1,1
CSNK1D,Whole_Blood,DN,-0.5299,0.5961553557740118,3,1
CSNK2A2,Whole_Blood,DN,-5.3358,9.510820324788512e-08,1,1
CSNK2B,Whole_Blood,DN,0.7549,0.4502925943847662,2,2
CTBP1,Whole_Blood,DN,2.566,0.01028678375714575,2,2
CTDNEP1,Whole_Blood,DN,-2.1703,0.029985552595756606,1,1
CTNNB1,Whole_Blood,DN,-1.6344,0.10216963823227901,1,1
CTNNBL1,Whole_Blood,DN,21.9731,5.21372796907044e-107,2,2
CUL1,Whole_Blood,DN,-0.2758,0.7826845449981356,2,2
CUL3,Whole_Blood,DN,-2.1295,0.03321287251996082,1,1
CUTA,Whole_Blood,DN,-13.0787,4.355999379394533e-39,2,2
CYB5B,Whole_Blood,DN,0.5035,0.6146234813814526,1,1
DAD1,Whole_Blood,DN,-4.7358,2.18229816742646e-06,2,1
DAP3,Whole_Blood,DN,3.4271,0.0006100011177770408,1,1
DARS,Whole_Blood,DN,1.8436,0.06524676461188332,2,2
DCAF12,Whole_Blood,DN,-3.7603,0.00016968200338994492,1,1
DCAF15,Whole_Blood,DN,0.4821,0.6297612590108993,1,1
DCTN2,Whole_Blood,DN,1.5525,0.12055238827395559,1,1
DCTN4,Whole_Blood,DN,7.4629,8.465013392547584e-14,1,1
DEAF1,Whole_Blood,DN,-3.2367,0.0012093558394132501,1,1
DENND6A,Whole_Blood,DN,1.2237,0.22106040206529703,2,2
DERL1,Whole_Blood,DN,-0.615,0.538546224704878,2,1
DNAJA1,Whole_Blood,DN,-1.6896,0.09109815617515667,2,1
DNAJA2,Whole_Blood,DN,-8.2988,1.0515069771436116e-16,1,1
DNAJA3,Whole_Blood,DN,2.0846,0.03710252579949031,1,1
DNAJB6,Whole_Blood,DN,2.691,0.007124869237970345,2,2
DNAJC13,Whole_Blood,DN,2.3254,0.020048068011932946,2,2
DNAJC3,Whole_Blood,DN,1.0816,0.2794269098564592,1,1
DNAJC4,Whole_Blood,DN,-2.0976,0.035942862568119384,2,2
DNAJC9,Whole_Blood,DN,3.0425,0.002346497346773034,1,1
DNLZ,Whole_Blood,DN,4.7083,2.497827029597044e-06,4,1
DNTTIP1,Whole_Blood,DN,0.9241,0.35544772737673913,2,2
DPY30,Whole_Blood,DN,-1.3064,0.1914186477360048,1,1
DYNC1LI1,Whole_Blood,DN,-1.0987,0.2719158745668571,3,1
E2F4,Whole_Blood,DN,3.2694,0.0010776215311798431,2,2
E4F1,Whole_Blood,DN,-0.5636,0.5730377237966955,1,1
EBAG9,Whole_Blood,DN,0.8406,0.40059155260071183,2,2
EBNA1BP2,Whole_Blood,DN,3.3835,0.0007156634869957036,2,1
EGLN2,Whole_Blood,DN,-11.1711,5.649995448395927e-29,4,3
ELOF1,Whole_Blood,DN,-1.6867,0.09165702752718916,2,1
EMC2,Whole_Blood,DN,1.181,0.23758531750920736,1,1
EMC3,Whole_Blood,DN,9.3737,7.003423704304049e-21,1,1
EMC4,Whole_Blood,DN,-2.3865,0.01700995049976051,2,2
EMC6,Whole_Blood,DN,0.3941,0.6935106387263408,1,1
EMC7,Whole_Blood,DN,8.0832,6.309194078446133e-16,1,1
EMC8,Whole_Blood,DN,-6.2568,3.9305027581726234e-10,2,2
EPN1,Whole_Blood,DN,-23.4559,1.1521219701177975e-121,2,2
ERGIC1,Whole_Blood,DN,-5.0597,4.1991007903587685e-07,1,1
ERGIC3,Whole_Blood,DN,6.7186,1.8345465683984484e-11,1,1
ERH,Whole_Blood,DN,3.3736,0.0007418348088544507,2,2
ERI3,Whole_Blood,DN,0.9585,0.3378092719164754,1,1
ERLEC1,Whole_Blood,DN,-15.6896,1.7811456163503456e-55,2,1
ERP29,Whole_Blood,DN,6.2805,3.37554125974762e-10,1,1
ETF1,Whole_Blood,DN,3.3826,0.0007180090793878784,1,1
FAM122A,Whole_Blood,DN,5.4832,4.176456546436532e-08,1,1
FAM160B1,Whole_Blood,DN,1.1178,0.26366731117368913,2,2
FAM168A,Whole_Blood,DN,-0.8645,0.3872950060456697,3,1
FAM192A,Whole_Blood,DN,20.7057,3.076493374948258e-95,2,2
FAM20B,Whole_Blood,DN,-0.3015,0.7630530558350734,1,1
FBL,Whole_Blood,DN,0.6211,0.5345311188076604,1,1
FBXL3,Whole_Blood,DN,-4.1756,2.972252127171879e-05,2,2
FBXO42,Whole_Blood,DN,0.7693,0.44169555436592767,1,1
FBXW4,Whole_Blood,DN,2.1153,0.03440213478272777,1,1
FCF1,Whole_Blood,DN,0.9737,0.33020124993800676,1,1
FEM1B,Whole_Blood,DN,-0.2224,0.8240358690588954,1,1
FIBP,Whole_Blood,DN,3.048,0.002303340796403166,1,1
FIZ1,Whole_Blood,DN,-0.3521,0.7247431086896317,1,1
FLCN,Whole_Blood,DN,2.7552,0.0058660410865949055,1,1
FTSJ3,Whole_Blood,DN,0.3621,0.717296581043184,2,2
FUBP3,Whole_Blood,DN,9.7096,2.745195213016622e-22,1,1
G3BP1,Whole_Blood,DN,2.0197,0.0434176019420154,1,1
G3BP2,Whole_Blood,DN,-3.5736,0.00035205946332511265,2,2
G6PC3,Whole_Blood,DN,2.2108,0.02704916943494945,2,1
GABARAPL2,Whole_Blood,DN,0.0172,0.98630949726641,2,1
GATAD1,Whole_Blood,DN,31.894,3.234666067875603e-223,2,2
GATAD2B,Whole_Blood,DN,-0.3051,0.7602994573490284,2,1
GBF1,Whole_Blood,DN,-1.2386,0.2154965889149253,1,1
GDI2,Whole_Blood,DN,0.228,0.819609710387263,2,2
GID8,Whole_Blood,DN,2.1882,0.028653855800064444,2,2
GNB1,Whole_Blood,DN,-2.58,0.009880499065089806,1,1
GNPAT,Whole_Blood,DN,0.8841,0.37661812739617345,1,1
GNPTG,Whole_Blood,DN,7.1676,7.629931871506574e-13,2,2
GOLGA3,Whole_Blood,DN,2.3852,0.017070309584849536,2,2
GOLGA4,Whole_Blood,DN,3.3513,0.0008042549205169122,1,1
GOLPH3,Whole_Blood,DN,-60.0684,0.0,3,3
GORASP2,Whole_Blood,DN,-1.5783,0.1145040535479665,1,1
GOSR2,Whole_Blood,DN,-1.0051,0.3148534780525705,2,1
GPI,Whole_Blood,DN,0.1347,0.8928191173885928,1,1
GPN2,Whole_Blood,DN,-2.8714,0.004086221993239842,2,2
GPN3,Whole_Blood,DN,2.42,0.015522362923218787,1,1
GSK3A,Whole_Blood,DN,4.6762,2.9221931913601352e-06,1,1
GSPT1,Whole_Blood,DN,10.5275,6.454179872805516e-26,2,2
GSTO1,Whole_Blood,DN,-1.773,0.07622747531772418,1,1
GTF2F1,Whole_Blood,DN,-3.891,9.98233675208442e-05,3,3
GTF2F2,Whole_Blood,DN,-11.4266,3.0789029565241497e-30,1,1
GTF3A,Whole_Blood,DN,-1.212,0.22550286624468485,2,2
GTF3C3,Whole_Blood,DN,-9.0466,1.47541262351014e-19,1,1
GTF3C6,Whole_Blood,DN,3.7824,0.00015531538717031163,1,1
GTPBP1,Whole_Blood,DN,10.7467,6.1391737863646426e-27,1,1
GUK1,Whole_Blood,DN,0.0035,0.9972258773405006,2,2
H3F3B,Whole_Blood,DN,0.4739,0.6355569254736466,2,2
HDLBP,Whole_Blood,DN,2.8381,0.00453879529019394,2,2
HERPUD2,Whole_Blood,DN,1.5449,0.1223725048458996,2,2
HGS,Whole_Blood,DN,-9.7168,2.555821157495286e-22,1,1
HINT1,Whole_Blood,DN,12.0917,1.1681189779030737e-33,1,1
HIPK1,Whole_Blood,DN,1.5324,0.12543274194145865,3,2
HMGXB3,Whole_Blood,DN,-0.3128,0.7544503921302843,1,1
HNRNPD,Whole_Blood,DN,2.6244,0.00868046260700908,1,1
HP1BP3,Whole_Blood,DN,-0.0996,0.9206555052092232,1,1
HSBP1,Whole_Blood,DN,-1.0179,0.30871765317444855,1,1
HSF1,Whole_Blood,DN,0.9134,0.3610166941224613,2,1
HTT,Whole_Blood,DN,0.3699,0.7114487458582007,2,1
ICMT,Whole_Blood,DN,-14.679,8.787981030234842e-49,3,3
IER3IP1,Whole_Blood,DN,-2.0461,0.04074407344080861,2,2
IK,Whole_Blood,DN,1.1545,0.24831553011327426,2,1
ILKAP,Whole_Blood,DN,-5.2231,1.759580984482144e-07,2,2
INTS10,Whole_Blood,DN,0.5924,0.553573813653679,2,2
INTS12,Whole_Blood,DN,-3.3585,0.0007836604019676424,1,1
IPO8,Whole_Blood,DN,5.4589,4.7920396099647334e-08,2,2
IPO9,Whole_Blood,DN,3.4196,0.0006270313457117019,2,2
ISCU,Whole_Blood,DN,-11.7856,4.629360269295608e-32,3,2
IWS1,Whole_Blood,DN,5.6673,1.4505261465616526e-08,3,3
JAK1,Whole_Blood,DN,8.6967,3.4163273963396778e-18,2,2
JOSD1,Whole_Blood,DN,2.8538,0.004319939767437827,2,1
KARS,Whole_Blood,DN,-2.9323,0.003364677395822417,2,2
KAT8,Whole_Blood,DN,-1.4126,0.15777158688880114,2,2
KBTBD2,Whole_Blood,DN,-1.3349,0.18191947947100187,2,2
KCMF1,Whole_Blood,DN,0.3389,0.7346489469308985,1,1
KCTD20,Whole_Blood,DN,-4.3605,1.2978150392287516e-05,1,1
KCTD5,Whole_Blood,DN,-3.7201,0.00019916502931269762,2,1
KDELR2,Whole_Blood,DN,-1.4603,0.1442052446934692,2,1
KHSRP,Whole_Blood,DN,1.2028,0.229054911569467,1,1
KPNA1,Whole_Blood,DN,-53.2409,0.0,2,2
KPNA3,Whole_Blood,DN,2.6737,0.007502754164987514,1,1
KPNA4,Whole_Blood,DN,-1.1772,0.23912260944469613,1,1
KPNA6,Whole_Blood,DN,1.0104,0.3123260458861643,1,1
KXD1,Whole_Blood,DN,1.6668,0.09555311270794942,2,2
LAMTOR5,Whole_Blood,DN,-0.3942,0.6934402868238806,2,2
LARP1,Whole_Blood,DN,-0.3723,0.709669093810293,1,1
LARP4B,Whole_Blood,DN,-1.095,0.2735356886485399,1,1
LARS,Whole_Blood,DN,-1.9444,0.05184541006037028,1,1
LDB1,Whole_Blood,DN,-2.1969,0.028025586974041273,1,1
LEMD2,Whole_Blood,DN,-3.1514,0.0016248318351336703,2,2
LENG8,Whole_Blood,DN,2.19,0.02852614990997152,1,1
LMAN1,Whole_Blood,DN,1.2446,0.21326540757466386,1,1
LMAN2,Whole_Blood,DN,2.1243,0.03364330401812418,2,2
LMF2,Whole_Blood,DN,1.6357,0.10189948425966683,3,3
LONP1,Whole_Blood,DN,-0.9152,0.36010186004270356,2,1
LRRC41,Whole_Blood,DN,1.0107,0.31217436869650794,2,1
LSM12,Whole_Blood,DN,-9.0465,1.4760944811210732e-19,2,1
LSM14A,Whole_Blood,DN,1.3842,0.16628258497846635,1,1
LSM14B,Whole_Blood,DN,-3.7785,0.0001577947287010574,2,2
LSM4,Whole_Blood,DN,-17.3113,3.865130330925576e-67,3,3
LUC7L3,Whole_Blood,DN,-0.3062,0.7594866168942129,1,1
MAN1A2,Whole_Blood,DN,-5.9674,2.410433564544705e-09,1,1
MAP2K2,Whole_Blood,DN,-0.7572,0.44891363319553496,2,2
MAPK1IP1L,Whole_Blood,DN,2.2621,0.023693224624962476,2,1
MAPK8IP3,Whole_Blood,DN,2.9065,0.0036549199317689155,1,1
MARCH5,Whole_Blood,DN,2.5526,0.01069368974838201,2,2
MAU2,Whole_Blood,DN,-10.0908,6.064583545962967e-24,3,1
MAX,Whole_Blood,DN,4.6792,2.8802772984167082e-06,2,2
MCMBP,Whole_Blood,DN,3.8403,0.00012290085214301032,3,2
MEA1,Whole_Blood,DN,-1.3284,0.18405150618579783,1,1
MED10,Whole_Blood,DN,-0.6138,0.5393228882060358,2,2
MED21,Whole_Blood,DN,10.5728,3.982668774872146e-26,2,1
MED25,Whole_Blood,DN,-0.9639,0.33507853466420706,2,2
MED28,Whole_Blood,DN,0.208,0.8352595235162167,2,1
MED4,Whole_Blood,DN,-2.0355,0.041796839123411325,2,1
MED9,Whole_Blood,DN,0.6866,0.49232084500290724,1,1
METTL9,Whole_Blood,DN,-1.8774,0.06046252165171977,1,1
MFN2,Whole_Blood,DN,0.5995,0.548829136228574,5,2
MFSD14A,Whole_Blood,DN,-0.4698,0.638520227521103,2,2
MGRN1,Whole_Blood,DN,1.1252,0.2604998110189618,3,1
MKRN2,Whole_Blood,DN,-6.6826,2.3481280198525898e-11,3,3
MLEC,Whole_Blood,DN,-0.1381,0.8901297820765549,1,1
MLF2,Whole_Blood,DN,2.4721,0.013430891310826039,1,1
MORC2,Whole_Blood,DN,0.2723,0.785364982684007,1,1
MPHOSPH10,Whole_Blood,DN,-0.9268,0.3540464536432204,2,2
MRTO4,Whole_Blood,DN,3.1614,0.001570210593837958,1,1
MSL1,Whole_Blood,DN,-3.2256,0.001256980640550237,2,2
MTCH1,Whole_Blood,DN,-1.7185,0.08570544513840091,2,1
MTDH,Whole_Blood,DN,-4.4201,9.863837163571212e-06,1,1
MTOR,Whole_Blood,DN,-1.1871,0.23518383070765142,2,2
MTPN,Whole_Blood,DN,-3.3108,0.0009304106226252812,2,2
MYDGF,Whole_Blood,DN,7.5588,4.0686201095898725e-14,2,2
NACA,Whole_Blood,DN,-0.0565,0.9549480189262115,2,2
NAP1L1,Whole_Blood,DN,1.8087,0.07049798495351345,1,1
NAPA,Whole_Blood,DN,-0.9922,0.3210966734133542,1,1
NAPG,Whole_Blood,DN,-0.9167,0.3592934474715035,2,2
NARS,Whole_Blood,DN,1.8271,0.0676894041633223,2,2
NAT10,Whole_Blood,DN,8.2877,1.1545925069817638e-16,1,1
NCBP2,Whole_Blood,DN,9.7387,2.0622914371080418e-22,2,1
NCOA5,Whole_Blood,DN,4.0141,5.966106566776739e-05,1,1
NDUFAF2,Whole_Blood,DN,1.7411,0.08166522913095584,2,2
NDUFB8,Whole_Blood,DN,-3.1729,0.0015089856749583767,1,1
NELFB,Whole_Blood,DN,1.4933,0.13535220355849828,2,2
NFYB,Whole_Blood,DN,2.6005,0.00930945609660359,1,1
NGDN,Whole_Blood,DN,2.1591,0.03084216417517955,1,1
NMD3,Whole_Blood,DN,3.8484,0.00011887410820250384,1,1
NOP14,Whole_Blood,DN,0.8839,0.37675484943541465,2,2
NOP9,Whole_Blood,DN,4.7326,2.216329985533518e-06,1,1
NPEPPS,Whole_Blood,DN,1.7304,0.08355776176837763,2,2
NPLOC4,Whole_Blood,DN,-0.8703,0.38415232824896,3,1
NRBP1,Whole_Blood,DN,-2.4437,0.014536101198715375,2,2
NSA2,Whole_Blood,DN,-5.2105,1.8829775002738257e-07,3,3
NSMCE1,Whole_Blood,DN,-2.9932,0.0027609562081428673,2,2
NSMCE4A,Whole_Blood,DN,-2.7602,0.005776467162475003,1,1
NT5C2,Whole_Blood,DN,3.6871,0.00022686659797203893,3,3
NUCKS1,Whole_Blood,DN,0.573,0.5666700939695202,1,1
NUDT16L1,Whole_Blood,DN,-4.1237,3.7289996570621085e-05,1,1
NUDT21,Whole_Blood,DN,-5.1129,3.1724553529056694e-07,2,2
NUDT9,Whole_Blood,DN,-1.3851,0.1660330885686206,3,3
NUFIP2,Whole_Blood,DN,-2.6484,0.008086724528987578,2,2
NUMA1,Whole_Blood,DN,-0.6802,0.49636710440184667,2,2
NUS1,Whole_Blood,DN,-4.2135,2.5147581816841177e-05,2,2
OS9,Whole_Blood,DN,0.2987,0.765163532537162,1,1
OTUB1,Whole_Blood,DN,-0.1742,0.861703514326218,1,1
P4HB,Whole_Blood,DN,0.4715,0.6372725421785357,1,1
PA2G4,Whole_Blood,DN,-9.1023,8.845324277810666e-20,2,2
PACS1,Whole_Blood,DN,-1.0078,0.3135326737252009,2,2
PACSIN2,Whole_Blood,DN,-1.918,0.05511191219938898,2,1
PAF1,Whole_Blood,DN,-5.6728,1.404922901733095e-08,2,1
PAFAH1B1,Whole_Blood,DN,13.6951,1.0867950281513523e-42,1,1
PAFAH1B2,Whole_Blood,DN,0.6925,0.48862281879290814,2,1
PARK7,Whole_Blood,DN,-1.1587,0.24659881825859198,3,3
PARN,Whole_Blood,DN,-6.7454,1.526080993330593e-11,1,1
PARP1,Whole_Blood,DN,-2.5327,0.011318568671760563,3,2
PATL1,Whole_Blood,DN,4.9728,6.600916593839361e-07,1,1
PCGF3,Whole_Blood,DN,-1.2538,0.20990899205913371,5,4
PCIF1,Whole_Blood,DN,5.5323,3.159970755087714e-08,3,3
PCMT1,Whole_Blood,DN,-0.1687,0.8660290561409403,1,1
PCMTD2,Whole_Blood,DN,-0.4697,0.6385400047219673,1,1
PCSK7,Whole_Blood,DN,-1.7547,0.0793133180183195,1,1
PCYOX1,Whole_Blood,DN,-11.3458,7.781132905153579e-30,2,2
PDAP1,Whole_Blood,DN,-4.4945,6.974151462946907e-06,2,2
PFDN2,Whole_Blood,DN,-1.6855,0.09189622972596458,1,1
PGAM5,Whole_Blood,DN,-12.3431,5.305359210094666e-35,1,1
PGRMC2,Whole_Blood,DN,0.9856,0.3243439450159268,3,3
PHF12,Whole_Blood,DN,-1.1329,0.2572696300759621,1,1
PHRF1,Whole_Blood,DN,-4.9109,9.065742398033604e-07,3,2
PIGH,Whole_Blood,DN,1.736,0.08257177901398391,3,3
PIP5K1C,Whole_Blood,DN,-1.4902,0.13616539230508767,2,2
PMPCA,Whole_Blood,DN,-3.9012,9.569808235120962e-05,2,1
PNO1,Whole_Blood,DN,0.9579,0.3380897837609159,1,1
POFUT1,Whole_Blood,DN,1.094,0.2739466123317141,2,1
POLD2,Whole_Blood,DN,27.1105,7.397086742154676e-162,2,2
POLE3,Whole_Blood,DN,7.9418,1.9934407414814648e-15,1,1
POLR2C,Whole_Blood,DN,14.4412,2.850191944132634e-47,2,1
POLR2J,Whole_Blood,DN,-16.3235,6.719896745563968e-60,2,2
POLR2K,Whole_Blood,DN,1.0253,0.30520697547547915,1,1
POLR3C,Whole_Blood,DN,-1.2991,0.19391558776451176,1,1
POP7,Whole_Blood,DN,6.1681,6.913257507355092e-10,1,1
PPIB,Whole_Blood,DN,-1.5824,0.11356652089910008,2,1
PPID,Whole_Blood,DN,-2.5509,0.01074446594696462,1,1
PPP1CC,Whole_Blood,DN,-9.8633,6.004343284102845e-23,1,1
PPP1R11,Whole_Blood,DN,0.1814,0.8560568904566239,1,1
PPP1R37,Whole_Blood,DN,3.6218,0.00029259366323820097,2,1
PPP2CB,Whole_Blood,DN,0.9029,0.3665999441261669,3,3
PPP2R5A,Whole_Blood,DN,-2.9806,0.0028772677029659174,1,1
PPP2R5C,Whole_Blood,DN,11.0848,1.4865482758863325e-28,2,2
PPP2R5E,Whole_Blood,DN,1.8847,0.05946437317719558,2,2
PPP6C,Whole_Blood,DN,-0.0745,0.9406402511206523,2,2
PPP6R1,Whole_Blood,DN,1.5268,0.12680568135889125,1,1
PPP6R2,Whole_Blood,DN,-3.0184,0.002541225299881001,2,2
PPT1,Whole_Blood,DN,-1.8053,0.07103238814714094,4,3
PRDM4,Whole_Blood,DN,3.5694,0.0003578677649407108,2,2
PRDX5,Whole_Blood,DN,8.3916,4.7971209855408425e-17,3,3
PREB,Whole_Blood,DN,-2.32,0.020338990019002152,1,1
PREP,Whole_Blood,DN,-1.7784,0.07534054552493138,3,2
PRKAA1,Whole_Blood,DN,2.0489,0.040468628680369885,1,1
PRKAR1A,Whole_Blood,DN,-1.0602,0.2890546740779598,2,2
PRKAR2A,Whole_Blood,DN,-1.3735,0.16960651191191065,1,1
PRKCSH,Whole_Blood,DN,-1.3913,0.16412293275833661,2,2
PRKRA,Whole_Blood,DN,12.7646,2.5859286905106873e-37,1,1
PRPF18,Whole_Blood,DN,-0.0875,0.9302366623598698,1,1
PRPF38A,Whole_Blood,DN,8.9087,5.165376883155073e-19,1,1
PRPSAP1,Whole_Blood,DN,-1.3418,0.17966489135870028,1,1
PSMA2,Whole_Blood,DN,-0.6885,0.49115807110611914,2,1
PSMA6,Whole_Blood,DN,-0.1652,0.8687483644751841,2,2
PSMA7,Whole_Blood,DN,-1.5333,0.12520967042562484,1,1
PSMB1,Whole_Blood,DN,-4.1636,3.132837451561381e-05,2,2
PSMB2,Whole_Blood,DN,-0.5221,0.6016276624425847,1,1
PSMB4,Whole_Blood,DN,0.8833,0.3770927825031915,1,1
PSMB7,Whole_Blood,DN,-7.9302,2.187285947600309e-15,2,2
PSMC1,Whole_Blood,DN,-1.0419,0.29743649182345994,1,1
PSMC3,Whole_Blood,DN,2.3368,0.019448463898740616,2,2
PSMC5,Whole_Blood,DN,-6.9913,2.7233876054362233e-12,1,1
PSMD11,Whole_Blood,DN,-0.2879,0.7734311338149429,1,1
PSMD3,Whole_Blood,DN,2.5394,0.011103573255099882,2,2
PSMD4,Whole_Blood,DN,-3.7912,0.0001499200603019575,3,3
PSMD8,Whole_Blood,DN,4.3504,1.3589127240816746e-05,2,2
PSMG2,Whole_Blood,DN,0.7845,0.43277423386721536,1,1
PSMG3,Whole_Blood,DN,-0.8669,0.3859730396217696,3,3
PTRH2,Whole_Blood,DN,-4.2039,2.6235149533114486e-05,2,2
PUM2,Whole_Blood,DN,-27.3861,4.0174908457206667e-165,2,2
PURB,Whole_Blood,DN,-0.2716,0.7859077502082485,1,1
PWP1,Whole_Blood,DN,4.0939,4.2413789683566634e-05,3,3
PWP2,Whole_Blood,DN,-5.8289,5.578067186108943e-09,3,3
QRICH1,Whole_Blood,DN,2.5623,0.010397883518415434,2,2
R3HCC1,Whole_Blood,DN,1.9121,0.05586451489595099,2,1
RAB11A,Whole_Blood,DN,-2.742,0.006106935128096175,1,1
RAB11B,Whole_Blood,DN,-1.8823,0.05979972434348629,2,1
RAB2A,Whole_Blood,DN,1.0545,0.2916689223828203,2,1
RAB35,Whole_Blood,DN,6.4483,1.1309733762234854e-10,1,1
RAB3GAP1,Whole_Blood,DN,-2.5999,0.009324973965261135,1,1
RAB5A,Whole_Blood,DN,0.1414,0.8875186951791952,2,1
RAB6A,Whole_Blood,DN,3.1487,0.0016399110573261564,2,2
RABGGTB,Whole_Blood,DN,1.5126,0.1303753808077794,1,1
RAC1,Whole_Blood,DN,-1.0817,0.27938840814314225,5,4
RAD21,Whole_Blood,DN,0.4654,0.6416615949968156,2,2
RAD23A,Whole_Blood,DN,-1.9701,0.0488321772952798,1,1
RAD23B,Whole_Blood,DN,-7.4299,1.0870388905292188e-13,3,3
RALA,Whole_Blood,DN,-4.1004,4.124526466886072e-05,1,1
RALBP1,Whole_Blood,DN,-5.007,5.529201388896955e-07,4,4
RALY,Whole_Blood,DN,2.5162,0.011864109079632432,1,1
RANBP1,Whole_Blood,DN,8.5433,1.3044602863842806e-17,1,1
RANBP2,Whole_Blood,DN,3.9898,6.613749309447071e-05,2,2
RANBP9,Whole_Blood,DN,-0.822,0.41105909499378884,1,1
RANGAP1,Whole_Blood,DN,1.6086,0.1077145410937661,2,1
RARS2,Whole_Blood,DN,1.5826,0.11350997964827571,1,1
RBCK1,Whole_Blood,DN,3.3242,0.0008868250842375194,2,2
RBM25,Whole_Blood,DN,-2.8403,0.004506616454351164,2,1
RBM8A,Whole_Blood,DN,2.9255,0.003439507696037419,2,1
RBX1,Whole_Blood,DN,5.7065,1.1534244414877612e-08,1,1
RER1,Whole_Blood,DN,0.3739,0.7084661755544202,2,1
RERE,Whole_Blood,DN,-3.6819,0.0002314889132749869,1,1
RGP1,Whole_Blood,DN,1.3384,0.1807517417431949,2,2
RHBDD2,Whole_Blood,DN,0.567,0.5706990369806882,1,1
RHEB,Whole_Blood,DN,0.302,0.7626342363828197,1,1
RHOT2,Whole_Blood,DN,-1.6565,0.09762603815971246,2,1
RING1,Whole_Blood,DN,5.0578,4.240611924431628e-07,1,1
RMND5A,Whole_Blood,DN,1.5639,0.11784471917940002,1,1
RNF139,Whole_Blood,DN,-1.6608,0.09675513657879371,2,1
RNF167,Whole_Blood,DN,-5.1009,3.379819617215033e-07,2,2
RNF168,Whole_Blood,DN,-1.3937,0.16340750834737347,2,2
RNF181,Whole_Blood,DN,0.6201,0.5352190596606827,2,1
RNF20,Whole_Blood,DN,1.3749,0.16916779621767433,1,1
RNPS1,Whole_Blood,DN,-0.6946,0.4873214230711515,1,1
RPA1,Whole_Blood,DN,-6.5612,5.337924165461121e-11,2,1
RPA2,Whole_Blood,DN,-13.821,1.9034471088944413e-43,2,2
RRN3,Whole_Blood,DN,-0.368,0.7129082534069395,1,1
RRP36,Whole_Blood,DN,-22.8216,2.797358269038384e-115,2,2
RRP7A,Whole_Blood,DN,0.3212,0.7480884996061696,8,6
RRP9,Whole_Blood,DN,0.6807,0.49609196860786364,2,1
RSL24D1,Whole_Blood,DN,0.2962,0.7670892472796045,4,4
RSRC2,Whole_Blood,DN,0.68,0.49650438832577615,1,1
RTF1,Whole_Blood,DN,-0.9755,0.32933346475905617,2,1
RUVBL1,Whole_Blood,DN,-4.8297,1.3675365263986124e-06,2,2
SAR1A,Whole_Blood,DN,-1.1253,0.2604674632305199,3,1
SARNP,Whole_Blood,DN,-0.702,0.48264843761457327,1,1
SARS,Whole_Blood,DN,11.1483,7.301214709805895e-29,2,2
SAV1,Whole_Blood,DN,-1.0269,0.30447658699842417,2,2
SBDS,Whole_Blood,DN,-4.6109,4.008417557231687e-06,1,1
SCYL2,Whole_Blood,DN,1.4918,0.1357602165457859,1,1
SDF4,Whole_Blood,DN,2.4273,0.015210129546335778,2,2
SEC24B,Whole_Blood,DN,-7.1491,8.737426518841193e-13,1,1
SEC31A,Whole_Blood,DN,-2.2659,0.023455117277060903,2,1
SENP2,Whole_Blood,DN,-13.9937,1.7040799977925386e-44,1,1
SENP5,Whole_Blood,DN,-0.427,0.6694061563242462,1,1
SETD5,Whole_Blood,DN,-2.1142,0.03450220962262208,1,1
SF1,Whole_Blood,DN,-2.0601,0.03938809095532927,1,1
SF3B1,Whole_Blood,DN,-3.9823,6.824433402269434e-05,1,1
SF3B2,Whole_Blood,DN,1.5651,0.11757093229073216,1,1
SF3B4,Whole_Blood,DN,0.4797,0.6314474374684753,1,1
SF3B5,Whole_Blood,DN,-4.101,4.113851091036046e-05,1,1
SF3B6,Whole_Blood,DN,-7.9426,1.9802428579039673e-15,1,1
SGTA,Whole_Blood,DN,3.6303,0.00028309298819889774,1,1
SH2B1,Whole_Blood,DN,1.4412,0.14951828705223694,2,1
SHARPIN,Whole_Blood,DN,-3.5108,0.0004467032857297966,1,1
SKP1,Whole_Blood,DN,-6.2507,4.0868281231441013e-10,2,1
SLU7,Whole_Blood,DN,1.5307,0.12583361804771395,1,1
SMAD2,Whole_Blood,DN,1.7636,0.07780304487073254,2,2
SMAP1,Whole_Blood,DN,1.2448,0.2131933327880421,1,1
SMARCB1,Whole_Blood,DN,0.511,0.6093415605671451,1,1
SMDT1,Whole_Blood,DN,1.4098,0.15859551548993478,1,1
SMU1,Whole_Blood,DN,3.0323,0.0024269330317521778,3,3
SMYD5,Whole_Blood,DN,4.7005,2.5951652575614755e-06,2,1
SNAP29,Whole_Blood,DN,0.5077,0.6116460750385495,2,2
SNAPIN,Whole_Blood,DN,0.7127,0.47600549347557486,1,1
SND1,Whole_Blood,DN,2.9543,0.00313401972537838,1,1
SNF8,Whole_Blood,DN,1.8443,0.06513515952422329,1,1
SNRNP35,Whole_Blood,DN,1.7822,0.07470977990283804,2,2
SNRNP70,Whole_Blood,DN,0.5239,0.6003368965920735,3,2
SNRPA,Whole_Blood,DN,6.3587,2.0342922618995933e-10,2,1
SNRPB,Whole_Blood,DN,7.9093,2.588799763258234e-15,1,1
SNX1,Whole_Blood,DN,-2.0433,0.04102470428009223,1,1
SNX19,Whole_Blood,DN,3.6173,0.0002977338410461988,2,1
SNX27,Whole_Blood,DN,6.2334,4.564346515768923e-10,1,1
SNX3,Whole_Blood,DN,1.7435,0.0812532181744499,2,1
SOD1,Whole_Blood,DN,21.2982,1.1796383855347607e-100,2,2
SP1,Whole_Blood,DN,-0.5988,0.5492796354454321,1,1
SP2,Whole_Blood,DN,2.0303,0.04232900995304441,1,1
SPAG7,Whole_Blood,DN,4.966,6.833564631710967e-07,2,1
SPAG9,Whole_Blood,DN,-1.1051,0.2691052494199207,1,1
SPG7,Whole_Blood,DN,2.8061,0.005014273988256775,1,1
SPPL3,Whole_Blood,DN,-2.9424,0.003257117310783868,2,1
SPTSSA,Whole_Blood,DN,-3.0335,0.0024175719545510904,2,2
SRM,Whole_Blood,DN,-1.6787,0.093219659312987,2,2
SRP14,Whole_Blood,DN,-1.9572,0.050325111374400315,2,2
SRP9,Whole_Blood,DN,4.8378,1.3126832238768684e-06,1,1
SRSF3,Whole_Blood,DN,1.9235,0.05441180519697193,1,1
SRSF6,Whole_Blood,DN,-1.9258,0.05412549119931477,1,1
SSNA1,Whole_Blood,DN,1.4189,0.15594069242558603,1,1
SSR3,Whole_Blood,DN,5.449,5.066780974347313e-08,2,2
SSRP1,Whole_Blood,DN,-3.2755,0.0010549212251714114,1,1
SSU72,Whole_Blood,DN,-0.8292,0.40699453129664664,1,1
ST13,Whole_Blood,DN,-1.2461,0.2127280554724543,1,1
STAT3,Whole_Blood,DN,2.0787,0.037647032628571095,1,1
STIM1,Whole_Blood,DN,-0.8738,0.38224899745545365,2,2
STK24,Whole_Blood,DN,0.1328,0.8943734371578045,2,2
STK38,Whole_Blood,DN,15.7666,5.2857172714151e-56,1,1
STRAP,Whole_Blood,DN,-7.6202,2.5328687174802493e-14,2,2
STRN4,Whole_Blood,DN,5.0354,4.769275908093658e-07,2,2
STUB1,Whole_Blood,DN,0.0227,0.9818873000815871,1,1
STX4,Whole_Blood,DN,-1.8846,0.05948725562057344,1,1
STX5,Whole_Blood,DN,-13.0452,6.772320973910332e-39,1,1
SUGT1,Whole_Blood,DN,-6.022,1.722829793361847e-09,2,2
SUMO1,Whole_Blood,DN,-0.4025,0.6873154803761339,1,1
SURF4,Whole_Blood,DN,1.4467,0.1479805261741302,1,1
SYF2,Whole_Blood,DN,5.8711,4.329518756776059e-09,1,1
TAB1,Whole_Blood,DN,3.2919,0.0009952210056562078,1,1
TADA3,Whole_Blood,DN,5.1676,2.3712280351615247e-07,1,1
TAF10,Whole_Blood,DN,3.4409,0.0005797936700794187,1,1
TARDBP,Whole_Blood,DN,-3.6827,0.0002307992685724744,2,2
TAX1BP1,Whole_Blood,DN,0.2514,0.801520715138001,1,1
TBC1D20,Whole_Blood,DN,0.6735,0.5005998379687919,1,1
TBCA,Whole_Blood,DN,2.1671,0.030228173653552032,2,2
TBCB,Whole_Blood,DN,4.4571,8.305709596069078e-06,2,2
TBCD,Whole_Blood,DN,-0.8,0.42373386875588975,3,3
TBK1,Whole_Blood,DN,-0.8234,0.4102748056449063,1,1
TBL1XR1,Whole_Blood,DN,5.2257,1.734769290131256e-07,1,1
TCP1,Whole_Blood,DN,-2.4157,0.015706045047559833,2,2
TEX261,Whole_Blood,DN,3.3683,0.0007563842807986991,3,2
THOC7,Whole_Blood,DN,1.6187,0.10552012521671299,1,1
THRAP3,Whole_Blood,DN,-3.2396,0.0011971187524250344,1,1
TIMM17A,Whole_Blood,DN,0.4234,0.6719877836569168,1,1
TMBIM6,Whole_Blood,DN,-0.784,0.43303928534153224,1,1
TMCO1,Whole_Blood,DN,-13.9123,5.334071837551259e-44,2,2
TMED1,Whole_Blood,DN,-1.3226,0.18597248881229206,2,1
TMED10,Whole_Blood,DN,-1.9321,0.05334410988824526,2,1
TMED9,Whole_Blood,DN,0.7421,0.4580512376600279,4,4
TMEM127,Whole_Blood,DN,1.3967,0.1624906020474887,2,2
TMEM147,Whole_Blood,DN,2.9253,0.003441751527229855,2,2
TMEM165,Whole_Blood,DN,-0.8775,0.38021578837699743,2,1
TMEM203,Whole_Blood,DN,0.9437,0.3453243569531903,1,1
TMEM230,Whole_Blood,DN,-5.372,7.787488881129485e-08,2,1
TMEM245,Whole_Blood,DN,3.614,0.00030145234225381043,2,2
TMEM248,Whole_Blood,DN,-1.3612,0.1734513306526555,1,1
TMEM256,Whole_Blood,DN,1.4165,0.15663463018439966,3,3
TMEM258,Whole_Blood,DN,0.5861,0.557831312267092,2,2
TMEM30A,Whole_Blood,DN,4.4274,9.535642973998272e-06,2,1
TMEM42,Whole_Blood,DN,-13.9704,2.362708572878839e-44,1,1
TMEM50A,Whole_Blood,DN,-0.9086,0.3635652207075891,3,1
TMX4,Whole_Blood,DN,-1.3648,0.17231643093917234,3,3
TNKS2,Whole_Blood,DN,3.7661,0.00016582069580686523,2,2
TOMM20,Whole_Blood,DN,6.333,2.4051603594760294e-10,3,3
TOMM22,Whole_Blood,DN,2.8538,0.004319939767437827,1,1
TOR1A,Whole_Blood,DN,-1.9668,0.04920353582146535,3,1
TOR1B,Whole_Blood,DN,2.2035,0.027557466642018278,4,4
TPP2,Whole_Blood,DN,-1.7495,0.08019607585797525,2,1
TRAM1,Whole_Blood,DN,2.2919,0.021909893682253254,1,1
TRAPPC3,Whole_Blood,DN,1.9362,0.05284238340951385,1,1
TRIM28,Whole_Blood,DN,1.2433,0.21376374359844286,2,2
TRIP12,Whole_Blood,DN,1.2159,0.22403595643598598,2,1
TRIP4,Whole_Blood,DN,-1.1111,0.2665184315578034,2,1
TRMT112,Whole_Blood,DN,7.8995,2.8006526633306924e-15,1,1
TRPC4AP,Whole_Blood,DN,11.035,2.5897522054578025e-28,3,2
TSPYL1,Whole_Blood,DN,-0.843,0.3992305385906719,2,2
TSR3,Whole_Blood,DN,2.8481,0.0043975553061909,1,1
TTC1,Whole_Blood,DN,-1.261,0.20730036692187934,1,1
TTC37,Whole_Blood,DN,-3.3203,0.0008990539341629549,2,1
TUBG1,Whole_Blood,DN,0.8249,0.409444929221709,1,1
TXN2,Whole_Blood,DN,5.0773,3.827826319081559e-07,2,2
TXNL1,Whole_Blood,DN,-3.7803,0.0001566501474865672,1,1
U2AF2,Whole_Blood,DN,1.9351,0.05298021608192506,1,1
UBE2F,Whole_Blood,DN,1.5438,0.12262604207078609,3,3
UBE2G1,Whole_Blood,DN,-2.2543,0.02417504702145596,1,1
UBE2I,Whole_Blood,DN,2.6268,0.008618178953269152,2,1
UBE2J1,Whole_Blood,DN,1.4475,0.14776653715592752,1,1
UBE2Q1,Whole_Blood,DN,2.2534,0.024236277587830257,2,2
UBE2Z,Whole_Blood,DN,-1.6513,0.09867193541780639,2,2
UBFD1,Whole_Blood,DN,-4.6053,4.119588057218113e-06,1,1
UBL5,Whole_Blood,DN,-1.7269,0.08418007286687779,1,1
UBL7,Whole_Blood,DN,-16.5466,1.6952671243316225e-61,2,2
UBP1,Whole_Blood,DN,-0.6039,0.5459005500000549,1,1
UBQLN1,Whole_Blood,DN,0.6508,0.5151870505816671,2,1
UBR4,Whole_Blood,DN,-3.7682,0.00016443025305967407,1,1
UFC1,Whole_Blood,DN,1.1848,0.23608164954240868,1,1
UFM1,Whole_Blood,DN,-2.6,0.009323012843492549,1,1
UGP2,Whole_Blood,DN,4.3963,1.1010974866017084e-05,3,3
UROD,Whole_Blood,DN,2.307,0.021053750982140615,1,1
USB1,Whole_Blood,DN,7.1728,7.350043636464219e-13,3,3
USP14,Whole_Blood,DN,3.7638,0.00016735326659989127,1,1
USP39,Whole_Blood,DN,-2.1582,0.03090904296271978,2,2
USP4,Whole_Blood,DN,1.8211,0.06859840180815875,1,1
USP48,Whole_Blood,DN,-14.9949,7.926046984567539e-51,2,2
UTP18,Whole_Blood,DN,4.1367,3.523175762500218e-05,3,3
UTP3,Whole_Blood,DN,-0.0142,0.9886703659383604,2,1
VDAC1,Whole_Blood,DN,-8.5211,1.579819548878284e-17,2,2
VEZF1,Whole_Blood,DN,5.7367,9.654767112509138e-09,1,1
VPS16,Whole_Blood,DN,-11.8721,1.6534090747545363e-32,5,5
VPS26A,Whole_Blood,DN,-4.3985,1.0900460581475605e-05,1,1
VPS26B,Whole_Blood,DN,-2.9532,0.003145126022862534,2,2
VPS29,Whole_Blood,DN,-1.218,0.22322987464567765,1,1
VPS36,Whole_Blood,DN,-10.6163,2.5031750859706635e-26,2,2
VPS37C,Whole_Blood,DN,-5.3799,7.451507449774126e-08,1,1
VPS52,Whole_Blood,DN,7.8585,3.887703690440715e-15,2,2
VTI1B,Whole_Blood,DN,3.5778,0.0003464747535487113,1,1
WASL,Whole_Blood,DN,1.6237,0.1044402988810415,2,2
WBP4,Whole_Blood,DN,-2.2262,0.025999538750807637,1,1
WDR45B,Whole_Blood,DN,3.3196,0.0009013145092076718,2,2
WDR46,Whole_Blood,DN,0.0708,0.943564706653115,3,3
WDR82,Whole_Blood,DN,-4.2367,2.2680229444606547e-05,2,2
WDR83OS,Whole_Blood,DN,-9.9073,3.8700147081685996e-23,3,3
WHAMM,Whole_Blood,DN,2.0412,0.041228159290409294,2,2
WIPI2,Whole_Blood,DN,0.1405,0.888232149803047,3,2
YARS,Whole_Blood,DN,-2.6939,0.007062917574398572,2,1
YIF1A,Whole_Blood,DN,1.3696,0.17080987868474048,2,2
YIPF3,Whole_Blood,DN,5.475,4.376289450702255e-08,3,2
YKT6,Whole_Blood,DN,4.789,1.6760687494901381e-06,2,1
YME1L1,Whole_Blood,DN,-3.1556,0.001601524047058726,2,1
YWHAB,Whole_Blood,DN,2.9845,0.00284050608424482,2,2
YY1,Whole_Blood,DN,-0.9811,0.32653171342712833,1,1
ZBTB17,Whole_Blood,DN,-2.0786,0.03765003955042076,1,1
ZC3H18,Whole_Blood,DN,-0.5759,0.5646616788098628,2,2
ZC3H3,Whole_Blood,DN,1.9312,0.05346218566226262,2,2
ZDHHC6,Whole_Blood,DN,-5.3341,9.602309957414293e-08,2,2
ZDHHC7,Whole_Blood,DN,0.9493,0.34247407712086075,3,3
ZFP91,Whole_Blood,DN,1.615,0.10631915829419143,1,1
ZFPL1,Whole_Blood,DN,-2.9377,0.003306944855318271,1,1
ZMAT2,Whole_Blood,DN,-2.7643,0.005704013453233277,2,2
ZMPSTE24,Whole_Blood,DN,14.5065,1.101370543355103e-47,2,2
ZNF146,Whole_Blood,DN,0.5721,0.5672374500177964,2,1
ZNF330,Whole_Blood,DN,-2.2973,0.021602104966357553,2,1
ZNF777,Whole_Blood,DN,1.5601,0.11874013193233023,2,1
ZNF865,Whole_Blood,DN,-0.0871,0.930606667063878,1,1
ZRANB1,Whole_Blood,DN,5.1595,2.476089868728874e-07,1,1
ZRANB2,Whole_Blood,DN,0.0628,0.9499490544074676,2,2
ZYG11B,Whole_Blood,DN,-0.9098,0.3629292900815168,1,1
AAMP,Nerve_Tibial,DPN,-1.8361,0.06633754746420109,1,1
AAR2,Nerve_Tibial,DPN,-4.2703,1.95193329009525e-05,1,1
AARS,Nerve_Tibial,DPN,1.9928,0.0462847431322382,3,3
AARSD1,Nerve_Tibial,DPN,0.9487,0.3427751172962153,1,1
ABCF2,Nerve_Tibial,DPN,1.5899,0.11184944158439003,1,1
ACBD3,Nerve_Tibial,DPN,-3.0554,0.0022472930493895545,2,2
ACBD6,Nerve_Tibial,DPN,-0.8423,0.399606978372666,1,1
ACTR1A,Nerve_Tibial,DPN,-2.5566,0.010571309983948118,1,1
ACTR1B,Nerve_Tibial,DPN,-2.3248,0.020083388041173617,3,3
ADH5,Nerve_Tibial,DPN,-0.9502,0.34203553369769374,3,2
ADIPOR2,Nerve_Tibial,DPN,3.9612,7.456820987757144e-05,1,1
AGAP3,Nerve_Tibial,DPN,-16.9507,1.9015940719879616e-64,2,1
AHSA1,Nerve_Tibial,DPN,-2.0261,0.042758757067585154,2,1
AK2,Nerve_Tibial,DPN,0.8898,0.3735914278767034,2,1
AK3,Nerve_Tibial,DPN,8.8766,6.890854171620379e-19,8,7
AKIRIN2,Nerve_Tibial,DPN,1.7995,0.07193554112374374,1,1
ALDH9A1,Nerve_Tibial,DPN,0.4028,0.6871112296901463,4,2
ALKBH5,Nerve_Tibial,DPN,1.379,0.16788644395231747,1,1
AMFR,Nerve_Tibial,DPN,-1.7175,0.08588609468478794,3,3
ANAPC2,Nerve_Tibial,DPN,-1.0367,0.29988132882839225,2,2
ANKFY1,Nerve_Tibial,DPN,1.8049,0.07109245028967671,1,1
ANKLE2,Nerve_Tibial,DPN,0.666,0.5054283666984353,4,3
ANKRD10,Nerve_Tibial,DPN,3.4095,0.0006508170924499714,3,3
ANKRD40,Nerve_Tibial,DPN,1.1237,0.26115890878724146,1,1
ANKS1A,Nerve_Tibial,DPN,-26.2785,3.375403463030587e-152,2,2
AP2M1,Nerve_Tibial,DPN,-4.7672,1.8678549369510822e-06,1,1
AP3M1,Nerve_Tibial,DPN,2.591,0.009570802035989763,1,1
APEH,Nerve_Tibial,DPN,-4.5496,5.3741514749145526e-06,2,1
APH1A,Nerve_Tibial,DPN,3.2217,0.001274367900090254,1,1
ARCN1,Nerve_Tibial,DPN,1.3951,0.16299150773723772,1,1
ARF4,Nerve_Tibial,DPN,-3.2034,0.0013580717915214137,2,2
ARFGAP2,Nerve_Tibial,DPN,2.3969,0.01653361527295196,2,2
ARFGAP3,Nerve_Tibial,DPN,6.2713,3.579347658415438e-10,2,1
ARFGEF2,Nerve_Tibial,DPN,-1.0374,0.2995359774900671,1,1
ARHGAP1,Nerve_Tibial,DPN,0.0254,0.9797673110322992,2,2
ARIH2,Nerve_Tibial,DPN,-0.8296,0.406744237205245,1,1
ARL1,Nerve_Tibial,DPN,1.359,0.1741559779964774,2,1
ARL14EP,Nerve_Tibial,DPN,-0.6233,0.5330850807519252,3,3
ARL6IP1,Nerve_Tibial,DPN,0.1382,0.8901106047261157,2,2
ARL8B,Nerve_Tibial,DPN,-3.3521,0.000802115240963336,3,3
ARMC1,Nerve_Tibial,DPN,0.4532,0.6504234775855192,2,2
ARNT,Nerve_Tibial,DPN,-1.0263,0.30473034765217843,3,2
ARPC2,Nerve_Tibial,DPN,-1.7328,0.08312893507063916,1,1
ARPP19,Nerve_Tibial,DPN,0.6816,0.49550600971709047,2,2
ASNSD1,Nerve_Tibial,DPN,0.63,0.5287160667332054,2,2
ASXL1,Nerve_Tibial,DPN,1.8722,0.06117726666803224,1,1
ATF6,Nerve_Tibial,DPN,-11.7041,1.2145280309430333e-31,2,2
ATF6B,Nerve_Tibial,DPN,64.3831,0.0,2,1
ATG101,Nerve_Tibial,DPN,1.2945,0.19549345871484797,1,1
ATG3,Nerve_Tibial,DPN,3.7873,0.00015228849621225205,1,1
B4GALT7,Nerve_Tibial,DPN,-0.3766,0.7064417435702397,3,3
BANF1,Nerve_Tibial,DPN,0.601,0.5478348493742446,3,3
BAZ1B,Nerve_Tibial,DPN,15.6794,2.092452764184041e-55,1,1
BCKDK,Nerve_Tibial,DPN,-0.2698,0.7872810618840524,2,2
BFAR,Nerve_Tibial,DPN,-0.5148,0.6067042999132447,1,1
BLOC1S2,Nerve_Tibial,DPN,8.8359,9.933925072858306e-19,3,3
BOD1,Nerve_Tibial,DPN,3.5468,0.0003899681227731605,2,2
BORCS7,Nerve_Tibial,DPN,0.6704,0.5025714080480489,2,2
BRD3,Nerve_Tibial,DPN,-0.0512,0.9591339204912321,3,1
BRD4,Nerve_Tibial,DPN,0.1068,0.9149302353318097,1,1
BRK1,Nerve_Tibial,DPN,-2.8964,0.003774522762500186,2,2
BSDC1,Nerve_Tibial,DPN,0.2731,0.7847830877066022,1,1
BTBD1,Nerve_Tibial,DPN,-0.1112,0.9114460564141477,2,2
BUD31,Nerve_Tibial,DPN,10.6582,1.595804414039004e-26,2,2
BZW1,Nerve_Tibial,DPN,0.3446,0.7304097196544611,1,1
C11ORF98,Nerve_Tibial,DPN,-0.8651,0.386975681819972,1,1
C6ORF120,Nerve_Tibial,DPN,1.3228,0.1858907599060111,2,2
C9ORF78,Nerve_Tibial,DPN,0.3352,0.7374814971673309,2,2
CACTIN,Nerve_Tibial,DPN,-2.1065,0.035161091474156386,2,2
CALR,Nerve_Tibial,DPN,-2.1054,0.035256140274377595,1,1
CAND1,Nerve_Tibial,DPN,-1.6831,0.09235235498772475,2,2
CASC3,Nerve_Tibial,DPN,-1.8787,0.06029210729190188,5,3
CBX1,Nerve_Tibial,DPN,-1.1176,0.2637216877229444,2,2
CBY1,Nerve_Tibial,DPN,-2.8118,0.004926799586921663,2,1
CCAR2,Nerve_Tibial,DPN,0.9008,0.36770696966107663,2,2
CCDC124,Nerve_Tibial,DPN,1.9945,0.04609928290364913,5,4
CCDC50,Nerve_Tibial,DPN,-0.3795,0.7042945384268667,3,3
CCDC97,Nerve_Tibial,DPN,-4.7126,2.4453081591968367e-06,2,2
CCNK,Nerve_Tibial,DPN,1.3664,0.17182212204381112,1,1
CCZ1,Nerve_Tibial,DPN,0.8935,0.3715923846612885,7,5
CD2BP2,Nerve_Tibial,DPN,0.4356,0.6631498762976737,1,1
CDC16,Nerve_Tibial,DPN,0.3769,0.7062302554838125,3,3
CDC26,Nerve_Tibial,DPN,0.3802,0.7037751860980482,3,3
CDC37L1,Nerve_Tibial,DPN,-0.1015,0.9191384566790611,4,4
CDC42,Nerve_Tibial,DPN,1.9985,0.04566085235521691,2,1
CDC42SE1,Nerve_Tibial,DPN,11.754,6.73249259634284e-32,2,1
CDC5L,Nerve_Tibial,DPN,-36.1724,1.6546912711921703e-286,2,2
CDKN1B,Nerve_Tibial,DPN,-2.52,0.011737008335944338,1,1
CEBPZOS,Nerve_Tibial,DPN,2.0044,0.04502363559749769,2,2
CFDP1,Nerve_Tibial,DPN,-0.2648,0.7911910727464694,3,2
CFL1,Nerve_Tibial,DPN,2.317,0.020505130407790166,1,1
CGGBP1,Nerve_Tibial,DPN,-1.0771,0.2814278278898595,2,2
CHMP2A,Nerve_Tibial,DPN,-2.4993,0.012442865422787833,2,2
CHMP2B,Nerve_Tibial,DPN,-0.5528,0.5803780401898668,3,3
CHMP3,Nerve_Tibial,DPN,1.5436,0.12267681544169942,3,3
CHMP4B,Nerve_Tibial,DPN,-2.6363,0.008380835084701874,1,1
CHMP6,Nerve_Tibial,DPN,-0.4882,0.6254435013543503,2,2
CLNS1A,Nerve_Tibial,DPN,-4.2143,2.505299561111893e-05,1,1
CLPP,Nerve_Tibial,DPN,-9.4256,4.278372648223135e-21,2,2
CMPK1,Nerve_Tibial,DPN,2.3727,0.017660417763759362,2,2
CNBP,Nerve_Tibial,DPN,0.3516,0.7251211492907444,1,1
CNOT11,Nerve_Tibial,DPN,-16.5461,1.70689004529064e-61,2,2
CNPPD1,Nerve_Tibial,DPN,0.5063,0.6126147572888464,3,3
COG3,Nerve_Tibial,DPN,-1.8065,0.07084399643450835,2,1
COG7,Nerve_Tibial,DPN,4.7272,2.2760932900290826e-06,1,1
COMMD7,Nerve_Tibial,DPN,-1.2156,0.2241550179951186,1,1
COMT,Nerve_Tibial,DPN,3.3991,0.0006761562877663295,4,4
COPA,Nerve_Tibial,DPN,-0.4971,0.6191368328042683,2,2
COPE,Nerve_Tibial,DPN,-0.4868,0.6263991479755939,1,1
COPS6,Nerve_Tibial,DPN,-7.8718,3.4971104270566378e-15,2,1
COQ5,Nerve_Tibial,DPN,3.1226,0.0017927177482759751,4,3
COX15,Nerve_Tibial,DPN,-7.947,1.9107995253906497e-15,1,1
COX17,Nerve_Tibial,DPN,-2.6027,0.009249642822811873,3,3
CREBBP,Nerve_Tibial,DPN,1.7086,0.08753053288807598,1,1
CRK,Nerve_Tibial,DPN,-5.7647,8.180100877252604e-09,2,2
CRTC3,Nerve_Tibial,DPN,-11.6576,2.09929275453272e-31,2,2
CSNK1A1,Nerve_Tibial,DPN,-1.4238,0.15450639818005824,1,1
CSNK1D,Nerve_Tibial,DPN,-4.5437,5.527965156722745e-06,2,1
CSNK2A2,Nerve_Tibial,DPN,0.456,0.6483992538141394,1,1
CSNK2B,Nerve_Tibial,DPN,-7.4407,1.0014199325178383e-13,1,1
CTBP1,Nerve_Tibial,DPN,-0.1714,0.8638769769260569,3,2
CTDNEP1,Nerve_Tibial,DPN,0.5404,0.5889009210633305,1,1
CTNNB1,Nerve_Tibial,DPN,2.0248,0.0428852134538614,1,1
CUL1,Nerve_Tibial,DPN,-1.2109,0.22591480766703997,1,1
CUL3,Nerve_Tibial,DPN,0.3096,0.756866386845196,1,1
CYB5B,Nerve_Tibial,DPN,-3.1134,0.0018496459421879466,2,2
DAD1,Nerve_Tibial,DPN,-1.8003,0.07182108401722541,1,1
DARS,Nerve_Tibial,DPN,5.2345,1.6540342546965292e-07,2,2
DCAF15,Nerve_Tibial,DPN,-1.8904,0.0587096927274709,1,1
DCTN2,Nerve_Tibial,DPN,6.1099,9.971944530917014e-10,1,1
DCTN4,Nerve_Tibial,DPN,2.896,0.003779787466522216,1,1
DEAF1,Nerve_Tibial,DPN,-0.1206,0.9040268467893623,1,1
DENND6A,Nerve_Tibial,DPN,-14.9822,9.595743386840646e-51,3,3
DNAJA1,Nerve_Tibial,DPN,-3.4938,0.0004761290170759661,3,1
DNAJA2,Nerve_Tibial,DPN,1.8973,0.05779032972941104,1,1
DNAJA3,Nerve_Tibial,DPN,-5.0963,3.464143273408933e-07,2,2
DNAJB6,Nerve_Tibial,DPN,8.1141,4.894137006745091e-16,3,3
DNAJC3,Nerve_Tibial,DPN,0.6406,0.5217990180589871,2,2
DNAJC4,Nerve_Tibial,DPN,9.1307,6.808597990451415e-20,2,2
DNAJC8,Nerve_Tibial,DPN,-1.0465,0.2953181859613585,2,1
DNAJC9,Nerve_Tibial,DPN,5.5627,2.6566316821170337e-08,1,1
DNLZ,Nerve_Tibial,DPN,22.9066,3.991588097713819e-116,5,2
DNTTIP1,Nerve_Tibial,DPN,-2.5964,0.00941955746213095,2,2
DYNC1LI1,Nerve_Tibial,DPN,-1.7263,0.0842889600615531,3,1
DYNLRB1,Nerve_Tibial,DPN,-0.5558,0.5783700069524957,2,1
E2F4,Nerve_Tibial,DPN,4.5515,5.327042688503017e-06,2,2
EAPP,Nerve_Tibial,DPN,0.8622,0.38859452876043066,1,1
EGLN2,Nerve_Tibial,DPN,-10.2573,1.097230167489772e-24,3,2
ELOF1,Nerve_Tibial,DPN,-0.7443,0.45669978365892333,1,1
EMC2,Nerve_Tibial,DPN,-0.2768,0.7819278875668418,2,2
EMC4,Nerve_Tibial,DPN,1.0457,0.29571217840836383,2,2
EMC6,Nerve_Tibial,DPN,2.6391,0.00831379555088312,1,1
EMC7,Nerve_Tibial,DPN,-0.8354,0.4035178202541564,2,2
EMC8,Nerve_Tibial,DPN,0.7647,0.4444467787910602,1,1
EPN1,Nerve_Tibial,DPN,0.3138,0.7536935136992828,2,1
ERGIC1,Nerve_Tibial,DPN,-3.3765,0.0007341220875317504,2,2
ERGIC3,Nerve_Tibial,DPN,1.357,0.17477235522180695,1,1
ERH,Nerve_Tibial,DPN,2.5656,0.01029851333428679,2,2
ERI3,Nerve_Tibial,DPN,-0.8963,0.3700686352035263,1,1
ERP29,Nerve_Tibial,DPN,3.0395,0.0023696568988270453,1,1
ETF1,Nerve_Tibial,DPN,-5.7886,7.099309335118481e-09,1,1
FAM122A,Nerve_Tibial,DPN,-0.1789,0.8579994146945953,1,1
FAM160B1,Nerve_Tibial,DPN,1.1284,0.2591672655438548,1,1
FAM192A,Nerve_Tibial,DPN,-16.4724,5.7954059958016356e-61,3,3
FAM20B,Nerve_Tibial,DPN,-0.2106,0.8331707856341221,3,3
FBL,Nerve_Tibial,DPN,0.6999,0.4839884672470971,1,1
FBXL3,Nerve_Tibial,DPN,-3.2942,0.0009871273789126551,1,1
FBXO28,Nerve_Tibial,DPN,0.0634,0.9494851288664399,1,1
FBXO42,Nerve_Tibial,DPN,3.1564,0.001597199892496437,1,1
FBXW4,Nerve_Tibial,DPN,-0.4185,0.6755666350111218,1,1
FCF1,Nerve_Tibial,DPN,-2.7839,0.005371372377678163,2,1
FIBP,Nerve_Tibial,DPN,-1.2972,0.19456181747126575,1,1
FIS1,Nerve_Tibial,DPN,16.0094,1.0992319180644447e-57,1,1
FLCN,Nerve_Tibial,DPN,1.1301,0.25842356363553376,3,3
FRG1,Nerve_Tibial,DPN,-0.0098,0.9921523021687252,2,1
FTSJ3,Nerve_Tibial,DPN,-0.5359,0.5920413410972085,2,2
FUBP3,Nerve_Tibial,DPN,5.0061,5.554981489703593e-07,2,2
G6PC3,Nerve_Tibial,DPN,0.539,0.5899199907503005,2,1
GABARAPL2,Nerve_Tibial,DPN,-1.1376,0.255295619626889,2,1
GATAD1,Nerve_Tibial,DPN,-1.7961,0.07248284300646542,5,3
GATAD2B,Nerve_Tibial,DPN,1.1313,0.25791873522155956,2,1
GBF1,Nerve_Tibial,DPN,2.7576,0.0058222853196977726,1,1
GDI2,Nerve_Tibial,DPN,-2.7081,0.00676663451919334,1,1
GID8,Nerve_Tibial,DPN,-1.7542,0.07939421906360423,3,3
GLE1,Nerve_Tibial,DPN,-10.1161,4.6863991589662216e-24,3,3
GNB1,Nerve_Tibial,DPN,-2.0707,0.038382914673823425,1,1
GNL2,Nerve_Tibial,DPN,2.2765,0.02281521836276729,1,1
GNPAT,Nerve_Tibial,DPN,-2.5518,0.010717822052729966,2,2
GNPTG,Nerve_Tibial,DPN,-1.5378,0.12409477086030436,4,3
GOLGA3,Nerve_Tibial,DPN,2.8409,0.004499042123437051,3,3
GOLGA4,Nerve_Tibial,DPN,-4.0511,5.097451923913493e-05,1,1
GOLPH3,Nerve_Tibial,DPN,2.0171,0.04368995153679979,1,1
GORASP2,Nerve_Tibial,DPN,1.0012,0.31670913050053606,1,1
GOSR2,Nerve_Tibial,DPN,1.9575,0.05028785730467225,2,2
GPBP1,Nerve_Tibial,DPN,-0.5807,0.5614555874200962,1,1
GPI,Nerve_Tibial,DPN,5.0536,4.3357989804709815e-07,1,1
GSK3A,Nerve_Tibial,DPN,-2.937,0.00331442129420562,1,1
GSPT1,Nerve_Tibial,DPN,-1.7846,0.07432083575729226,1,1
GSTO1,Nerve_Tibial,DPN,7.4985,6.455337221247789e-14,2,2
GTF2E2,Nerve_Tibial,DPN,-0.5745,0.5656277463517636,1,1
GTF2F1,Nerve_Tibial,DPN,-11.9517,6.364757762922293e-33,3,3
GTF2F2,Nerve_Tibial,DPN,4.3937,1.1141641644667637e-05,1,1
GTF3A,Nerve_Tibial,DPN,3.2247,0.001261109076589991,1,1
GTF3C3,Nerve_Tibial,DPN,1.1521,0.24927833181022396,2,2
GTF3C6,Nerve_Tibial,DPN,0.1598,0.8730770502373514,1,1
GTPBP1,Nerve_Tibial,DPN,11.7186,1.023867006877634e-31,2,2
GUK1,Nerve_Tibial,DPN,3.9765,6.994085550653357e-05,2,2
HAT1,Nerve_Tibial,DPN,0.7145,0.4749284757051664,1,1
HDLBP,Nerve_Tibial,DPN,-1.2999,0.1936425408255018,3,2
HERPUD2,Nerve_Tibial,DPN,-1.4321,0.152108919473,1,1
HGS,Nerve_Tibial,DPN,-9.2873,1.582155382304164e-20,1,1
HINT1,Nerve_Tibial,DPN,0.8964,0.37003713399853005,2,2
HIPK1,Nerve_Tibial,DPN,0.3546,0.722867909794644,2,2
HMGXB3,Nerve_Tibial,DPN,7.7705,7.817391707859733e-15,2,2
HNRNPM,Nerve_Tibial,DPN,2.1921,0.028368733227719697,2,1
HP1BP3,Nerve_Tibial,DPN,-2.9769,0.002911991260756504,1,1
HSBP1,Nerve_Tibial,DPN,-0.3649,0.7152206809242705,2,2
HSF1,Nerve_Tibial,DPN,7.8057,5.918066168490091e-15,1,1
HTT,Nerve_Tibial,DPN,1.2726,0.2031480749558735,2,1
IER3IP1,Nerve_Tibial,DPN,-0.652,0.5144021450796314,1,1
IK,Nerve_Tibial,DPN,-10.0776,6.938301485985501e-24,2,2
ILKAP,Nerve_Tibial,DPN,-0.5717,0.567538693812122,1,1
INTS10,Nerve_Tibial,DPN,-1.693,0.0904536382854947,2,1
INTS12,Nerve_Tibial,DPN,-11.2227,3.1559280412448935e-29,1,1
IPO8,Nerve_Tibial,DPN,0.3885,0.6976287026896768,3,3
IPO9,Nerve_Tibial,DPN,-0.1174,0.906512083649946,1,1
ITCH,Nerve_Tibial,DPN,0.4835,0.6287674685772131,1,1
IWS1,Nerve_Tibial,DPN,0.6082,0.543065053733136,1,1
JAGN1,Nerve_Tibial,DPN,-0.4372,0.6619473232246665,2,2
JAK1,Nerve_Tibial,DPN,-2.5769,0.009969080588668052,2,2
KARS,Nerve_Tibial,DPN,2.9324,0.0033630993216209365,2,1
KAT8,Nerve_Tibial,DPN,0.3147,0.7530113809337672,3,3
KBTBD2,Nerve_Tibial,DPN,-0.303,0.7618831523382792,2,2
KCMF1,Nerve_Tibial,DPN,-0.455,0.6490824564546924,1,1
KCTD20,Nerve_Tibial,DPN,3.0413,0.002355786758147653,5,3
KDELR2,Nerve_Tibial,DPN,1.5914,0.11152186601671367,3,2
KDM1A,Nerve_Tibial,DPN,1.743,0.08134042740694318,1,1
KDM4B,Nerve_Tibial,DPN,-13.5322,1.0091963425880657e-41,1,1
KHSRP,Nerve_Tibial,DPN,-1.5087,0.13137363220356418,1,1
KIF1BP,Nerve_Tibial,DPN,0.6271,0.5306052539543384,2,1
KPNA1,Nerve_Tibial,DPN,-5.0242,5.054718802034768e-07,2,1
KPNA3,Nerve_Tibial,DPN,-5.0465,4.499417190389143e-07,2,2
KPNA4,Nerve_Tibial,DPN,0.6831,0.4945417303620772,2,2
KPNA6,Nerve_Tibial,DPN,0.7945,0.42690772037141067,1,1
KXD1,Nerve_Tibial,DPN,1.0013,0.31666445729538045,2,1
LAMTOR5,Nerve_Tibial,DPN,-1.765,0.07756511312410916,3,2
LARP4B,Nerve_Tibial,DPN,-2.616,0.008897071781881477,2,1
LDB1,Nerve_Tibial,DPN,-1.7453,0.08093595810429673,1,1
LEMD2,Nerve_Tibial,DPN,-3.8851,0.00010229016155837587,4,4
LENG1,Nerve_Tibial,DPN,-0.4169,0.6767777723495856,3,2
LENG8,Nerve_Tibial,DPN,-3.0902,0.0020001389252477784,1,1
LMAN2,Nerve_Tibial,DPN,-3.8841,0.00010269430473107924,2,2
LMF2,Nerve_Tibial,DPN,-4.5476,5.424848132329695e-06,4,4
LONP1,Nerve_Tibial,DPN,-1.0114,0.3118348359285715,3,2
LRPAP1,Nerve_Tibial,DPN,-1.1975,0.23112142312139958,2,1
LSM12,Nerve_Tibial,DPN,-4.8388,1.3063686414732786e-06,2,2
LSM14A,Nerve_Tibial,DPN,5.7408,9.421548273553896e-09,1,1
LSM14B,Nerve_Tibial,DPN,-0.8772,0.3803879190150411,2,2
MAN1A2,Nerve_Tibial,DPN,10.2248,1.5353502773113093e-24,3,3
MAP2K1,Nerve_Tibial,DPN,-5.8708,4.337734279251823e-09,2,1
MAP2K2,Nerve_Tibial,DPN,-3.3414,0.0008334691255034091,2,2
MAPK1,Nerve_Tibial,DPN,-0.0126,0.9899728886024048,2,2
MAPK1IP1L,Nerve_Tibial,DPN,-1.5689,0.1166733807664297,1,1
MAPRE1,Nerve_Tibial,DPN,0.4944,0.6209952774193497,2,2
MARCH5,Nerve_Tibial,DPN,-0.4056,0.6850706141918042,1,1
MAX,Nerve_Tibial,DPN,3.5856,0.0003363435768548604,1,1
MCMBP,Nerve_Tibial,DPN,-5.2549,1.481146933993643e-07,2,1
MCRS1,Nerve_Tibial,DPN,7.4877,7.011601488525188e-14,1,1
MEA1,Nerve_Tibial,DPN,-1.9917,0.0464055557352062,1,1
MED10,Nerve_Tibial,DPN,-1.1766,0.2393742719831871,2,2
MED21,Nerve_Tibial,DPN,-6.1759,6.579365244106691e-10,3,3
MED25,Nerve_Tibial,DPN,0.7146,0.47486945302157163,1,1
MED4,Nerve_Tibial,DPN,1.1567,0.24738146216120424,2,1
MED9,Nerve_Tibial,DPN,1.283,0.19949253581862852,1,1
METTL9,Nerve_Tibial,DPN,4.8786,1.0683885281739997e-06,2,1
MFSD14A,Nerve_Tibial,DPN,4.3967,1.0991968874011494e-05,1,1
MGRN1,Nerve_Tibial,DPN,-3.2592,0.0011171607102701095,2,1
MKRN2,Nerve_Tibial,DPN,-2.9465,0.0032143719149711177,2,2
MLEC,Nerve_Tibial,DPN,13.7867,3.0660853727361133e-43,3,3
MLF2,Nerve_Tibial,DPN,-3.0414,0.0023546579746718138,2,2
MORC2,Nerve_Tibial,DPN,1.988,0.046807389525646816,2,2
MPHOSPH10,Nerve_Tibial,DPN,-0.6397,0.5223620006004395,1,1
MRTO4,Nerve_Tibial,DPN,0.1831,0.8547073047191182,3,3
MSL1,Nerve_Tibial,DPN,0.8438,0.398767936726843,1,1
MSL2,Nerve_Tibial,DPN,1.9367,0.052784109686330995,2,2
MTCH1,Nerve_Tibial,DPN,0.3281,0.7428409762232251,3,3
MTDH,Nerve_Tibial,DPN,-9.8047,1.074398205070042e-22,1,1
MYCBP2,Nerve_Tibial,DPN,-3.9811,6.859198550180774e-05,1,1
MYDGF,Nerve_Tibial,DPN,0.7263,0.4676487362808103,2,2
NACA,Nerve_Tibial,DPN,0.0613,0.9511276980390414,2,2
NAP1L1,Nerve_Tibial,DPN,-0.81,0.4179154196792355,1,1
NAP1L4,Nerve_Tibial,DPN,8.9527,3.4695489858512235e-19,2,2
NAPA,Nerve_Tibial,DPN,0.5878,0.5566902312177089,2,1
NAPG,Nerve_Tibial,DPN,-1.5363,0.12447333196041471,3,3
NARS,Nerve_Tibial,DPN,1.5774,0.11471322768530835,1,1
NCBP1,Nerve_Tibial,DPN,1.1257,0.26027559622676255,2,2
NDUFAF2,Nerve_Tibial,DPN,-3.6495,0.0002627899938275124,2,2
NDUFB8,Nerve_Tibial,DPN,-0.7793,0.4357860276304917,1,1
NELFB,Nerve_Tibial,DPN,-2.494,0.012630285524390081,2,2
NFYB,Nerve_Tibial,DPN,-7.6155,2.6272636293831436e-14,1,1
NGDN,Nerve_Tibial,DPN,-8.276,1.2737060761075824e-16,2,2
NMD3,Nerve_Tibial,DPN,8.185,2.724110832968604e-16,2,1
NOP9,Nerve_Tibial,DPN,-0.9793,0.32741174082278923,1,1
NOSIP,Nerve_Tibial,DPN,3.5698,0.00035728635189695744,1,1
NPEPPS,Nerve_Tibial,DPN,-2.6474,0.008110800206220114,3,3
NPLOC4,Nerve_Tibial,DPN,-1.2876,0.19788768121541242,4,2
NRBP1,Nerve_Tibial,DPN,-0.5973,0.5503094791387628,1,1
NSA2,Nerve_Tibial,DPN,1.1032,0.2699395486078613,2,2
NSMCE1,Nerve_Tibial,DPN,0.5832,0.559755277501429,2,2
NSMCE4A,Nerve_Tibial,DPN,4.5638,5.0243450997201395e-06,3,3
NUCKS1,Nerve_Tibial,DPN,-1.0131,0.31102960860796597,1,1
NUDC,Nerve_Tibial,DPN,-17.4435,3.8564524040241605e-68,3,1
NUDT16L1,Nerve_Tibial,DPN,5.7496,8.946348122016826e-09,1,1
NUDT21,Nerve_Tibial,DPN,7.2078,5.684912885319677e-13,2,2
NUDT9,Nerve_Tibial,DPN,-1.4708,0.1413388065433142,1,1
NUFIP2,Nerve_Tibial,DPN,-0.7052,0.4806711247146714,2,2
NUMA1,Nerve_Tibial,DPN,-0.228,0.8196087716675969,2,2
NUP133,Nerve_Tibial,DPN,0.5566,0.5777860735129317,2,2
NUS1,Nerve_Tibial,DPN,-2.6384,0.00832985640051274,1,1
OS9,Nerve_Tibial,DPN,2.2475,0.024605259044201327,1,1
OTUB1,Nerve_Tibial,DPN,4.3162,1.5876553911782434e-05,2,2
OXSR1,Nerve_Tibial,DPN,6.2685,3.6449035333494315e-10,2,2
PA2G4,Nerve_Tibial,DPN,-0.6176,0.5368600662507441,1,1
PACS1,Nerve_Tibial,DPN,0.8129,0.41628579875945076,1,1
PACSIN2,Nerve_Tibial,DPN,-7.0572,1.6983315814311643e-12,2,2
PAF1,Nerve_Tibial,DPN,-3.866,0.00011064661860308287,1,1
PAFAH1B1,Nerve_Tibial,DPN,-3.7952,0.0001475263608684613,2,1
PAFAH1B2,Nerve_Tibial,DPN,10.1663,2.8039007691276314e-24,3,2
PARK7,Nerve_Tibial,DPN,0.244,0.8072606805604259,3,3
PARN,Nerve_Tibial,DPN,-4.4555,8.369341842345301e-06,2,1
PARP1,Nerve_Tibial,DPN,-0.9589,0.33761465800752866,3,3
PATL1,Nerve_Tibial,DPN,-23.9021,2.9151988862534316e-126,2,2
PCGF3,Nerve_Tibial,DPN,3.5592,0.00037195475920739674,4,4
PCIF1,Nerve_Tibial,DPN,-6.2787,3.414506050148334e-10,1,1
PCMT1,Nerve_Tibial,DPN,1.6148,0.10636101546419759,3,2
PCMTD2,Nerve_Tibial,DPN,1.9858,0.0470516730173069,4,4
PCYOX1,Nerve_Tibial,DPN,-10.0585,8.42298406735927e-24,1,1
PDAP1,Nerve_Tibial,DPN,-6.0454,1.490366718577037e-09,1,1
PFDN2,Nerve_Tibial,DPN,3.6914,0.00022300283878980075,1,1
PGAM5,Nerve_Tibial,DPN,2.2247,0.026102397900467648,3,3
PGRMC2,Nerve_Tibial,DPN,5.9851,2.1629235631746856e-09,2,2
PHF12,Nerve_Tibial,DPN,3.7325,0.0001895572656393646,1,1
PHRF1,Nerve_Tibial,DPN,-5.0936,3.512369806920325e-07,3,1
PIGH,Nerve_Tibial,DPN,10.7232,7.918363367905146e-27,3,2
PMPCA,Nerve_Tibial,DPN,-1.9041,0.05689273811215322,2,2
PNO1,Nerve_Tibial,DPN,-2.5313,0.01136409826797,1,1
POFUT1,Nerve_Tibial,DPN,0.812,0.4168159561028785,2,1
POLD2,Nerve_Tibial,DPN,-3563.9159,0.0,3,3
POLE3,Nerve_Tibial,DPN,0.6307,0.5282490744005318,1,1
POLR2C,Nerve_Tibial,DPN,4.2502,2.1361519539270465e-05,2,2
POLR2K,Nerve_Tibial,DPN,-2.9281,0.0034102484511401086,1,1
POP7,Nerve_Tibial,DPN,2.1188,0.034111527337933614,1,1
PPID,Nerve_Tibial,DPN,3.1135,0.0018490468863596337,2,2
PPP1R11,Nerve_Tibial,DPN,0.2438,0.8073702232857777,3,2
PPP1R37,Nerve_Tibial,DPN,2.3643,0.018064731190771,2,2
PPP2CB,Nerve_Tibial,DPN,31.7008,1.512893970472618e-220,2,2
PPP2R5A,Nerve_Tibial,DPN,-6.9084,4.9032137997832975e-12,3,3
PPP2R5E,Nerve_Tibial,DPN,3.1274,0.001763634250779383,2,2
PPP5C,Nerve_Tibial,DPN,-2.1586,0.030882543892078732,3,3
PPP6C,Nerve_Tibial,DPN,-0.3251,0.7451382809261838,1,1
PPP6R1,Nerve_Tibial,DPN,-2.0387,0.04147784324596028,3,3
PPP6R2,Nerve_Tibial,DPN,-1.4939,0.13519431782442387,2,2
PPT1,Nerve_Tibial,DPN,3.1343,0.0017226414073973917,2,1
PPTC7,Nerve_Tibial,DPN,1.0755,0.2821389387506973,1,1
PRCC,Nerve_Tibial,DPN,-1.0843,0.2782487845831769,2,1
PRDM4,Nerve_Tibial,DPN,3.4418,0.0005778100791263895,3,3
PRDX5,Nerve_Tibial,DPN,-0.203,0.8391071961635912,4,4
PREB,Nerve_Tibial,DPN,8.5656,1.0749960638328207e-17,1,1
PREP,Nerve_Tibial,DPN,2.6249,0.008668057377462101,3,3
PRKAA1,Nerve_Tibial,DPN,3.2679,0.0010833775084540846,1,1
PRKAR1A,Nerve_Tibial,DPN,1.658,0.09731209717926229,2,2
PRKAR2A,Nerve_Tibial,DPN,1.3443,0.17885698581172682,1,1
PRKCSH,Nerve_Tibial,DPN,2.6543,0.007946694454280841,2,2
PRKRA,Nerve_Tibial,DPN,8.8948,5.851304443795011e-19,2,1
PRPF19,Nerve_Tibial,DPN,-1.2746,0.20243376055968518,1,1
PRPSAP1,Nerve_Tibial,DPN,-1.9369,0.052754596381261586,4,3
PSMA2,Nerve_Tibial,DPN,-6.314,2.7194934342650385e-10,1,1
PSMA6,Nerve_Tibial,DPN,-0.1858,0.8525677960168472,2,2
PSMA7,Nerve_Tibial,DPN,-2.9006,0.003725044178112045,2,2
PSMB1,Nerve_Tibial,DPN,-1.0731,0.2832238284051637,1,1
PSMB4,Nerve_Tibial,DPN,-2.7912,0.005251588503826308,1,1
PSMB7,Nerve_Tibial,DPN,-0.0856,0.9317773194151414,1,1
PSMC1,Nerve_Tibial,DPN,0.9275,0.3536871307576536,2,2
PSMC3,Nerve_Tibial,DPN,-1.4562,0.14533631514167922,3,3
PSMC5,Nerve_Tibial,DPN,-1.2957,0.19508542514455332,2,2
PSMD11,Nerve_Tibial,DPN,0.7603,0.44710086159375995,1,1
PSMD3,Nerve_Tibial,DPN,-5.0437,4.56659986325407e-07,2,2
PSMD4,Nerve_Tibial,DPN,-1.052,0.29280646108516317,3,2
PSMD8,Nerve_Tibial,DPN,0.214,0.8305672495199201,2,2
PSMG3,Nerve_Tibial,DPN,-9.7265,2.324778512533118e-22,1,1
PTPN11,Nerve_Tibial,DPN,-0.5778,0.563414431052401,2,1
PTRH2,Nerve_Tibial,DPN,3.061,0.0022063208992465673,2,2
PUM2,Nerve_Tibial,DPN,-1.583,0.11343198461430885,1,1
PURB,Nerve_Tibial,DPN,-0.6033,0.546325205911369,1,1
PWP1,Nerve_Tibial,DPN,-2.0013,0.045365409424198845,2,2
PWP2,Nerve_Tibial,DPN,-1.6191,0.10541663062039365,3,3
QRICH1,Nerve_Tibial,DPN,2.4133,0.015808767495074098,2,2
R3HCC1,Nerve_Tibial,DPN,1.0909,0.275297539332014,1,1
RAB11A,Nerve_Tibial,DPN,-0.2525,0.8006185152438097,2,2
RAB11B,Nerve_Tibial,DPN,0.0342,0.9727148053024618,1,1
RAB2A,Nerve_Tibial,DPN,1.1128,0.26578200508988037,1,1
RAB35,Nerve_Tibial,DPN,-4.7835,1.7230528031410997e-06,1,1
RAB3GAP1,Nerve_Tibial,DPN,-0.2798,0.7795941036152486,1,1
RAB5A,Nerve_Tibial,DPN,5.6676,1.4479696913986351e-08,2,1
RAB6A,Nerve_Tibial,DPN,1.1568,0.24734952295168824,3,3
RABGGTB,Nerve_Tibial,DPN,-4.1846,2.8561105770668814e-05,3,2
RAC1,Nerve_Tibial,DPN,1.757,0.07891004474477455,3,3
RAD23A,Nerve_Tibial,DPN,-2.5616,0.01041821758264073,1,1
RAD23B,Nerve_Tibial,DPN,-6.6854,2.302794267143508e-11,3,3
RALA,Nerve_Tibial,DPN,0.834,0.4042907916357992,1,1
RALBP1,Nerve_Tibial,DPN,-1.1193,0.26299667564098295,2,2
RALY,Nerve_Tibial,DPN,6.9988,2.582059421792489e-12,1,1
RANBP1,Nerve_Tibial,DPN,-3.4308,0.0006018099435268178,1,1
RANBP2,Nerve_Tibial,DPN,-1.8644,0.062265058529025294,2,2
RANBP9,Nerve_Tibial,DPN,-8.8946,5.862374436349366e-19,1,1
RANGAP1,Nerve_Tibial,DPN,-23.8449,1.1427243257521079e-125,3,2
RARS2,Nerve_Tibial,DPN,0.6904,0.4899205371515825,3,3
RBCK1,Nerve_Tibial,DPN,1.236,0.21644295737596841,3,3
RBM42,Nerve_Tibial,DPN,-12.309,8.098430776862386e-35,1,1
RBM8A,Nerve_Tibial,DPN,-0.7314,0.4645375747252121,2,1
RBX1,Nerve_Tibial,DPN,-2.2592,0.02387177898362021,1,1
RER1,Nerve_Tibial,DPN,-2.0187,0.04351763476108438,2,2
RERE,Nerve_Tibial,DPN,-0.4185,0.6756031085659842,1,1
RGP1,Nerve_Tibial,DPN,1.2229,0.22137653769665988,2,2
RHBDD2,Nerve_Tibial,DPN,13.5006,1.5518983150589838e-41,2,2
RHOT2,Nerve_Tibial,DPN,3.5632,0.00036629320781541414,3,2
RING1,Nerve_Tibial,DPN,3.4672,0.000525934884480893,1,1
RMND5A,Nerve_Tibial,DPN,0.1649,0.8690504649976436,1,1
RNF139,Nerve_Tibial,DPN,-0.7035,0.48175227428498574,1,1
RNF167,Nerve_Tibial,DPN,-1.662,0.0965154879104158,2,1
RNF168,Nerve_Tibial,DPN,0.4447,0.6565582141028763,3,3
RNF20,Nerve_Tibial,DPN,-1.7036,0.08845881453011019,1,1
RNF216,Nerve_Tibial,DPN,20.1644,2.009876977382704e-90,2,2
RNPS1,Nerve_Tibial,DPN,-0.6757,0.49925968465681936,2,2
RPA1,Nerve_Tibial,DPN,-2.5313,0.011363514121611651,4,3
RPA2,Nerve_Tibial,DPN,0.2966,0.7667584667609775,2,2
RRP9,Nerve_Tibial,DPN,-2.1672,0.030222606463092924,1,1
RTCB,Nerve_Tibial,DPN,-1.1026,0.27021134870520075,1,1
RTF1,Nerve_Tibial,DPN,-88.1371,0.0,2,2
RUVBL1,Nerve_Tibial,DPN,-9.5558,1.2259994420865104e-21,1,1
SAR1A,Nerve_Tibial,DPN,-1.3523,0.17628294254252366,2,2
SARNP,Nerve_Tibial,DPN,-6.0303,1.6369851523429135e-09,2,2
SARS,Nerve_Tibial,DPN,12.2628,1.4343228808553147e-34,1,1
SART3,Nerve_Tibial,DPN,1.2971,0.19459471199431513,1,1
SAV1,Nerve_Tibial,DPN,0.1801,0.8570379762108336,3,2
SBDS,Nerve_Tibial,DPN,1.7767,0.07561619042871345,2,2
SCYL1,Nerve_Tibial,DPN,3.5189,0.00043341148291695244,1,1
SCYL2,Nerve_Tibial,DPN,-23.9376,1.2428925867349816e-126,3,3
SDHAF2,Nerve_Tibial,DPN,-2.4469,0.01440710350944563,2,1
SEC13,Nerve_Tibial,DPN,2.6659,0.007677982854342102,2,1
SEC24B,Nerve_Tibial,DPN,0.8504,0.39507582840403604,1,1
SEC31A,Nerve_Tibial,DPN,-0.6913,0.48939498797342695,1,1
SEC62,Nerve_Tibial,DPN,2.0429,0.041065084369396446,2,1
SENP2,Nerve_Tibial,DPN,4.5781,4.691251835255366e-06,2,2
SENP5,Nerve_Tibial,DPN,-0.8791,0.3793452811833383,1,1
SETD5,Nerve_Tibial,DPN,-23.1428,1.7189984025305506e-118,1,1
SF1,Nerve_Tibial,DPN,-3.016,0.0025610769522413793,2,1
SF3A2,Nerve_Tibial,DPN,-0.0216,0.9827517003465656,2,1
SF3A3,Nerve_Tibial,DPN,2.7793,0.005446893833685497,3,2
SF3B1,Nerve_Tibial,DPN,-2.8887,0.003867829803905802,1,1
SF3B4,Nerve_Tibial,DPN,-9.0237,1.8187290575776445e-19,1,1
SF3B6,Nerve_Tibial,DPN,4.5896,4.440744652453784e-06,1,1
SGTA,Nerve_Tibial,DPN,3.6054,0.0003117296580624029,1,1
SHARPIN,Nerve_Tibial,DPN,-2.6873,0.00720394526724402,1,1
SKP1,Nerve_Tibial,DPN,-8.8087,1.266567640728862e-18,2,1
SLIRP,Nerve_Tibial,DPN,5.7072,1.1486121998647532e-08,2,2
SLTM,Nerve_Tibial,DPN,2.7128,0.006670900769089294,2,1
SLU7,Nerve_Tibial,DPN,-2.014,0.04401299063910996,2,1
SMAP1,Nerve_Tibial,DPN,3.1474,0.0016474915505823706,1,1
SMARCB1,Nerve_Tibial,DPN,0.3125,0.7546957726029658,2,2
SMDT1,Nerve_Tibial,DPN,-1.0704,0.2844420765582785,3,3
SMPD1,Nerve_Tibial,DPN,-0.8689,0.3849170584459312,2,1
SMYD5,Nerve_Tibial,DPN,0.3944,0.6932761171282211,2,2
SNAP29,Nerve_Tibial,DPN,-4.0927,4.2630522140653736e-05,3,3
SNAPIN,Nerve_Tibial,DPN,0.1934,0.8466416288077669,1,1
SND1,Nerve_Tibial,DPN,1.261,0.20729655171992564,1,1
SNF8,Nerve_Tibial,DPN,-0.1931,0.8468961156537715,1,1
SNRNP35,Nerve_Tibial,DPN,2.9895,0.0027946608859924617,2,2
SNRNP70,Nerve_Tibial,DPN,0.2691,0.7878593954672257,3,2
SNRPA,Nerve_Tibial,DPN,-0.6782,0.49767146849987925,1,1
SNX1,Nerve_Tibial,DPN,-1.5903,0.1117773021870164,2,2
SNX19,Nerve_Tibial,DPN,-0.9371,0.3487105359228388,2,2
SNX3,Nerve_Tibial,DPN,0.8781,0.3798719477560183,2,1
SP1,Nerve_Tibial,DPN,0.5596,0.5757622368771467,2,2
SP2,Nerve_Tibial,DPN,-2.8939,0.0038049859223360212,2,2
SPAG7,Nerve_Tibial,DPN,1.6115,0.10707816884505644,4,4
SPAG9,Nerve_Tibial,DPN,2.5071,0.012171167847423654,1,1
SPPL3,Nerve_Tibial,DPN,-7.9825,1.4338060516156509e-15,3,1
SPTSSA,Nerve_Tibial,DPN,1.8976,0.057742938892600584,1,1
SRM,Nerve_Tibial,DPN,3.0595,0.002216919360160711,2,2
SRP14,Nerve_Tibial,DPN,3.6877,0.00022631264547794523,3,2
SRP9,Nerve_Tibial,DPN,-0.2732,0.7847268721261959,3,2
SRSF3,Nerve_Tibial,DPN,-6.4153,1.4056897247801332e-10,1,1
SRSF6,Nerve_Tibial,DPN,-0.6948,0.4872076157553569,1,1
SSNA1,Nerve_Tibial,DPN,-4.0409,5.323537014609514e-05,1,1
SSR2,Nerve_Tibial,DPN,9.7241,2.380869327707327e-22,2,1
SSR3,Nerve_Tibial,DPN,-0.1036,0.9174836287535675,1,1
SSRP1,Nerve_Tibial,DPN,-0.6597,0.5094610525970674,1,1
ST13,Nerve_Tibial,DPN,-1.5222,0.12795141356820783,1,1
STAT3,Nerve_Tibial,DPN,-0.1808,0.8564925641468855,1,1
STAU1,Nerve_Tibial,DPN,-1.5492,0.12134476300394173,1,1
STK24,Nerve_Tibial,DPN,-4.9107,9.074120659658181e-07,1,1
STK38,Nerve_Tibial,DPN,3.5824,0.0003403880730789765,3,3
STRAP,Nerve_Tibial,DPN,-2.0985,0.035859465169170025,1,1
STRN4,Nerve_Tibial,DPN,1.2531,0.21017621876552267,1,1
STUB1,Nerve_Tibial,DPN,1.8328,0.06683959732322317,2,1
STX4,Nerve_Tibial,DPN,-0.326,0.7443912617708669,1,1
STX5,Nerve_Tibial,DPN,-8.6682,4.391145249548102e-18,1,1
STX8,Nerve_Tibial,DPN,4.3477,1.3758537353018016e-05,2,1
SUGT1,Nerve_Tibial,DPN,-2.1845,0.028922364601872648,1,1
SUPT6H,Nerve_Tibial,DPN,-5.6199,1.910169546811609e-08,1,1
SURF4,Nerve_Tibial,DPN,-8.5411,1.3300519304202736e-17,2,2
SYF2,Nerve_Tibial,DPN,-2.5375,0.011165854588772657,1,1
TAB1,Nerve_Tibial,DPN,1.3129,0.1892024348500135,2,2
TAF10,Nerve_Tibial,DPN,1.8675,0.061833548069451516,1,1
TAOK2,Nerve_Tibial,DPN,3.0214,0.002515703370777637,3,2
TARDBP,Nerve_Tibial,DPN,-2.8285,0.0046761961855484565,1,1
TBCA,Nerve_Tibial,DPN,-1.2458,0.2128308512026304,2,1
TBCB,Nerve_Tibial,DPN,-0.0758,0.9395499322786147,1,1
TBCD,Nerve_Tibial,DPN,-0.6179,0.5366313427331146,3,2
TBK1,Nerve_Tibial,DPN,-1.6685,0.09522185632087753,1,1
TBL1XR1,Nerve_Tibial,DPN,0.9367,0.3488967794486857,1,1
TCP1,Nerve_Tibial,DPN,-0.0608,0.951488292914253,2,2
TERF2IP,Nerve_Tibial,DPN,-1.46,0.14429088705248955,2,1
TEX261,Nerve_Tibial,DPN,-1.1958,0.23176177792542368,4,3
THOC7,Nerve_Tibial,DPN,5.273,1.3418104737225223e-07,2,2
THRAP3,Nerve_Tibial,DPN,-8.2545,1.5255402375616758e-16,1,1
TIMM17A,Nerve_Tibial,DPN,0.37,0.711349368243509,4,3
TMED1,Nerve_Tibial,DPN,1.0079,0.31351575795446895,1,1
TMED10,Nerve_Tibial,DPN,2.3492,0.018813760623586348,2,1
TMED4,Nerve_Tibial,DPN,0.7778,0.43671329675124937,2,2
TMED9,Nerve_Tibial,DPN,3.5749,0.00035033826049674495,4,3
TMEM101,Nerve_Tibial,DPN,-19.7444,8.954031787145198e-87,2,2
TMEM127,Nerve_Tibial,DPN,-2.8547,0.004307967785303012,2,2
TMEM165,Nerve_Tibial,DPN,1.576,0.11503098890775468,2,1
TMEM203,Nerve_Tibial,DPN,-1.152,0.2493414365138028,1,1
TMEM230,Nerve_Tibial,DPN,0.0695,0.9445976931001551,2,2
TMEM245,Nerve_Tibial,DPN,6.2239,4.850601798173226e-10,3,3
TMEM248,Nerve_Tibial,DPN,-8.5692,1.0423377334667697e-17,2,2
TMEM256,Nerve_Tibial,DPN,-29.2024,1.807083915573913e-187,3,2
TMEM258,Nerve_Tibial,DPN,-4.5613,5.083220551935978e-06,3,3
TMEM30A,Nerve_Tibial,DPN,0.5423,0.5876407197460674,1,1
TMEM42,Nerve_Tibial,DPN,3.0325,0.0024254314761316615,1,1
TMEM50A,Nerve_Tibial,DPN,-0.921,0.357074712915363,2,1
TMEM60,Nerve_Tibial,DPN,-2.3798,0.01732206894978149,1,1
TMX3,Nerve_Tibial,DPN,-6.209,5.332077830730463e-10,2,1
TNKS2,Nerve_Tibial,DPN,2.3683,0.017869361658326068,4,3
TOLLIP,Nerve_Tibial,DPN,1.1837,0.2365193477623787,2,2
TOMM20,Nerve_Tibial,DPN,1.1831,0.2367735341516023,2,2
TOMM22,Nerve_Tibial,DPN,-1.5817,0.11371640761117363,2,1
TOMM70,Nerve_Tibial,DPN,2.0986,0.035848522064587274,2,2
TOR1A,Nerve_Tibial,DPN,-4.9478,7.506843366469763e-07,1,1
TOR1B,Nerve_Tibial,DPN,-5.2008,1.984189593740427e-07,3,3
TPP2,Nerve_Tibial,DPN,3.0832,0.0020480650133434045,2,1
TRAM1,Nerve_Tibial,DPN,-3.285,0.0010198331228621412,3,3
TRIP4,Nerve_Tibial,DPN,-10.3258,5.385045213321918e-25,3,2
TRMT112,Nerve_Tibial,DPN,1.4991,0.13385940661731804,2,2
TSPYL1,Nerve_Tibial,DPN,-2.5306,0.011385917082093862,2,1
TTC37,Nerve_Tibial,DPN,3.3547,0.0007945390819206846,3,3
TUBG1,Nerve_Tibial,DPN,-0.7122,0.4763425878613842,1,1
TXN2,Nerve_Tibial,DPN,10.6324,2.10719037741034e-26,1,1
TXNL1,Nerve_Tibial,DPN,-2.4423,0.014595518828344492,1,1
U2AF2,Nerve_Tibial,DPN,-1.0535,0.2920966041677614,2,1
UBE2F,Nerve_Tibial,DPN,-0.5745,0.565614820688024,2,2
UBE2I,Nerve_Tibial,DPN,2.4983,0.012479410569844527,3,2
UBE2Q1,Nerve_Tibial,DPN,3.797,0.00014645967143164912,1,1
UBE2Z,Nerve_Tibial,DPN,-4.1413,3.453105353750363e-05,1,1
UBFD1,Nerve_Tibial,DPN,-1.3554,0.17527434136935227,1,1
UBL5,Nerve_Tibial,DPN,2.0269,0.042668469811708847,1,1
UBL7,Nerve_Tibial,DPN,5.803,6.513752380657731e-09,2,1
UBP1,Nerve_Tibial,DPN,1.3444,0.17882270993357638,2,1
UBQLN1,Nerve_Tibial,DPN,-0.9619,0.3361091756199747,2,1
UBR4,Nerve_Tibial,DPN,1.3544,0.1756242530572198,1,1
UFC1,Nerve_Tibial,DPN,-108.3615,0.0,2,2
UFL1,Nerve_Tibial,DPN,2.9032,0.00369416145368305,3,3
UGP2,Nerve_Tibial,DPN,16.2108,4.230570654971694e-59,1,1
UROD,Nerve_Tibial,DPN,1.2609,0.2073278306906376,2,2
USB1,Nerve_Tibial,DPN,5.344,9.091698530744017e-08,1,1
USP14,Nerve_Tibial,DPN,-3.0854,0.002032858052260906,2,2
USP22,Nerve_Tibial,DPN,-0.0075,0.9940506631358714,1,1
USP4,Nerve_Tibial,DPN,-0.5646,0.5723412270993279,1,1
USP48,Nerve_Tibial,DPN,-2.1446,0.03198455831897589,3,3
UTP18,Nerve_Tibial,DPN,-3.1364,0.0017103088536962322,4,4
UTP3,Nerve_Tibial,DPN,-0.7883,0.43050356122253697,2,1
VDAC1,Nerve_Tibial,DPN,-0.6889,0.49091726702127086,2,2
VEZF1,Nerve_Tibial,DPN,10.4616,1.296306713135394e-25,2,2
VPS26B,Nerve_Tibial,DPN,0.3722,0.7097341125115304,1,1
VPS29,Nerve_Tibial,DPN,0.1826,0.8551401056904758,1,1
VPS36,Nerve_Tibial,DPN,-1.1196,0.262883379454588,1,1
VPS37C,Nerve_Tibial,DPN,-1.0093,0.31284668393788867,2,1
VPS52,Nerve_Tibial,DPN,-0.8009,0.4232007469195789,1,1
VTI1B,Nerve_Tibial,DPN,-1.1199,0.2627589791948919,2,1
WAC,Nerve_Tibial,DPN,1.4506,0.14689013417139132,3,1
WASL,Nerve_Tibial,DPN,7.7841,7.0184966878299404e-15,2,2
WDR45B,Nerve_Tibial,DPN,1.2564,0.20898891726046834,4,2
WDR46,Nerve_Tibial,DPN,3.4246,0.0006156044516851727,2,2
WDR55,Nerve_Tibial,DPN,-2.1272,0.03340725083411826,2,1
WDR83OS,Nerve_Tibial,DPN,-8.4956,1.9691048752346456e-17,2,2
WHAMM,Nerve_Tibial,DPN,1.4401,0.1498291193353858,2,2
WIPI2,Nerve_Tibial,DPN,2.3863,0.01701966175413848,3,3
YARS,Nerve_Tibial,DPN,4.7735,1.8103524616848118e-06,2,2
YIF1A,Nerve_Tibial,DPN,1.5766,0.1148787288930886,1,1
YIPF3,Nerve_Tibial,DPN,-0.3585,0.7199395334290044,2,1
YWHAB,Nerve_Tibial,DPN,-5.7615,8.335431613464208e-09,2,2
YY1,Nerve_Tibial,DPN,-1.7069,0.08783158226541977,1,1
ZC3H15,Nerve_Tibial,DPN,0.9122,0.3616713111456146,1,1
ZC3H18,Nerve_Tibial,DPN,-1.0797,0.28028206720974097,1,1
ZC3H3,Nerve_Tibial,DPN,-1.4414,0.14946826716942757,3,3
ZDHHC6,Nerve_Tibial,DPN,-3.3696,0.0007526606178128852,2,2
ZDHHC7,Nerve_Tibial,DPN,-4.1831,2.8761698191642143e-05,2,2
ZFP91,Nerve_Tibial,DPN,1.416,0.15676310529371684,1,1
ZFPL1,Nerve_Tibial,DPN,-1.6171,0.10585929688754853,1,1
ZMAT2,Nerve_Tibial,DPN,-1.2082,0.2269512119602845,1,1
ZMPSTE24,Nerve_Tibial,DPN,1.9153,0.05544982842881446,2,2
ZNF330,Nerve_Tibial,DPN,-1.9175,0.055175660626549446,2,1
ZNF777,Nerve_Tibial,DPN,2.5957,0.009439741664384814,3,2
ZRANB1,Nerve_Tibial,DPN,-6.9625,3.3423792915269044e-12,1,1
ZRANB2,Nerve_Tibial,DPN,-3.4358,0.0005908470129930878,2,2
AAMP,Whole_Blood,DPN,-1.8361,0.06633754746420104,1,1
AAR2,Whole_Blood,DPN,-4.2703,1.95193329009525e-05,1,1
AARS,Whole_Blood,DPN,-0.3348,0.7377429480246012,1,1
AARSD1,Whole_Blood,DPN,3.8874,0.00010130882757879161,1,1
ABCF2,Whole_Blood,DPN,6.1923,5.927766565154931e-10,3,2
ACBD3,Whole_Blood,DPN,0.112,0.9108104216035953,1,1
ACBD6,Whole_Blood,DPN,3.457,0.0005461930640833474,1,1
ACTR1A,Whole_Blood,DPN,5.1492,2.6165960603137037e-07,2,1
ACTR1B,Whole_Blood,DPN,-4.7664,1.875350413222933e-06,2,2
ADH5,Whole_Blood,DPN,1.3644,0.17244760202639547,3,1
ADIPOR2,Whole_Blood,DPN,-2.2504,0.024420581566378444,2,2
AGAP3,Whole_Blood,DPN,-6.1374,8.390162037168108e-10,4,4
AGGF1,Whole_Blood,DPN,1.1163,0.26428280974422846,2,2
AIDA,Whole_Blood,DPN,1.8491,0.06444001729387258,1,1
AK2,Whole_Blood,DPN,1.5382,0.123998591804097,2,2
AK3,Whole_Blood,DPN,7.5491,4.38178588394533e-14,2,2
AKIRIN1,Whole_Blood,DPN,-1.4644,0.14307271990308496,2,2
AKIRIN2,Whole_Blood,DPN,1.5234,0.12765665405367244,1,1
ALDH9A1,Whole_Blood,DPN,3.0764,0.0020950386040725242,3,3
ALKBH5,Whole_Blood,DPN,4.0032,6.247872461212376e-05,2,2
AMFR,Whole_Blood,DPN,-4.8377,1.313812844629517e-06,2,2
ANAPC2,Whole_Blood,DPN,-6.1958,5.797166533570671e-10,2,2
ANKLE2,Whole_Blood,DPN,0.6992,0.4844012950719135,4,3
ANKRD10,Whole_Blood,DPN,-0.2795,0.7798814201394095,3,3
ANKRD40,Whole_Blood,DPN,2.9348,0.003337143263555992,2,2
ANKS1A,Whole_Blood,DPN,-18.7411,2.287167739904805e-78,1,1
ANP32B,Whole_Blood,DPN,-0.9517,0.34124582338869397,2,1
AP2M1,Whole_Blood,DPN,-4.7672,1.8678549369510822e-06,2,1
AP3M1,Whole_Blood,DPN,0.6533,0.5135821417367412,2,2
APEH,Whole_Blood,DPN,-3.0309,0.002438378586271922,1,1
APH1A,Whole_Blood,DPN,0.7616,0.44632417211236947,1,1
API5,Whole_Blood,DPN,0.4998,0.6172326623762889,2,2
ARCN1,Whole_Blood,DPN,1.4752,0.1401715535228339,2,2
ARF4,Whole_Blood,DPN,-3.3828,0.0007175339502737027,3,3
ARFGAP2,Whole_Blood,DPN,13.021,9.293030959981747e-39,2,2
ARFGAP3,Whole_Blood,DPN,0.0646,0.9485054713863915,2,2
ARFGEF2,Whole_Blood,DPN,0.6598,0.5094015529744409,2,2
ARHGAP1,Whole_Blood,DPN,0.18,0.8571426125003323,2,2
ARIH2,Whole_Blood,DPN,-0.8296,0.4067442372052449,1,1
ARL1,Whole_Blood,DPN,1.3716,0.17019780030798137,2,1
ARL14EP,Whole_Blood,DPN,0.0121,0.9903404123511279,1,1
ARL6IP1,Whole_Blood,DPN,0.539,0.5898690432571552,2,2
ARL8B,Whole_Blood,DPN,-3.1692,0.0015287472097945305,1,1
ARPC2,Whole_Blood,DPN,-2.528,0.011470577022075549,3,3
ARPP19,Whole_Blood,DPN,-14.2949,2.3548104455138417e-46,3,3
ASNSD1,Whole_Blood,DPN,-2.7302,0.00632891566365469,1,1
ASXL1,Whole_Blood,DPN,1.8722,0.06117726666803224,1,1
ATF6,Whole_Blood,DPN,-12.5871,2.4870374252627914e-36,2,2
ATF6B,Whole_Blood,DPN,65.5759,0.0,1,1
ATG101,Whole_Blood,DPN,1.2352,0.2167409478562233,2,1
ATG3,Whole_Blood,DPN,5.6284,1.8190761119869274e-08,1,1
B4GALT7,Whole_Blood,DPN,-0.3671,0.7135515370618195,2,2
BAD,Whole_Blood,DPN,7.6255,2.4308279145791766e-14,1,1
BAG6,Whole_Blood,DPN,10.6991,1.0274979450756023e-26,2,2
BANF1,Whole_Blood,DPN,1.3793,0.1678118824858494,2,2
BAZ1B,Whole_Blood,DPN,15.6794,2.092452764184041e-55,1,1
BCKDK,Whole_Blood,DPN,-0.4984,0.6181931962900522,2,2
BFAR,Whole_Blood,DPN,-0.5148,0.6067042999132447,1,1
BLOC1S2,Whole_Blood,DPN,-0.7269,0.4672800694044171,3,3
BORCS7,Whole_Blood,DPN,3.1277,0.0017620370228208055,3,3
BRD3,Whole_Blood,DPN,1.9475,0.051470982136422115,2,1
BRD4,Whole_Blood,DPN,-1.5849,0.11298398234871423,1,1
BRK1,Whole_Blood,DPN,0.1734,0.86230885875338,3,3
BSDC1,Whole_Blood,DPN,-1.0349,0.3007112345411494,1,1
BTBD1,Whole_Blood,DPN,-0.7057,0.4803797540658291,1,1
BUB3,Whole_Blood,DPN,1.8332,0.06677343836192796,1,1
BUD31,Whole_Blood,DPN,11.9739,4.8686838748040426e-33,2,2
BZW1,Whole_Blood,DPN,-1.5181,0.12898021632511644,2,2
C11ORF98,Whole_Blood,DPN,-1.647,0.09954896298418822,1,1
C14ORF119,Whole_Blood,DPN,0.4762,0.6339072650768853,2,1
C16ORF70,Whole_Blood,DPN,4.2026,2.638810642673479e-05,1,1
C6ORF120,Whole_Blood,DPN,0.6576,0.5107698825234781,3,3
C9ORF78,Whole_Blood,DPN,0.1131,0.909918625990261,1,1
CAB39,Whole_Blood,DPN,4.5245,6.054341155029558e-06,2,1
CACTIN,Whole_Blood,DPN,-3.8863,0.000101799455423503,3,3
CALR,Whole_Blood,DPN,-3.9523,7.739217456305561e-05,2,2
CBX1,Whole_Blood,DPN,-0.2325,0.8161747073947869,3,2
CBY1,Whole_Blood,DPN,-1.8386,0.06596936966907348,2,2
CCAR2,Whole_Blood,DPN,1.0196,0.3079276180991634,1,1
CCDC124,Whole_Blood,DPN,1.7186,0.08569125873380452,3,3
CCDC50,Whole_Blood,DPN,2.922,0.003477822676959822,2,2
CCDC97,Whole_Blood,DPN,-1.9406,0.0523026555569954,1,1
CCNI,Whole_Blood,DPN,2.5904,0.009586454606373064,1,1
CCNK,Whole_Blood,DPN,-0.3439,0.7308981990339216,2,2
CCZ1,Whole_Blood,DPN,0.4252,0.6706661279193247,4,3
CD2BP2,Whole_Blood,DPN,19.0159,1.2599929370962654e-80,2,2
CDC123,Whole_Blood,DPN,-1.3229,0.18585915673782846,1,1
CDC16,Whole_Blood,DPN,0.1561,0.8759599124478089,1,1
CDC26,Whole_Blood,DPN,-1.1135,0.26550066366367947,2,2
CDC37L1,Whole_Blood,DPN,-1.5296,0.1261063796289642,2,2
CDC42,Whole_Blood,DPN,-0.7373,0.46094120890581153,2,2
CDC42SE1,Whole_Blood,DPN,11.754,6.73249259634284e-32,1,1
CDKN1B,Whole_Blood,DPN,-2.52,0.011737008335944338,1,1
CEBPZOS,Whole_Blood,DPN,2.2371,0.02528053478967411,1,1
CFDP1,Whole_Blood,DPN,0.6972,0.48568661041284655,3,1
CFL1,Whole_Blood,DPN,2.3146,0.020633547082677697,1,1
CGGBP1,Whole_Blood,DPN,14.369,8.102925395058613e-47,2,2
CHMP2A,Whole_Blood,DPN,-3.6873,0.0002266343337401496,2,2
CHMP2B,Whole_Blood,DPN,-2.7669,0.005658606809815763,4,4
CHMP3,Whole_Blood,DPN,1.8119,0.06999560929729551,3,3
CHMP4B,Whole_Blood,DPN,-2.8704,0.004099988341088781,2,2
CHMP6,Whole_Blood,DPN,-0.2437,0.8074980998946739,3,3
CHTOP,Whole_Blood,DPN,-1.2503,0.2111917871073496,1,1
CIPC,Whole_Blood,DPN,-0.601,0.5478199811637372,3,1
CLNS1A,Whole_Blood,DPN,-4.2143,2.505299561111893e-05,1,1
CLPP,Whole_Blood,DPN,0.5998,0.5486259700331273,1,1
CNBP,Whole_Blood,DPN,-5.578,2.4334084891773332e-08,1,1
CNOT11,Whole_Blood,DPN,-16.1672,8.594820380761887e-59,2,2
COA5,Whole_Blood,DPN,-1.143,0.25303603702379773,1,1
COA6,Whole_Blood,DPN,12.4037,2.494946600660843e-35,3,2
COG7,Whole_Blood,DPN,4.7272,2.2760932900290826e-06,1,1
COPA,Whole_Blood,DPN,1.2634,0.2064567735466096,2,2
COPE,Whole_Blood,DPN,3.182,0.0014627188414180715,2,2
COPG1,Whole_Blood,DPN,18.3644,2.531108727084054e-75,1,1
COQ5,Whole_Blood,DPN,6.0945,1.0979525049938565e-09,3,3
COX15,Whole_Blood,DPN,-7.947,1.910799525390669e-15,1,1
COX17,Whole_Blood,DPN,1.8904,0.05870764047885744,1,1
CREBBP,Whole_Blood,DPN,1.7086,0.08753053288807594,1,1
CRTC3,Whole_Blood,DPN,-4.3919,1.1235645607079768e-05,2,2
CSNK1A1,Whole_Blood,DPN,-0.4106,0.6813370073706506,1,1
CSNK1D,Whole_Blood,DPN,-0.8198,0.41231143596246095,3,1
CSNK2A2,Whole_Blood,DPN,-5.0638,4.1088691813802723e-07,1,1
CSNK2B,Whole_Blood,DPN,0.9894,0.32245921352104884,2,2
CTBP1,Whole_Blood,DPN,-0.0658,0.947574653183546,2,2
CTDNEP1,Whole_Blood,DPN,0.6081,0.5431058295239239,1,1
CTNNB1,Whole_Blood,DPN,-2.1298,0.03318627166511313,1,1
CTNNBL1,Whole_Blood,DPN,-1.7113,0.08702872728094872,2,2
CUL1,Whole_Blood,DPN,-2.963,0.003046257810970261,2,2
CUL3,Whole_Blood,DPN,-1.3448,0.17869891285725267,1,1
CUTA,Whole_Blood,DPN,-22.5564,1.1622258413116133e-112,2,2
CYB5B,Whole_Blood,DPN,-1.357,0.17476611679650725,1,1
DAD1,Whole_Blood,DPN,-2.9578,0.0030979428916631966,2,1
DAP3,Whole_Blood,DPN,1.2822,0.19977536743214455,1,1
DARS,Whole_Blood,DPN,-0.0627,0.9499923415261118,2,2
DCAF12,Whole_Blood,DPN,-4.4,1.0824775007497009e-05,1,1
DCAF15,Whole_Blood,DPN,1.4526,0.14632207711138917,1,1
DCTN2,Whole_Blood,DPN,6.1099,9.971944530917014e-10,1,1
DCTN4,Whole_Blood,DPN,2.8603,0.004232281280380096,1,1
DEAF1,Whole_Blood,DPN,-0.4582,0.6468153603421958,1,1
DENND6A,Whole_Blood,DPN,-10.1245,4.302894039929974e-24,2,2
DERL1,Whole_Blood,DPN,1.015,0.3100847365028336,2,1
DNAJA1,Whole_Blood,DPN,-2.3857,0.017047818796198076,2,1
DNAJA2,Whole_Blood,DPN,1.8973,0.057790329729411,1,1
DNAJA3,Whole_Blood,DPN,-2.9261,0.0034326542969834914,1,1
DNAJB6,Whole_Blood,DPN,0.7577,0.44860200922235566,2,2
DNAJC13,Whole_Blood,DPN,-3.8625,0.0001122203696996454,2,2
DNAJC3,Whole_Blood,DPN,-0.4395,0.6602779178715074,1,1
DNAJC4,Whole_Blood,DPN,5.0165,5.263232463089279e-07,2,2
DNAJC9,Whole_Blood,DPN,5.5627,2.6566316821170337e-08,1,1
DNLZ,Whole_Blood,DPN,5.2429,1.5804699460587612e-07,4,1
DNTTIP1,Whole_Blood,DPN,-1.944,0.0518931417557754,2,2
DPY30,Whole_Blood,DPN,1.4281,0.15324936837381373,1,1
DYNC1LI1,Whole_Blood,DPN,0.9434,0.345458816281388,3,1
E2F4,Whole_Blood,DPN,3.9353,8.31017654589214e-05,2,2
E4F1,Whole_Blood,DPN,0.3815,0.7028492845158281,1,1
EBAG9,Whole_Blood,DPN,1.3316,0.18299883235335002,2,2
EBNA1BP2,Whole_Blood,DPN,-1.148,0.25095083354465225,2,1
EGLN2,Whole_Blood,DPN,-13.184,1.0849623766868774e-39,4,3
ELOF1,Whole_Blood,DPN,-0.7443,0.45669978365892333,2,1
EMC2,Whole_Blood,DPN,-0.9648,0.334649380649946,1,1
EMC3,Whole_Blood,DPN,0.5391,0.5898242612160209,1,1
EMC4,Whole_Blood,DPN,-3.4414,0.0005786688653035022,2,2
EMC6,Whole_Blood,DPN,2.6391,0.00831379555088312,1,1
EMC7,Whole_Blood,DPN,-1.3162,0.18811214589450237,1,1
EMC8,Whole_Blood,DPN,-2.9085,0.003631918611864669,2,2
EPN1,Whole_Blood,DPN,10.0308,1.1163328927326584e-23,2,2
ERGIC1,Whole_Blood,DPN,-2.4575,0.013990547084367155,1,1
ERGIC3,Whole_Blood,DPN,5.5017,3.76177623622221e-08,1,1
ERH,Whole_Blood,DPN,2.8928,0.0038186595945324136,2,2
ERI3,Whole_Blood,DPN,-0.7302,0.46529612169109247,1,1
ERLEC1,Whole_Blood,DPN,-1.9924,0.046328852014701556,2,1
ERP29,Whole_Blood,DPN,3.0395,0.0023696568988270453,1,1
ETF1,Whole_Blood,DPN,-1.2222,0.22163637395614916,1,1
FAM122A,Whole_Blood,DPN,-0.1789,0.8579994146945953,1,1
FAM160B1,Whole_Blood,DPN,2.1856,0.02884843520051422,2,2
FAM168A,Whole_Blood,DPN,-0.4709,0.6377366732839547,3,1
FAM192A,Whole_Blood,DPN,-5.5683,2.5720266807229377e-08,2,2
FAM20B,Whole_Blood,DPN,-1.4305,0.15257329432104613,1,1
FBL,Whole_Blood,DPN,0.6999,0.4839884672470971,1,1
FBXL3,Whole_Blood,DPN,4.48,7.464376055817469e-06,2,2
FBXO42,Whole_Blood,DPN,3.1564,0.001597199892496437,1,1
FBXW4,Whole_Blood,DPN,0.4429,0.6578227617749184,1,1
FCF1,Whole_Blood,DPN,0.7976,0.425093271767175,1,1
FEM1B,Whole_Blood,DPN,-2.6071,0.009130671204042786,1,1
FIBP,Whole_Blood,DPN,-1.2972,0.19456181747126558,1,1
FIZ1,Whole_Blood,DPN,1.0104,0.31231195084050983,1,1
FLCN,Whole_Blood,DPN,-0.6674,0.5044856109113081,1,1
FTSJ3,Whole_Blood,DPN,-0.0505,0.9597109553270078,2,2
FUBP3,Whole_Blood,DPN,-2.8248,0.004730538598398372,1,1
G3BP1,Whole_Blood,DPN,-1.4135,0.15750292204536265,1,1
G3BP2,Whole_Blood,DPN,-1.1914,0.23349025809840582,2,2
G6PC3,Whole_Blood,DPN,0.539,0.5899199907503005,2,1
GABARAPL2,Whole_Blood,DPN,-1.1376,0.2552956196268891,2,1
GATAD1,Whole_Blood,DPN,0.7774,0.43692138317891405,2,2
GATAD2B,Whole_Blood,DPN,0.3973,0.6911788375624247,2,1
GBF1,Whole_Blood,DPN,2.7576,0.0058222853196977726,1,1
GDI2,Whole_Blood,DPN,-2.3553,0.01850747186100071,2,2
GID8,Whole_Blood,DPN,1.5868,0.11256765110366741,2,2
GNB1,Whole_Blood,DPN,-3.0658,0.0021711114124105765,1,1
GNPAT,Whole_Blood,DPN,-4.2899,1.7879245312851087e-05,1,1
GNPTG,Whole_Blood,DPN,-0.4703,0.6381648822499966,2,2
GOLGA3,Whole_Blood,DPN,1.1274,0.2595781899821859,2,2
GOLGA4,Whole_Blood,DPN,5.3831,7.323120194334236e-08,1,1
GOLPH3,Whole_Blood,DPN,3.0388,0.0023752711819728977,3,3
GORASP2,Whole_Blood,DPN,0.2967,0.7666662111134399,1,1
GOSR2,Whole_Blood,DPN,0.9515,0.3413464130548871,2,1
GPI,Whole_Blood,DPN,1.8885,0.0589647049745753,1,1
GPN2,Whole_Blood,DPN,0.9731,0.3304791982757937,2,2
GPN3,Whole_Blood,DPN,-0.1812,0.8562150032297353,1,1
GSK3A,Whole_Blood,DPN,-2.937,0.0033144212942056127,1,1
GSPT1,Whole_Blood,DPN,-17.9964,2.0774252470023907e-72,2,2
GSTO1,Whole_Blood,DPN,1.9473,0.05149812755669338,1,1
GTF2F1,Whole_Blood,DPN,-7.6896,1.4764971663062922e-14,3,3
GTF2F2,Whole_Blood,DPN,4.3937,1.1141641644667668e-05,1,1
GTF3A,Whole_Blood,DPN,2.7477,0.006002333155743649,2,2
GTF3C3,Whole_Blood,DPN,1.0993,0.27162269311931797,1,1
GTF3C6,Whole_Blood,DPN,-1.6573,0.09746291228175435,1,1
GTPBP1,Whole_Blood,DPN,17.2499,1.1204076978803902e-66,1,1
GUK1,Whole_Blood,DPN,1.0012,0.3167470614810839,2,2
H3F3B,Whole_Blood,DPN,-2.4319,0.015019948253284267,2,2
HDLBP,Whole_Blood,DPN,-1.0755,0.2821343308419353,2,2
HERPUD2,Whole_Blood,DPN,-0.0417,0.9667765988349083,2,2
HGS,Whole_Blood,DPN,-24.4639,3.581900354175952e-132,1,1
HINT1,Whole_Blood,DPN,8.6096,7.333116352302505e-18,1,1
HIPK1,Whole_Blood,DPN,-1.2538,0.20993206499311742,3,2
HMGXB3,Whole_Blood,DPN,-1.1476,0.25111879371096096,1,1
HNRNPD,Whole_Blood,DPN,-3.2272,0.0012502049924480692,1,1
HP1BP3,Whole_Blood,DPN,-0.51,0.6100202146651257,1,1
HSBP1,Whole_Blood,DPN,-0.27,0.7871298660915261,1,1
HSF1,Whole_Blood,DPN,-3.3609,0.0007768829868426667,2,1
HTT,Whole_Blood,DPN,1.3021,0.19288959587621127,2,1
ICMT,Whole_Blood,DPN,-5.7756,7.666007546711542e-09,3,3
IER3IP1,Whole_Blood,DPN,-0.3111,0.7557525922727272,2,2
IK,Whole_Blood,DPN,-5.5655,2.613915865631007e-08,2,1
ILKAP,Whole_Blood,DPN,-9.9205,3.3895506911394445e-23,2,2
INTS10,Whole_Blood,DPN,-0.9014,0.3673966164312541,2,2
INTS12,Whole_Blood,DPN,-11.2227,3.1559280412448935e-29,1,1
IPO8,Whole_Blood,DPN,-0.2504,0.8023005057678783,2,2
IPO9,Whole_Blood,DPN,0.8203,0.4120644270029671,2,2
ISCU,Whole_Blood,DPN,-13.6681,1.5743042944339915e-42,3,2
IWS1,Whole_Blood,DPN,-0.6529,0.5138018139588947,3,3
JAK1,Whole_Blood,DPN,-9.8124,9.952688211686066e-23,2,2
JOSD1,Whole_Blood,DPN,-0.2048,0.8377186434987353,2,1
KARS,Whole_Blood,DPN,-4.5248,6.045200745876141e-06,2,2
KAT8,Whole_Blood,DPN,-0.0404,0.9677707270159908,2,2
KBTBD2,Whole_Blood,DPN,-0.3121,0.7549283506389506,2,2
KCMF1,Whole_Blood,DPN,-0.455,0.6490824564546924,1,1
KCTD20,Whole_Blood,DPN,1.3671,0.17158333922371055,1,1
KCTD5,Whole_Blood,DPN,0.6439,0.5196121389038085,2,1
KDELR2,Whole_Blood,DPN,3.4354,0.000591645771059867,2,1
KHSRP,Whole_Blood,DPN,-1.4719,0.14103968548729892,1,1
KPNA1,Whole_Blood,DPN,-18.3867,1.6789370322887488e-75,2,2
KPNA3,Whole_Blood,DPN,-13.9351,3.8744624875701515e-44,1,1
KPNA4,Whole_Blood,DPN,0.1945,0.8457543820514514,1,1
KPNA6,Whole_Blood,DPN,3.4351,0.0005922861249075776,1,1
KXD1,Whole_Blood,DPN,-0.687,0.4921104200179447,2,2
LAMTOR5,Whole_Blood,DPN,-0.3412,0.7329799805753109,2,2
LARP1,Whole_Blood,DPN,-0.445,0.656331878026373,1,1
LARP4B,Whole_Blood,DPN,1.7136,0.08660962022802514,1,1
LARS,Whole_Blood,DPN,-2.2642,0.023563760259480312,1,1
LDB1,Whole_Blood,DPN,1.9139,0.05563753542734947,1,1
LEMD2,Whole_Blood,DPN,4.0338,5.48706189954646e-05,2,2
LENG8,Whole_Blood,DPN,-0.2462,0.8055553253842478,1,1
LMAN1,Whole_Blood,DPN,1.3373,0.1811216620048972,1,1
LMAN2,Whole_Blood,DPN,-1.842,0.06548079184131249,2,2
LMF2,Whole_Blood,DPN,-2.7154,0.006620201293225912,3,3
LONP1,Whole_Blood,DPN,-0.8442,0.3985619511802977,2,1
LRRC41,Whole_Blood,DPN,-1.1878,0.23489337994281298,2,1
LSM12,Whole_Blood,DPN,-16.3283,6.208370583017981e-60,2,1
LSM14A,Whole_Blood,DPN,0.1281,0.8980326122914579,1,1
LSM14B,Whole_Blood,DPN,-1.3852,0.16597794596396062,2,2
LSM4,Whole_Blood,DPN,-1.99,0.04659409970873316,3,3
LUC7L3,Whole_Blood,DPN,0.7071,0.47951353087927995,1,1
MAN1A2,Whole_Blood,DPN,6.0934,1.1053107609476089e-09,1,1
MAP2K2,Whole_Blood,DPN,1.1226,0.2616068853990974,2,2
MAPK1IP1L,Whole_Blood,DPN,-2.1941,0.028226126354002797,2,1
MAPK8IP3,Whole_Blood,DPN,4.27,1.9548898343428024e-05,1,1
MARCH5,Whole_Blood,DPN,0.8165,0.41419071585328304,2,2
MAU2,Whole_Blood,DPN,-5.6321,1.7805993802303644e-08,3,1
MAX,Whole_Blood,DPN,0.6967,0.4859667476187906,2,2
MCMBP,Whole_Blood,DPN,-3.1381,0.0017003140754785833,3,2
MEA1,Whole_Blood,DPN,-1.9917,0.04640555573520624,1,1
MED10,Whole_Blood,DPN,-3.0462,0.002317265798791775,2,2
MED21,Whole_Blood,DPN,-11.4361,2.7617273853764503e-30,2,1
MED25,Whole_Blood,DPN,0.7987,0.4244624573289441,2,2
MED28,Whole_Blood,DPN,-0.1593,0.873430490300617,2,1
MED4,Whole_Blood,DPN,4.8104,1.5063041821628141e-06,2,1
MED9,Whole_Blood,DPN,2.1977,0.027968815380837,1,1
METTL9,Whole_Blood,DPN,0.747,0.4550709306393671,1,1
MFN2,Whole_Blood,DPN,-0.5849,0.5586473152388958,5,2
MFSD14A,Whole_Blood,DPN,4.6846,2.8056806974100777e-06,2,2
MGRN1,Whole_Blood,DPN,0.5311,0.5953743379438055,3,1
MKRN2,Whole_Blood,DPN,-1.8039,0.07124689501271735,3,3
MLEC,Whole_Blood,DPN,-0.7611,0.44658191529466934,1,1
MLF2,Whole_Blood,DPN,2.8277,0.004688371171090858,1,1
MORC2,Whole_Blood,DPN,3.5336,0.0004098684884589166,1,1
MPHOSPH10,Whole_Blood,DPN,0.1079,0.9141012562499153,2,2
MRTO4,Whole_Blood,DPN,0.4536,0.6501459474739008,1,1
MSL1,Whole_Blood,DPN,4.4475,8.68944157507973e-06,2,2
MTCH1,Whole_Blood,DPN,-1.8108,0.07017315462213976,2,1
MTDH,Whole_Blood,DPN,-9.8047,1.0743982050700687e-22,1,1
MTOR,Whole_Blood,DPN,-1.0292,0.30339651476295765,2,2
MTPN,Whole_Blood,DPN,-3.2842,0.0010226353848904956,2,2
MYDGF,Whole_Blood,DPN,0.0823,0.9344166440435262,2,2
NACA,Whole_Blood,DPN,1.4497,0.1471530725770852,2,2
NAP1L1,Whole_Blood,DPN,-0.81,0.4179154196792355,1,1
NAPA,Whole_Blood,DPN,0.5878,0.5566902312177089,1,1
NAPG,Whole_Blood,DPN,-0.9158,0.35974744318016394,2,2
NARS,Whole_Blood,DPN,2.1916,0.028405612120518387,2,2
NAT10,Whole_Blood,DPN,0.5547,0.5791250327899007,1,1
NCBP2,Whole_Blood,DPN,17.1558,5.690150009098911e-66,2,1
NCOA5,Whole_Blood,DPN,2.6177,0.008851347134779803,1,1
NDUFAF2,Whole_Blood,DPN,-2.543,0.010990187432613985,2,2
NDUFB8,Whole_Blood,DPN,-0.7793,0.4357860276304917,1,1
NELFB,Whole_Blood,DPN,-0.888,0.3745652623424868,2,2
NFYB,Whole_Blood,DPN,-7.6155,2.6272636293831436e-14,1,1
NGDN,Whole_Blood,DPN,4.3828,1.1715632743578162e-05,1,1
NMD3,Whole_Blood,DPN,1.0172,0.30905589687475626,1,1
NOP14,Whole_Blood,DPN,1.0698,0.28470588130461977,2,2
NOP9,Whole_Blood,DPN,-0.9793,0.32741174082278934,1,1
NPEPPS,Whole_Blood,DPN,-2.1377,0.03254494427933226,2,2
NPLOC4,Whole_Blood,DPN,0.7704,0.44104922008926967,3,1
NRBP1,Whole_Blood,DPN,-0.6465,0.5179464434241221,2,2
NSA2,Whole_Blood,DPN,1.9356,0.05291695771303097,3,3
NSMCE1,Whole_Blood,DPN,1.1608,0.24571016034499793,2,2
NSMCE4A,Whole_Blood,DPN,-0.6938,0.48780984251694903,1,1
NT5C2,Whole_Blood,DPN,3.2416,0.0011887737548454975,3,3
NUCKS1,Whole_Blood,DPN,-1.2809,0.2002394170238589,1,1
NUDT16L1,Whole_Blood,DPN,5.4578,4.8198177696279287e-08,1,1
NUDT21,Whole_Blood,DPN,7.203,5.891290114978164e-13,2,2
NUDT9,Whole_Blood,DPN,-3.7216,0.00019792968181215294,3,3
NUFIP2,Whole_Blood,DPN,-1.7072,0.08779198667162341,2,2
NUMA1,Whole_Blood,DPN,1.3448,0.1787054968835246,2,2
NUS1,Whole_Blood,DPN,-0.4388,0.6608154655597043,2,2
OS9,Whole_Blood,DPN,2.2475,0.024605259044201327,1,1
OTUB1,Whole_Blood,DPN,1.1728,0.24089041122794144,1,1
P4HB,Whole_Blood,DPN,-1.3716,0.17018360253857953,1,1
PA2G4,Whole_Blood,DPN,2.7833,0.005380165249838457,2,2
PACS1,Whole_Blood,DPN,-1.9073,0.05648064322739817,2,2
PACSIN2,Whole_Blood,DPN,-7.3706,1.6985309323901755e-13,2,1
PAF1,Whole_Blood,DPN,3.866,0.0001106466186030826,2,1
PAFAH1B1,Whole_Blood,DPN,-3.7952,0.0001475263608684613,1,1
PAFAH1B2,Whole_Blood,DPN,-1.5497,0.12122345759051706,2,1
PARK7,Whole_Blood,DPN,3.473,0.0005146098498227372,3,3
PARN,Whole_Blood,DPN,0.5148,0.6067042999132447,1,1
PARP1,Whole_Blood,DPN,5.5692,2.5589622656585254e-08,3,2
PATL1,Whole_Blood,DPN,-0.5317,0.5949665715815751,1,1
PCGF3,Whole_Blood,DPN,5.5766,2.4529944746801312e-08,5,4
PCIF1,Whole_Blood,DPN,-3.1595,0.0015801971749268443,3,3
PCMT1,Whole_Blood,DPN,0.6381,0.5234334343087559,1,1
PCMTD2,Whole_Blood,DPN,1.0888,0.2762339188179704,1,1
PCSK7,Whole_Blood,DPN,-2.2843,0.022355534116651688,1,1
PCYOX1,Whole_Blood,DPN,-3.9363,8.275795808973562e-05,2,2
PDAP1,Whole_Blood,DPN,-3.8862,0.00010181194604841543,2,2
PFDN2,Whole_Blood,DPN,3.6914,0.00022300283878980075,1,1
PGAM5,Whole_Blood,DPN,-6.9234,4.407938834411329e-12,1,1
PGRMC2,Whole_Blood,DPN,5.5437,2.9610074911995877e-08,3,3
PHF12,Whole_Blood,DPN,3.7325,0.00018955726563936416,1,1
PHRF1,Whole_Blood,DPN,-3.1516,0.0016238319867603733,3,2
PIGH,Whole_Blood,DPN,-0.8061,0.42015721926132005,3,3
PIP5K1C,Whole_Blood,DPN,3.2442,0.0011778591715943516,2,2
PMPCA,Whole_Blood,DPN,-4.7799,1.7536038098401e-06,2,1
PNO1,Whole_Blood,DPN,1.3703,0.17058261669526878,1,1
POFUT1,Whole_Blood,DPN,0.812,0.4168159561028785,2,1
POLD2,Whole_Blood,DPN,-71.7042,0.0,2,2
POLE3,Whole_Blood,DPN,0.5927,0.553352660764608,1,1
POLR2C,Whole_Blood,DPN,-16.1786,7.137272094565212e-59,2,1
POLR2J,Whole_Blood,DPN,-0.4663,0.6410274491675908,2,2
POLR2K,Whole_Blood,DPN,0.1813,0.8561193513992946,1,1
POLR3C,Whole_Blood,DPN,0.8742,0.382030174022338,1,1
POP7,Whole_Blood,DPN,2.1205,0.03396706597258148,1,1
PPIB,Whole_Blood,DPN,-0.6606,0.5088440972884141,2,1
PPID,Whole_Blood,DPN,-2.1063,0.03518090037878729,1,1
PPP1CC,Whole_Blood,DPN,2.879,0.003988852602778046,1,1
PPP1R11,Whole_Blood,DPN,-1.6521,0.0985082512782105,1,1
PPP1R37,Whole_Blood,DPN,-0.7917,0.428533681247699,2,1
PPP2CB,Whole_Blood,DPN,14.4912,1.376987362041874e-47,3,3
PPP2R5A,Whole_Blood,DPN,-0.4865,0.6266382081088231,1,1
PPP2R5C,Whole_Blood,DPN,-3.3386,0.000841988680811528,2,2
PPP2R5E,Whole_Blood,DPN,-0.5333,0.5937987457783778,2,2
PPP6C,Whole_Blood,DPN,1.1083,0.2677222680292492,2,2
PPP6R1,Whole_Blood,DPN,-0.0095,0.9923955439481027,1,1
PPP6R2,Whole_Blood,DPN,-3.3866,0.0007075914755353216,2,2
PPT1,Whole_Blood,DPN,-1.7588,0.078603092795909,4,3
PRDM4,Whole_Blood,DPN,-5.3409,9.248603096645896e-08,2,2
PRDX5,Whole_Blood,DPN,0.0451,0.964047789660943,3,3
PREB,Whole_Blood,DPN,8.5656,1.0749960638328207e-17,1,1
PREP,Whole_Blood,DPN,4.9858,6.171724285198556e-07,3,2
PRKAA1,Whole_Blood,DPN,3.2679,0.0010833775084540822,1,1
PRKAR1A,Whole_Blood,DPN,-4.5643,5.011170447318665e-06,2,2
PRKAR2A,Whole_Blood,DPN,-0.3284,0.7426084253140868,1,1
PRKCSH,Whole_Blood,DPN,4.3709,1.2372828550434841e-05,2,2
PRKRA,Whole_Blood,DPN,8.8948,5.851304443795077e-19,1,1
PRPF18,Whole_Blood,DPN,1.5537,0.12025220722363734,1,1
PRPF38A,Whole_Blood,DPN,5.407,6.407446378401959e-08,1,1
PRPSAP1,Whole_Blood,DPN,-0.1852,0.8530958014854085,1,1
PSMA2,Whole_Blood,DPN,-1.7777,0.0754578378620525,2,1
PSMA6,Whole_Blood,DPN,0.6289,0.5294446342444463,2,2
PSMA7,Whole_Blood,DPN,-1.2957,0.19506288448214676,1,1
PSMB1,Whole_Blood,DPN,0.2409,0.8096018671322034,2,2
PSMB2,Whole_Blood,DPN,-5.2457,1.5573179256980186e-07,1,1
PSMB4,Whole_Blood,DPN,-2.7912,0.005251588503826308,1,1
PSMB7,Whole_Blood,DPN,2.1699,0.030011529693613984,2,2
PSMC1,Whole_Blood,DPN,-1.2607,0.20742790371839712,1,1
PSMC3,Whole_Blood,DPN,-1.3386,0.1806909681626138,2,2
PSMC5,Whole_Blood,DPN,-1.1787,0.2385220583700261,1,1
PSMD11,Whole_Blood,DPN,0.7603,0.44710086159375995,1,1
PSMD3,Whole_Blood,DPN,-4.2243,2.3968250449316296e-05,2,2
PSMD4,Whole_Blood,DPN,-2.0747,0.038013500825970346,3,3
PSMD8,Whole_Blood,DPN,-5.3911,7.001268532405762e-08,2,2
PSMG2,Whole_Blood,DPN,13.4745,2.2112407863110855e-41,1,1
PSMG3,Whole_Blood,DPN,0.7985,0.4245888327987947,3,3
PTRH2,Whole_Blood,DPN,3.5536,0.00037996921284975737,2,2
PUM2,Whole_Blood,DPN,3.1507,0.0016285650608286997,2,2
PURB,Whole_Blood,DPN,-0.6033,0.5463252059113689,1,1
PWP1,Whole_Blood,DPN,-3.4788,0.0005035753961320945,3,3
PWP2,Whole_Blood,DPN,-1.5395,0.12368870956317962,3,3
QRICH1,Whole_Blood,DPN,2.8803,0.003973577255748028,2,2
R3HCC1,Whole_Blood,DPN,0.377,0.7061472124435755,2,1
RAB11A,Whole_Blood,DPN,-0.7694,0.4416627459339823,1,1
RAB11B,Whole_Blood,DPN,1.9194,0.05492994728843935,2,1
RAB2A,Whole_Blood,DPN,4.6893,2.7416456730513214e-06,2,1
RAB35,Whole_Blood,DPN,3.558,0.00037367292425298385,1,1
RAB3GAP1,Whole_Blood,DPN,0.2798,0.7795941036152486,1,1
RAB5A,Whole_Blood,DPN,-5.6676,1.4479696913986245e-08,2,1
RAB6A,Whole_Blood,DPN,1.8664,0.06197953737677721,2,2
RABGGTB,Whole_Blood,DPN,2.2976,0.021584095862479096,1,1
RAC1,Whole_Blood,DPN,-1.2111,0.22584662771810643,5,4
RAD21,Whole_Blood,DPN,-0.4479,0.6541953096643202,2,2
RAD23A,Whole_Blood,DPN,-2.5616,0.01041821758264073,1,1
RAD23B,Whole_Blood,DPN,-6.1102,9.948945499138982e-10,3,3
RALA,Whole_Blood,DPN,10.1002,5.5124516383219694e-24,1,1
RALBP1,Whole_Blood,DPN,-0.1019,0.9188163795654534,4,4
RALY,Whole_Blood,DPN,-3.9378,8.223832231221437e-05,1,1
RANBP1,Whole_Blood,DPN,-3.4308,0.0006018099435268192,1,1
RANBP2,Whole_Blood,DPN,-0.1642,0.8695640582429076,2,2
RANBP9,Whole_Blood,DPN,2.3582,0.018362074436791,1,1
RANGAP1,Whole_Blood,DPN,1.6006,0.10946825358047144,2,1
RARS2,Whole_Blood,DPN,0.9222,0.3564273021669799,1,1
RBCK1,Whole_Blood,DPN,1.7313,0.0833903612245018,2,2
RBM25,Whole_Blood,DPN,-4.3774,1.200811525137153e-05,2,1
RBM8A,Whole_Blood,DPN,4.6347,3.5745425610499868e-06,2,1
RBX1,Whole_Blood,DPN,-2.2592,0.02387177898362019,1,1
RER1,Whole_Blood,DPN,-1.4016,0.16104237198898505,2,1
RERE,Whole_Blood,DPN,-1.8478,0.06463421754111565,1,1
RGP1,Whole_Blood,DPN,0.8675,0.38569283083309425,2,2
RHBDD2,Whole_Blood,DPN,-0.4143,0.6786619212733105,1,1
RHEB,Whole_Blood,DPN,-0.8962,0.3701313811376612,1,1
RHOT2,Whole_Blood,DPN,7.7557,8.787105892936838e-15,2,1
RING1,Whole_Blood,DPN,3.4672,0.000525934884480893,1,1
RMND5A,Whole_Blood,DPN,-1.1458,0.25189610613822583,1,1
RNF139,Whole_Blood,DPN,0.7035,0.48175227428498596,2,1
RNF167,Whole_Blood,DPN,-8.3291,8.148750564920289e-17,2,2
RNF168,Whole_Blood,DPN,-3.4564,0.0005473855919996742,2,2
RNF181,Whole_Blood,DPN,-0.8807,0.37848653619969386,2,1
RNF20,Whole_Blood,DPN,-1.7358,0.08259230907175787,1,1
RNPS1,Whole_Blood,DPN,-0.4686,0.639379085578486,1,1
RPA1,Whole_Blood,DPN,-10.4522,1.4322621120958763e-25,2,1
RPA2,Whole_Blood,DPN,0.5044,0.6139934679004313,2,2
RRN3,Whole_Blood,DPN,-0.3455,0.7297052511586117,1,1
RRP36,Whole_Blood,DPN,-68.4274,0.0,2,2
RRP7A,Whole_Blood,DPN,6.8208,9.053406949097361e-12,8,6
RRP9,Whole_Blood,DPN,-2.1672,0.030222606463092924,2,1
RSL24D1,Whole_Blood,DPN,-3.9563,7.611855540052145e-05,4,4
RSRC2,Whole_Blood,DPN,0.3404,0.7335435302947602,1,1
RTF1,Whole_Blood,DPN,1.7681,0.0770417636500863,2,1
RUVBL1,Whole_Blood,DPN,-0.6082,0.5430865070269881,2,2
SAR1A,Whole_Blood,DPN,-1.9719,0.04861982278837246,3,1
SARNP,Whole_Blood,DPN,-0.6527,0.5139186880779267,1,1
SARS,Whole_Blood,DPN,12.2542,1.5957527284837523e-34,2,2
SAV1,Whole_Blood,DPN,1.1425,0.2532393631470134,2,2
SBDS,Whole_Blood,DPN,5.6413,1.6877772580194366e-08,1,1
SCYL2,Whole_Blood,DPN,4.0167,5.9012424503257344e-05,1,1
SDF4,Whole_Blood,DPN,9.7001,3.0127995601086254e-22,2,2
SEC24B,Whole_Blood,DPN,6.6562,2.8104504814312575e-11,1,1
SEC31A,Whole_Blood,DPN,3.4449,0.0005711761193753761,2,1
SENP2,Whole_Blood,DPN,4.6261,3.7252623696722125e-06,1,1
SENP5,Whole_Blood,DPN,-1.8754,0.06073250224358627,1,1
SETD5,Whole_Blood,DPN,-23.1428,1.7189984025305506e-118,1,1
SF1,Whole_Blood,DPN,-3.016,0.0025610769522413793,1,1
SF3B1,Whole_Blood,DPN,-2.8887,0.0038678298039058093,1,1
SF3B2,Whole_Blood,DPN,0.5465,0.584707792133229,1,1
SF3B4,Whole_Blood,DPN,-9.0211,1.861939046859889e-19,1,1
SF3B5,Whole_Blood,DPN,5.4617,4.716020290532936e-08,1,1
SF3B6,Whole_Blood,DPN,-4.5896,4.440744652453784e-06,1,1
SGTA,Whole_Blood,DPN,-0.3243,0.745697424168005,1,1
SH2B1,Whole_Blood,DPN,2.7177,0.006573130718847286,2,1
SHARPIN,Whole_Blood,DPN,-2.6873,0.00720394526724402,1,1
SKP1,Whole_Blood,DPN,-8.8117,1.2323992253595553e-18,2,1
SLU7,Whole_Blood,DPN,-2.1578,0.0309429899072149,1,1
SMAD2,Whole_Blood,DPN,-0.5004,0.6168258463252861,2,2
SMAP1,Whole_Blood,DPN,0.3265,0.7440287737126613,1,1
SMARCB1,Whole_Blood,DPN,-2.7544,0.00588017260978617,1,1
SMDT1,Whole_Blood,DPN,-0.9791,0.3275495636680805,1,1
SMU1,Whole_Blood,DPN,3.9496,7.829216344950255e-05,3,3
SMYD5,Whole_Blood,DPN,-0.1379,0.8902854960097377,2,1
SNAP29,Whole_Blood,DPN,1.2507,0.21102974088920928,2,2
SNAPIN,Whole_Blood,DPN,-0.871,0.38378016496605755,1,1
SND1,Whole_Blood,DPN,1.2606,0.20745177217662347,1,1
SNF8,Whole_Blood,DPN,-0.1931,0.8468961156537715,1,1
SNRNP35,Whole_Blood,DPN,-1.7209,0.08526765001705053,2,2
SNRNP70,Whole_Blood,DPN,1.2635,0.2064247355363784,3,2
SNRPA,Whole_Blood,DPN,-9.5113,1.8833146535358e-21,2,1
SNRPB,Whole_Blood,DPN,-0.6714,0.5019780524678839,1,1
SNX1,Whole_Blood,DPN,-0.7146,0.474843773493241,1,1
SNX19,Whole_Blood,DPN,-2.0363,0.04172095169282709,2,1
SNX27,Whole_Blood,DPN,-1.9764,0.04811499106831034,1,1
SNX3,Whole_Blood,DPN,-0.8781,0.3798719477560182,2,1
SOD1,Whole_Blood,DPN,-9.44,3.7290018599178264e-21,2,2
SP1,Whole_Blood,DPN,0.5779,0.5633454578754841,1,1
SP2,Whole_Blood,DPN,4.6222,3.7976797666026793e-06,1,1
SPAG7,Whole_Blood,DPN,1.0399,0.29839540734774406,2,1
SPAG9,Whole_Blood,DPN,3.4285,0.0006068559128530749,1,1
SPG7,Whole_Blood,DPN,0.5861,0.5578207935213113,1,1
SPPL3,Whole_Blood,DPN,-5.8399,5.223169080339053e-09,2,1
SPTSSA,Whole_Blood,DPN,-0.1247,0.9007555554258286,2,2
SRM,Whole_Blood,DPN,0.4707,0.637830989944286,2,2
SRP14,Whole_Blood,DPN,3.4502,0.0005600923383224998,2,2
SRP9,Whole_Blood,DPN,2.8987,0.0037476609332453142,1,1
SRSF3,Whole_Blood,DPN,-2.7278,0.006375497691494788,1,1
SRSF6,Whole_Blood,DPN,-0.6948,0.48720761575535687,1,1
SSNA1,Whole_Blood,DPN,-1.4683,0.14202186750135684,1,1
SSR3,Whole_Blood,DPN,-0.5239,0.6003416039606323,2,2
SSRP1,Whole_Blood,DPN,-2.1989,0.027888212534507423,1,1
SSU72,Whole_Blood,DPN,-2.2287,0.0258358577146548,1,1
ST13,Whole_Blood,DPN,-1.1743,0.24029400922456334,1,1
STAT3,Whole_Blood,DPN,-0.0999,0.9204626273026708,1,1
STIM1,Whole_Blood,DPN,0.8854,0.37596140349478646,2,2
STK24,Whole_Blood,DPN,5.0168,5.253469617820567e-07,2,2
STK38,Whole_Blood,DPN,7.8368,4.62176119802177e-15,1,1
STRAP,Whole_Blood,DPN,-20.5724,4.846423857572054e-94,2,2
STRN4,Whole_Blood,DPN,1.2878,0.1978317800210885,2,2
STUB1,Whole_Blood,DPN,0.9031,0.3664589716379512,1,1
STX4,Whole_Blood,DPN,-0.6619,0.508044236929644,1,1
STX5,Whole_Blood,DPN,-8.6682,4.391145249548102e-18,1,1
SUGT1,Whole_Blood,DPN,-0.3898,0.6966756376393858,2,2
SUMO1,Whole_Blood,DPN,-0.2024,0.8395915439955586,1,1
SURF4,Whole_Blood,DPN,0.8702,0.38420099624001103,1,1
SYF2,Whole_Blood,DPN,-2.5375,0.011165854588772657,1,1
TAB1,Whole_Blood,DPN,-0.3265,0.7440107172719252,1,1
TADA3,Whole_Blood,DPN,1.043,0.2969635504541927,1,1
TAF10,Whole_Blood,DPN,0.4646,0.6422425760140925,1,1
TARDBP,Whole_Blood,DPN,-2.2773,0.02276555465700599,2,2
TAX1BP1,Whole_Blood,DPN,-0.4407,0.65946501501684,1,1
TBC1D20,Whole_Blood,DPN,0.5559,0.5782655518989024,1,1
TBCA,Whole_Blood,DPN,3.1628,0.0015628611585597556,2,2
TBCB,Whole_Blood,DPN,-0.5919,0.5539005217597163,2,2
TBCD,Whole_Blood,DPN,1.3613,0.17342747430066904,3,3
TBK1,Whole_Blood,DPN,-1.4409,0.1496137743178657,1,1
TBL1XR1,Whole_Blood,DPN,3.3248,0.0008848645656133994,1,1
TCP1,Whole_Blood,DPN,-0.1642,0.8695468096001675,2,2
TEX261,Whole_Blood,DPN,-10.5947,3.1539015777799433e-26,3,2
THOC7,Whole_Blood,DPN,-0.8816,0.37799809394286926,1,1
THRAP3,Whole_Blood,DPN,-7.0344,2.0010835684590966e-12,1,1
TIMM17A,Whole_Blood,DPN,0.131,0.8957903286925667,1,1
TMBIM6,Whole_Blood,DPN,-2.4015,0.01633011056545488,1,1
TMCO1,Whole_Blood,DPN,2.7703,0.0055998984659228835,2,2
TMED1,Whole_Blood,DPN,1.0079,0.3135157579544689,2,1
TMED10,Whole_Blood,DPN,-1.5877,0.1123531452674775,2,1
TMED9,Whole_Blood,DPN,0.7321,0.4641369080215887,4,4
TMEM127,Whole_Blood,DPN,-3.3265,0.000879385789284923,2,2
TMEM147,Whole_Blood,DPN,1.0219,0.3068462349159259,2,2
TMEM165,Whole_Blood,DPN,0.7001,0.4838800501568739,2,1
TMEM203,Whole_Blood,DPN,-1.8813,0.05993372110712521,1,1
TMEM230,Whole_Blood,DPN,-9.1218,7.387034179810167e-20,2,1
TMEM245,Whole_Blood,DPN,1.6425,0.10049165560515366,2,2
TMEM248,Whole_Blood,DPN,-1.9888,0.04672150127645371,1,1
TMEM256,Whole_Blood,DPN,-3.2921,0.0009944450752394048,3,3
TMEM258,Whole_Blood,DPN,-5.3222,1.0251573981998873e-07,2,2
TMEM30A,Whole_Blood,DPN,0.5695,0.56898800237773,2,1
TMEM42,Whole_Blood,DPN,3.0325,0.0024254314761316615,1,1
TMEM50A,Whole_Blood,DPN,0.921,0.35707471291536286,3,1
TMX4,Whole_Blood,DPN,-0.8762,0.38093025051886964,3,3
TNKS2,Whole_Blood,DPN,1.4021,0.16088993727065978,2,2
TOMM20,Whole_Blood,DPN,6.715,1.880343059114274e-11,3,3
TOMM22,Whole_Blood,DPN,-0.2048,0.8377186434987353,1,1
TOR1A,Whole_Blood,DPN,-1.0953,0.27340330369239907,3,1
TOR1B,Whole_Blood,DPN,0.3864,0.6992290299221269,4,4
TPP2,Whole_Blood,DPN,-1.9819,0.04749139996970333,2,1
TRAM1,Whole_Blood,DPN,-0.6883,0.49123547184515587,1,1
TRAPPC3,Whole_Blood,DPN,-1.3986,0.16192364243003407,1,1
TRIM28,Whole_Blood,DPN,0.5832,0.5597600069283472,2,2
TRIP12,Whole_Blood,DPN,0.9717,0.3312143959188394,2,1
TRIP4,Whole_Blood,DPN,-2.2453,0.024745998723050392,2,1
TRMT112,Whole_Blood,DPN,5.4449,5.1827989112379003e-08,1,1
TRPC4AP,Whole_Blood,DPN,-5.0568,4.2624765292927196e-07,3,2
TSPYL1,Whole_Blood,DPN,-0.0067,0.9946702353650878,2,2
TSR3,Whole_Blood,DPN,0.9811,0.3265319387208497,1,1
TTC1,Whole_Blood,DPN,-5.9435,2.7894685435529637e-09,1,1
TTC37,Whole_Blood,DPN,0.3042,0.7609984749312384,2,1
TUBG1,Whole_Blood,DPN,7.0149,2.301533122594956e-12,1,1
TXN2,Whole_Blood,DPN,17.4794,2.057581404353036e-68,2,2
TXNL1,Whole_Blood,DPN,4.1773,2.949258395535424e-05,1,1
U2AF2,Whole_Blood,DPN,-1.0535,0.2920966041677612,1,1
UBE2F,Whole_Blood,DPN,1.8678,0.0617896494914699,3,3
UBE2G1,Whole_Blood,DPN,0.2976,0.7660019251533436,1,1
UBE2I,Whole_Blood,DPN,-2.6779,0.007407783943510947,2,1
UBE2J1,Whole_Blood,DPN,-0.6821,0.49514415837143255,1,1
UBE2Q1,Whole_Blood,DPN,0.0409,0.9674000361140396,2,2
UBE2Z,Whole_Blood,DPN,2.4269,0.015226958259636667,2,2
UBFD1,Whole_Blood,DPN,1.3554,0.17527434136935235,1,1
UBL5,Whole_Blood,DPN,-2.0269,0.042668469811708874,1,1
UBL7,Whole_Blood,DPN,4.865,1.1448457097064068e-06,2,2
UBP1,Whole_Blood,DPN,1.3444,0.17882270993357638,1,1
UBQLN1,Whole_Blood,DPN,-0.3238,0.7460790663545245,2,1
UBR4,Whole_Blood,DPN,1.3544,0.17562425305721974,1,1
UFC1,Whole_Blood,DPN,-4.7039,2.5521029738721362e-06,1,1
UFM1,Whole_Blood,DPN,-1.9116,0.05592658702850853,1,1
UGP2,Whole_Blood,DPN,4.235,2.2859525991026622e-05,3,3
UROD,Whole_Blood,DPN,0.935,0.3497787061477577,1,1
USB1,Whole_Blood,DPN,-3.0012,0.0026891058038865795,3,3
USP14,Whole_Blood,DPN,-0.4899,0.6241927143129452,1,1
USP39,Whole_Blood,DPN,-1.1446,0.2523788437034951,2,2
USP4,Whole_Blood,DPN,-0.5646,0.5723412270993279,1,1
USP48,Whole_Blood,DPN,-8.0968,5.643901877834833e-16,2,2
UTP18,Whole_Blood,DPN,3.0285,0.0024577357411362465,3,3
UTP3,Whole_Blood,DPN,-0.7883,0.43050356122253697,2,1
VDAC1,Whole_Blood,DPN,-3.3506,0.0008064425440359561,2,2
VEZF1,Whole_Blood,DPN,0.243,0.808007015745794,1,1
VPS16,Whole_Blood,DPN,-13.7202,7.688296193689458e-43,5,5
VPS26A,Whole_Blood,DPN,-4.9345,8.037406244695742e-07,1,1
VPS26B,Whole_Blood,DPN,1.3131,0.18915866107660836,2,2
VPS29,Whole_Blood,DPN,0.6941,0.487609931298093,1,1
VPS36,Whole_Blood,DPN,-2.4953,0.012585682291305205,2,2
VPS37C,Whole_Blood,DPN,-0.7666,0.443307369530615,1,1
VPS52,Whole_Blood,DPN,-3.1534,0.0016135967758469918,2,2
VTI1B,Whole_Blood,DPN,-1.1199,0.2627589791948918,1,1
WASL,Whole_Blood,DPN,-1.4634,0.14336577233421585,2,2
WBP4,Whole_Blood,DPN,-11.2995,1.320263084518297e-29,1,1
WDR45B,Whole_Blood,DPN,0.0348,0.9722434664680841,2,2
WDR46,Whole_Blood,DPN,4.2446,2.1897903973301098e-05,3,3
WDR82,Whole_Blood,DPN,-1.7229,0.0848993474104594,2,2
WDR83OS,Whole_Blood,DPN,-10.2367,1.3575759943529908e-24,3,3
WHAMM,Whole_Blood,DPN,0.5529,0.5803582078957485,2,2
WIPI2,Whole_Blood,DPN,-0.6353,0.52520308160098,3,2
YARS,Whole_Blood,DPN,-7.7862,6.9081168199457766e-15,2,1
YIF1A,Whole_Blood,DPN,-0.1429,0.8863936325303987,2,2
YIPF3,Whole_Blood,DPN,1.6059,0.1082943061645194,3,2
YKT6,Whole_Blood,DPN,1.8845,0.0594988894789616,2,1
YME1L1,Whole_Blood,DPN,0.7112,0.4769519772899482,2,1
YWHAB,Whole_Blood,DPN,-0.8871,0.3750456757010411,2,2
YY1,Whole_Blood,DPN,-1.7069,0.08783158226541977,1,1
ZBTB17,Whole_Blood,DPN,0.1533,0.8781861770164396,1,1
ZC3H18,Whole_Blood,DPN,-1.7989,0.07203904712809947,2,2
ZC3H3,Whole_Blood,DPN,-0.4217,0.6732787569947994,2,2
ZDHHC6,Whole_Blood,DPN,-3.8213,0.00013274318406537432,2,2
ZDHHC7,Whole_Blood,DPN,-0.1423,0.8868308161699351,3,3
ZFP91,Whole_Blood,DPN,1.4345,0.1514240847171146,1,1
ZFPL1,Whole_Blood,DPN,-1.6171,0.10585929688754843,1,1
ZMAT2,Whole_Blood,DPN,0.2095,0.8340844748456873,2,2
ZMPSTE24,Whole_Blood,DPN,9.8336,8.065079210641379e-23,2,2
ZNF146,Whole_Blood,DPN,10.512,7.60912601591335e-26,2,1
ZNF330,Whole_Blood,DPN,-0.6531,0.5136844931803024,2,1
ZNF777,Whole_Blood,DPN,1.7853,0.07420752777861643,2,1
ZNF865,Whole_Blood,DPN,-2.6912,0.007118873466599736,1,1
ZRANB1,Whole_Blood,DPN,6.9625,3.3423792915269044e-12,1,1
ZRANB2,Whole_Blood,DPN,-4.7936,1.6381558305710649e-06,2,2
ZYG11B,Whole_Blood,DPN,-0.8583,0.39073834336459573,1,1
